symbol,date,open,high,low,close,volume
AARTIIND,2025-05-21,472.8,477.0,465.0,468.8,851201.0
AARTIIND,2025-05-22,468.9,472.75,464.2,468.85,1196191.0
AARTIIND,2025-05-23,469.0,473.6,465.25,469.3,752133.0
AARTIIND,2025-05-26,470.0,473.35,466.15,468.1,846411.0
AARTIIND,2025-05-27,468.35,481.5,464.0,478.45,1683772.0
AARTIIND,2025-05-28,490.0,495.0,476.05,478.95,4014668.0
AARTIIND,2025-05-29,479.9,482.9,475.45,480.0,1273200.0
AARTIIND,2025-05-30,480.0,483.45,466.9,469.25,917138.0
AARTIIND,2025-06-02,470.0,472.85,463.25,470.65,755485.0
AARTIIND,2025-06-03,472.0,480.0,469.55,470.6,810870.0
AARTIIND,2025-06-04,472.65,483.95,468.3,481.4,1619374.0
AARTIIND,2025-06-05,487.0,490.05,477.45,481.65,1580850.0
AARTIIND,2025-06-06,481.95,483.4,476.1,476.85,525506.0
AARTIIND,2025-06-09,479.75,486.9,478.35,483.65,1434855.0
AARTIIND,2025-06-10,486.0,492.4,480.65,481.9,1983691.0
AARTIIND,2025-06-11,485.0,489.9,473.3,478.2,1259663.0
AARTIIND,2025-06-12,479.75,482.9,468.0,469.85,1028596.0
AARTIIND,2025-06-13,464.0,467.8,457.5,462.1,1251376.0
AARTIIND,2025-06-16,461.95,466.5,449.1,463.05,1493985.0
AARTIIND,2025-06-17,463.15,468.9,454.4,455.6,984471.0
AARTIIND,2025-06-18,455.5,457.6,448.15,450.15,740566.0
AARTIIND,2025-06-19,447.0,454.3,435.0,437.4,1710949.0
AARTIIND,2025-06-20,435.35,443.85,433.35,441.3,1524200.0
AARTIIND,2025-06-23,435.0,446.0,434.1,445.15,714324.0
AARTIIND,2025-06-24,453.95,466.5,452.05,454.2,3669832.0
AARTIIND,2025-06-25,456.45,473.35,455.45,470.6,2343302.0
AARTIIND,2025-06-26,471.5,476.85,470.2,475.9,1516181.0
AARTIIND,2025-06-27,475.0,480.5,473.2,479.15,959660.0
AARTIIND,2025-06-30,480.05,486.0,478.15,479.45,956977.0
AARTIIND,2025-07-01,479.45,485.75,476.4,484.45,1085379.0
AARTIIND,2025-07-02,487.0,487.0,478.25,484.35,729558.0
AARTIIND,2025-07-03,481.1,486.0,478.1,479.45,582680.0
AARTIIND,2025-07-04,482.4,482.7,473.1,476.55,655612.0
AARTIIND,2025-07-07,475.95,478.65,464.8,466.75,519829.0
AARTIIND,2025-07-08,466.65,470.1,455.05,461.15,1084976.0
AARTIIND,2025-07-09,461.15,461.7,456.0,457.75,600314.0
AARTIIND,2025-07-10,458.0,460.75,445.75,448.0,1470832.0
AARTIIND,2025-07-11,448.0,451.2,440.0,441.0,1063711.0
AARTIIND,2025-07-14,439.0,447.9,436.5,443.3,777134.0
AARTIIND,2025-07-15,446.0,454.1,443.95,451.8,1225859.0
AARTIIND,2025-07-16,455.0,459.65,452.1,455.85,987004.0
AARTIIND,2025-07-17,457.6,458.0,454.2,456.3,436951.0
AARTIIND,2025-07-18,456.3,456.95,444.8,446.65,1000844.0
AARTIIND,2025-07-21,447.0,448.2,440.5,441.9,811618.0
AARTIIND,2025-07-22,444.9,444.9,421.6,422.95,3733943.0
AARTIIND,2025-07-23,422.95,429.9,417.5,427.0,1665826.0
AARTIIND,2025-07-24,428.0,436.5,425.0,433.7,1529976.0
AARTIIND,2025-07-25,433.7,434.6,424.35,430.25,1492835.0
AARTIIND,2025-07-28,430.85,433.95,427.5,428.5,878616.0
AARTIIND,2025-07-29,429.0,444.4,428.75,442.1,2116529.0
AARTIIND,2025-07-30,445.6,450.6,441.5,445.5,1672861.0
AARTIIND,2025-07-31,439.95,442.4,416.0,420.05,7184197.0
AARTIIND,2025-08-01,410.0,417.75,404.2,406.35,2793245.0
AARTIIND,2025-08-04,407.65,409.2,388.05,395.1,2620181.0
AARTIIND,2025-08-05,396.0,398.55,382.2,383.6,2095359.0
AARTIIND,2025-08-06,384.9,387.65,377.15,386.1,1679499.0
AARTIIND,2025-08-07,384.0,384.0,374.0,378.45,2154850.0
AARTIIND,2025-08-08,379.0,383.45,373.0,375.1,798438.0
AARTIIND,2025-08-11,375.1,376.7,367.5,374.9,1139835.0
AARTIIND,2025-08-12,376.2,377.65,370.3,372.05,1241922.0
AARTIIND,2025-08-13,374.1,393.25,372.8,382.75,1939707.0
AARTIIND,2025-08-14,384.35,384.6,375.0,376.1,523773.0
AARTIIND,2025-08-18,380.05,386.05,375.3,383.75,726007.0
AARTIIND,2025-08-19,385.6,390.5,382.05,389.45,579613.0
AARTIIND,2025-08-20,390.0,395.75,385.85,393.9,776052.0
AARTIIND,2025-08-21,393.85,393.85,378.95,381.9,820038.0
AARTIIND,2025-08-22,384.0,386.45,381.0,382.3,419905.0
AARTIIND,2025-08-25,382.95,389.5,382.3,388.55,463760.0
AARTIIND,2025-08-26,390.0,391.65,382.45,386.0,964212.0
AARTIIND,2025-08-28,384.1,384.8,375.0,376.95,610538.0
AARTIIND,2025-08-29,377.95,381.9,372.0,376.1,374976.0
AARTIIND,2025-09-01,376.1,379.6,375.3,377.6,329956.0
AARTIIND,2025-09-02,378.55,385.9,377.5,383.05,449899.0
AARTIIND,2025-09-03,385.65,389.0,383.2,385.45,639227.0
AARTIIND,2025-09-04,388.9,388.9,378.9,380.8,482205.0
AARTIIND,2025-09-05,382.1,382.75,375.05,376.55,478146.0
AARTIIND,2025-09-08,377.65,394.2,376.4,389.45,1106620.0
AARTIIND,2025-09-09,389.95,390.85,383.95,388.0,329228.0
AARTIIND,2025-09-10,389.0,396.6,387.05,388.9,638993.0
AARTIIND,2025-09-11,388.9,399.0,388.4,391.75,892452.0
AARTIIND,2025-09-12,393.0,400.1,388.05,389.4,801682.0
AARTIIND,2025-09-15,391.25,393.8,385.65,388.9,637584.0
AARTIIND,2025-09-16,390.0,392.0,387.85,390.6,331823.0
AARTIIND,2025-09-17,391.0,398.7,388.3,390.2,923708.0
AARTIIND,2025-09-18,391.0,392.95,388.05,390.9,393380.0
AARTIIND,2025-09-19,392.3,395.3,390.45,393.2,579074.0
AARTIIND,2025-09-22,394.0,395.25,388.0,389.6,510700.0
AARTIIND,2025-09-23,388.05,391.2,385.0,386.55,437684.0
AARTIIND,2025-09-24,388.0,389.0,381.0,383.35,408562.0
AARTIIND,2025-09-25,383.35,385.7,379.05,380.4,313850.0
AARTIIND,2025-09-26,380.0,380.05,371.5,374.6,501448.0
AARTIIND,2025-09-29,374.65,381.0,370.1,372.85,417374.0
AARTIIND,2025-09-30,372.85,376.2,371.0,374.9,199058.0
AARTIIND,2025-10-01,375.75,380.95,373.5,379.6,279854.0
AARTIIND,2025-10-03,379.6,382.8,379.0,380.6,298752.0
AARTIIND,2025-10-06,380.6,383.05,376.55,377.45,269106.0
AARTIIND,2025-10-07,377.5,380.55,376.0,377.35,309941.0
AARTIIND,2025-10-08,378.7,382.1,373.1,375.25,334224.0
AARTIIND,2025-10-09,375.2,381.95,373.1,380.5,381620.0
AARTIIND,2025-10-10,383.0,383.0,376.55,378.0,352041.0
AARTIIND,2025-10-13,378.05,385.6,377.45,381.8,600197.0
AARTIIND,2025-10-14,382.9,384.3,370.0,375.0,398564.0
AARTIIND,2025-10-15,376.15,376.95,370.0,371.8,499520.0
AARTIIND,2025-10-16,374.1,378.5,372.6,376.55,454463.0
AARTIIND,2025-10-17,376.6,377.5,370.75,374.8,487906.0
AARTIIND,2025-10-20,376.1,376.6,371.8,372.65,302076.0
AARTIIND,2025-10-21,375.0,376.95,372.7,375.1,67762.0
AARTIIND,2025-10-23,378.0,381.4,375.75,379.3,518815.0
AARTIIND,2025-10-24,381.65,385.0,376.5,381.7,374700.0
AARTIIND,2025-10-27,383.0,383.2,378.45,380.45,343034.0
AARTIIND,2025-10-28,382.0,383.0,376.1,377.9,276534.0
AARTIIND,2025-10-29,377.95,388.0,377.95,385.85,568580.0
AARTIIND,2025-10-30,387.0,387.9,380.85,382.8,329093.0
AARTIIND,2025-10-31,384.9,385.0,379.0,379.95,318152.0
AARTIIND,2025-11-03,379.95,392.6,379.5,388.65,792351.0
AARTIIND,2025-11-04,389.15,391.0,383.1,385.1,401749.0
AARTIIND,2025-11-06,385.55,392.0,380.0,390.5,959594.0
AARTIIND,2025-11-07,404.95,419.5,384.1,391.8,19375432.0
AARTIIND,2025-11-10,389.5,399.25,387.15,392.65,1465034.0
AARTIIND,2025-11-11,394.0,394.65,384.8,386.55,831103.0
AARTIIND,2025-11-12,388.5,398.2,387.9,397.1,922213.0
AARTIIND,2025-11-13,397.15,401.8,392.0,393.3,515815.0
AARTIIND,2025-11-14,393.8,394.55,388.75,393.0,345678.0
AARTIIND,2025-11-17,393.0,398.95,392.0,395.3,679377.0
AARTIIND,2025-11-18,394.0,394.65,387.0,389.8,422930.0
AARTIIND,2025-11-19,391.0,391.05,386.7,390.2,333594.0
AARTIIND,2025-11-20,391.0,393.2,386.0,386.85,365324.0
AARTIIND,2025-11-21,386.0,386.85,381.4,384.75,415110.0
AARTIIND,2025-11-24,384.05,385.8,379.25,380.8,414285.0
AARTIIND,2025-11-25,380.7,383.35,378.0,379.75,386120.0
AARTIIND,2025-11-26,380.95,382.0,376.65,377.95,328550.0
AARTIIND,2025-11-27,379.2,382.8,377.4,380.8,316093.0
AARTIIND,2025-11-28,383.0,383.0,378.4,382.3,336980.0
AARTIIND,2025-12-01,384.35,384.35,379.7,380.45,370652.0
AARTIIND,2025-12-02,382.35,382.35,374.5,377.1,341256.0
AARTIIND,2025-12-03,377.5,379.6,369.3,370.05,569843.0
AARTIIND,2025-12-04,372.4,372.4,368.15,369.65,388395.0
AARTIIND,2025-12-05,370.0,371.95,362.0,363.05,511583.0
AARTIIND,2025-12-08,366.05,367.0,350.1,351.15,682596.0
AARTIIND,2025-12-09,351.8,355.15,345.05,349.7,867839.0
AARTIIND,2025-12-10,352.2,363.1,351.15,353.8,881059.0
AARTIIND,2025-12-11,355.9,358.85,351.0,357.0,318695.0
AARTIIND,2025-12-12,359.25,361.8,354.5,356.95,375112.0
AARTIIND,2025-12-15,363.0,382.8,360.65,376.3,10283210.0
AARTIIND,2025-12-16,374.0,375.95,370.6,372.5,597731.0
AARTIIND,2025-12-17,372.5,372.65,364.0,367.55,421635.0
AARTIIND,2025-12-18,366.0,367.3,361.1,364.2,357061.0
AARTIIND,2025-12-19,365.9,371.7,363.45,369.8,417538.0
AARTIIND,2025-12-22,370.2,376.45,369.0,374.95,438482.0
AARTIIND,2025-12-23,375.95,392.7,373.4,383.4,1862889.0
AARTIIND,2025-12-24,384.0,384.75,376.35,379.7,339257.0
AARTIIND,2025-12-26,377.85,382.8,375.55,376.4,283089.0
AARTIIND,2025-12-29,376.0,380.3,372.45,376.6,376839.0
AARTIIND,2025-12-30,373.65,375.9,365.9,368.1,537049.0
AARTIIND,2025-12-31,369.55,375.85,369.5,373.9,410166.0
AARTIIND,2026-01-01,375.8,376.7,369.4,375.7,316338.0
AARTIIND,2026-01-02,375.4,377.9,371.45,376.95,406773.0
AARTIIND,2026-01-05,376.0,379.7,371.15,372.7,318296.0
AARTIIND,2026-01-06,372.7,376.6,368.1,375.05,483658.0
AARTIIND,2026-01-07,374.7,377.0,372.0,375.9,237522.0
AARTIIND,2026-01-08,375.9,376.15,366.85,368.65,374128.0
AARTIIND,2026-01-09,367.45,369.0,360.65,361.65,424559.0
AARTIIND,2026-01-12,361.65,362.05,352.55,357.95,568662.0
AARTIIND,2026-01-13,358.05,365.5,355.8,363.0,664023.0
AARTIIND,2026-01-14,362.0,365.7,360.1,362.0,303834.0
AARTIIND,2026-01-16,362.0,363.75,353.3,354.6,497481.0
AARTIIND,2026-01-19,354.0,355.7,349.35,353.45,362111.0
AARTIIND,2026-01-20,351.5,352.95,343.6,345.75,648340.0
AARTIIND,2026-01-21,342.2,345.75,338.05,340.0,627315.0
AARTIIND,2026-01-22,342.0,348.4,341.2,346.45,461444.0
AARTIIND,2026-01-23,347.8,357.75,345.3,352.8,926961.0
AARTIIND,2026-01-27,352.0,355.2,346.15,350.15,643789.0
AARTIIND,2026-01-28,350.15,357.0,350.15,355.6,510117.0
AARTIIND,2026-01-29,355.6,357.05,349.3,354.95,452707.0
AARTIIND,2026-01-30,355.0,375.75,349.65,371.95,1128755.0
AARTIIND,2026-02-01,371.95,374.55,367.0,370.7,405994.0
AARTIIND,2026-02-02,366.0,375.1,360.85,373.0,733767.0
AARTIIND,2026-02-03,443.0,444.0,412.0,429.7,14490359.0
AARTIIND,2026-02-04,429.7,448.0,426.5,442.9,3803325.0
AARTIIND,2026-02-05,442.9,456.4,439.05,453.6,2812963.0
AARTIIND,2026-02-06,451.2,452.85,437.55,440.95,1339511.0
AARTIIND,2026-02-09,448.9,471.9,443.15,470.4,3345576.0
AARTIIND,2026-02-10,470.9,474.7,463.2,467.8,1469669.0
AARTIIND,2026-02-11,470.0,470.0,459.35,467.15,796989.0
AARTIIND,2026-02-12,466.1,468.0,461.0,465.6,870683.0
AARTIIND,2026-02-13,459.2,460.0,443.1,446.4,739623.0
AARTIIND,2026-02-16,446.4,462.25,445.0,455.25,824674.0
AARTIIND,2026-02-17,451.0,456.95,448.65,454.95,447858.0
AARTIIND,2026-02-18,454.95,468.8,453.6,460.15,691400.0
AARTIIND,2026-02-19,463.5,466.95,451.35,454.45,621000.0
AARTIIND,2026-02-20,451.0,454.35,446.75,450.65,471668.0
AARTIIND,2026-02-23,454.0,457.0,441.2,446.7,536594.0
AARTIIND,2026-02-24,442.35,453.05,437.0,449.8,683693.0
AARTIIND,2026-02-25,451.0,458.35,448.1,456.35,470877.0
AARTIIND,2026-02-26,455.5,457.9,453.2,455.7,401307.0
AARTIIND,2026-02-27,457.5,462.95,445.0,447.15,517682.0
AARTIIND,2026-03-02,416.0,450.25,416.0,432.95,1046432.0
AARTIIND,2026-03-04,422.95,427.7,400.0,412.5,966227.0
AARTIIND,2026-03-05,412.0,423.7,407.85,421.85,1124290.0
AARTIIND,2026-03-06,419.5,423.75,412.0,419.35,661199.0
AARTIIND,2026-03-09,404.65,411.4,399.4,409.25,719433.0
AARTIIND,2026-03-10,413.65,428.35,412.4,427.4,733989.0
AARTIIND,2026-03-11,426.05,431.4,422.15,430.15,847379.0
AARTIIND,2026-03-12,430.0,456.75,420.3,446.2,3142764.0
AARTIIND,2026-03-13,447.95,447.95,419.25,420.75,1148207.0
AARTIIND,2026-03-16,420.95,429.35,412.65,425.15,1349323.0
AARTIIND,2026-03-17,425.15,428.9,416.4,424.95,479552.0
AARTIIND,2026-03-18,424.95,437.65,422.75,432.9,470759.0
AARTIIND,2026-03-19,425.9,425.9,410.35,411.85,427752.0
AARTIIND,2026-03-20,415.2,430.0,413.0,427.35,1189269.0
AARTIIND,2026-03-23,420.95,422.0,401.65,405.15,641070.0
AARTIIND,2026-03-24,411.85,419.6,403.8,418.7,603175.0
AARTIIND,2026-03-25,423.0,435.5,421.05,431.25,849799.0
AARTIIND,2026-03-27,426.25,428.75,412.35,417.4,1270355.0
AARTIIND,2026-03-30,413.5,413.5,397.0,399.05,1152413.0
AARTIIND,2026-04-01,406.15,416.9,405.0,411.4,447997.0
AARTIIND,2026-04-02,404.4,410.6,395.9,408.7,981591.0
AARTIIND,2026-04-06,408.7,411.25,394.6,404.2,1123512.0
AARTIIND,2026-04-07,405.85,409.0,401.0,402.45,403617.0
AARTIIND,2026-04-08,420.0,427.7,412.8,421.7,649290.0
AARTIIND,2026-04-09,421.6,429.7,415.05,421.55,609290.0
AARTIIND,2026-04-10,425.0,432.0,422.25,423.75,723908.0
AARTIIND,2026-04-13,418.0,432.45,410.0,424.3,2312256.0
AARTIIND,2026-04-15,433.0,433.8,420.9,431.7,3859281.0
AARTIIND,2026-04-16,437.0,441.1,429.05,437.9,893351.0
AARTIIND,2026-04-17,438.0,442.5,433.25,440.85,784672.0
AARTIIND,2026-04-20,442.8,448.0,436.1,445.65,1043972.0
AARTIIND,2026-04-21,448.7,455.6,445.05,451.2,777552.0
AARTIIND,2026-04-22,450.1,472.6,448.5,470.4,1546893.0
AARTIIND,2026-04-23,468.0,480.2,463.6,465.9,1134203.0
AARTIIND,2026-04-24,470.3,476.35,458.55,472.75,1186898.0
AARTIIND,2026-04-27,478.0,498.35,477.1,488.75,2652810.0
AARTIIND,2026-04-28,492.7,506.4,488.1,501.7,2532481.0
AARTIIND,2026-04-29,505.0,512.4,499.55,502.35,1281597.0
AARTIIND,2026-04-30,500.0,510.05,495.9,507.5,1493230.0
AARTIIND,2026-05-04,513.0,523.1,509.0,513.1,1790712.0
AARTIIND,2026-05-05,513.05,513.1,475.55,488.0,5630640.0
AARTIIND,2026-05-06,492.2,506.2,482.0,497.85,2449234.0
AARTIIND,2026-05-07,496.75,498.2,484.0,488.15,1279678.0
AARTIIND,2026-05-08,485.0,490.55,484.1,485.45,577067.0
AARTIIND,2026-05-11,482.0,498.0,475.0,487.45,1328699.0
AARTIIND,2026-05-12,487.0,489.3,461.15,468.5,977232.0
AARTIIND,2026-05-13,466.0,476.0,465.6,468.55,558217.0
AARTIIND,2026-05-14,469.05,472.55,458.25,468.0,816432.0
AARTIIND,2026-05-15,468.0,470.0,463.4,466.25,313785.0
AARTIIND,2026-05-18,461.0,463.0,440.6,461.2,1412238.0
AARTIIND,2026-05-19,460.0,471.6,458.0,469.25,432987.0
AARTIIND,2026-05-20,465.0,469.45,460.2,463.35,327354.0
AARTIIND,2026-05-21,465.7,484.8,465.7,482.75,1122452.0
AARTIIND,2026-05-22,482.0,482.05,473.25,476.2,583874.0
AARTIIND,2026-05-25,479.0,487.9,477.9,482.6,418896.0
AARTIIND,2026-05-26,482.35,501.3,480.5,491.0,1151979.0
ABBOTINDIA,2025-05-21,30845.0,31590.0,30745.0,31435.0,22684.0
ABBOTINDIA,2025-05-22,31400.0,31420.0,30750.0,31145.0,7710.0
ABBOTINDIA,2025-05-23,31200.0,31245.0,30750.0,30795.0,4657.0
ABBOTINDIA,2025-05-26,30990.0,31100.0,29940.0,30220.0,8605.0
ABBOTINDIA,2025-05-27,30450.0,30500.0,30205.0,30415.0,3586.0
ABBOTINDIA,2025-05-28,30490.0,30500.0,30000.0,30120.0,4788.0
ABBOTINDIA,2025-05-29,30120.0,30450.0,30050.0,30350.0,3531.0
ABBOTINDIA,2025-05-30,30350.0,30620.0,30130.0,30455.0,3530.0
ABBOTINDIA,2025-06-02,30455.0,30840.0,30110.0,30605.0,9476.0
ABBOTINDIA,2025-06-03,30750.0,31390.0,30500.0,31135.0,11464.0
ABBOTINDIA,2025-06-04,31395.0,31620.0,31045.0,31295.0,13335.0
ABBOTINDIA,2025-06-05,31400.0,31900.0,31290.0,31695.0,25789.0
ABBOTINDIA,2025-06-06,31850.0,32200.0,30950.0,31630.0,16700.0
ABBOTINDIA,2025-06-09,31750.0,31985.0,31490.0,31810.0,4819.0
ABBOTINDIA,2025-06-10,32000.0,32100.0,31550.0,31645.0,3041.0
ABBOTINDIA,2025-06-11,31645.0,31795.0,31540.0,31635.0,2838.0
ABBOTINDIA,2025-06-12,31640.0,31850.0,31400.0,31575.0,9056.0
ABBOTINDIA,2025-06-13,31400.0,31625.0,31100.0,31515.0,5791.0
ABBOTINDIA,2025-06-16,31510.0,31875.0,31415.0,31675.0,3428.0
ABBOTINDIA,2025-06-17,31675.0,31845.0,31325.0,31800.0,14707.0
ABBOTINDIA,2025-06-18,31800.0,32000.0,31500.0,31565.0,3647.0
ABBOTINDIA,2025-06-19,31895.0,32085.0,30800.0,31030.0,8828.0
ABBOTINDIA,2025-06-20,31100.0,31745.0,30610.0,31620.0,9994.0
ABBOTINDIA,2025-06-23,31265.0,31455.0,30880.0,31050.0,6678.0
ABBOTINDIA,2025-06-24,31370.0,31800.0,31100.0,31535.0,9207.0
ABBOTINDIA,2025-06-25,31560.0,31795.0,31365.0,31680.0,5191.0
ABBOTINDIA,2025-06-26,31680.0,33255.0,31605.0,33055.0,30735.0
ABBOTINDIA,2025-06-27,33060.0,37000.0,32955.0,34940.0,53061.0
ABBOTINDIA,2025-06-30,34945.0,35790.0,34140.0,35670.0,25043.0
ABBOTINDIA,2025-07-01,35675.0,35800.0,34455.0,34665.0,15146.0
ABBOTINDIA,2025-07-02,34845.0,35590.0,34310.0,35460.0,13570.0
ABBOTINDIA,2025-07-03,35465.0,35955.0,35100.0,35420.0,13655.0
ABBOTINDIA,2025-07-04,35420.0,35675.0,34660.0,34735.0,9978.0
ABBOTINDIA,2025-07-07,34895.0,35010.0,34300.0,34485.0,6130.0
ABBOTINDIA,2025-07-08,34695.0,34985.0,33780.0,34160.0,7819.0
ABBOTINDIA,2025-07-09,34250.0,34600.0,34000.0,34390.0,10341.0
ABBOTINDIA,2025-07-10,34500.0,34845.0,34125.0,34555.0,4398.0
ABBOTINDIA,2025-07-11,34545.0,34735.0,34310.0,34420.0,3025.0
ABBOTINDIA,2025-07-14,34330.0,34500.0,34190.0,34295.0,2513.0
ABBOTINDIA,2025-07-15,34340.0,34595.0,34100.0,34275.0,4705.0
ABBOTINDIA,2025-07-16,34290.0,34535.0,34005.0,34280.0,3902.0
ABBOTINDIA,2025-07-17,34300.0,34440.0,34085.0,34165.0,4667.0
ABBOTINDIA,2025-07-18,34250.0,34390.0,33910.0,34125.0,4287.0
ABBOTINDIA,2025-07-21,34250.0,34350.0,33940.0,34085.0,2808.0
ABBOTINDIA,2025-07-22,34250.0,34320.0,34060.0,34130.0,4044.0
ABBOTINDIA,2025-07-23,34150.0,34950.0,34035.0,34735.0,7134.0
ABBOTINDIA,2025-07-24,34900.0,35290.0,34420.0,34580.0,6926.0
ABBOTINDIA,2025-07-25,34175.0,34290.0,33545.0,33780.0,5504.0
ABBOTINDIA,2025-07-28,33785.0,33870.0,32565.0,32895.0,6363.0
ABBOTINDIA,2025-07-29,32960.0,34750.0,32865.0,34710.0,14011.0
ABBOTINDIA,2025-07-30,34600.0,35310.0,34215.0,35195.0,8866.0
ABBOTINDIA,2025-07-31,34600.0,35100.0,34315.0,34405.0,6195.0
ABBOTINDIA,2025-08-01,34550.0,34815.0,33205.0,33595.0,7114.0
ABBOTINDIA,2025-08-04,33595.0,34220.0,33235.0,33995.0,5526.0
ABBOTINDIA,2025-08-05,33855.0,34100.0,33200.0,33255.0,7996.0
ABBOTINDIA,2025-08-06,33320.0,33500.0,32415.0,32605.0,8725.0
ABBOTINDIA,2025-08-07,32250.0,32900.0,32250.0,32720.0,4237.0
ABBOTINDIA,2025-08-08,32720.0,32990.0,32600.0,32845.0,3019.0
ABBOTINDIA,2025-08-11,32870.0,33070.0,32645.0,32980.0,3041.0
ABBOTINDIA,2025-08-12,33270.0,33800.0,31910.0,32560.0,12077.0
ABBOTINDIA,2025-08-13,32745.0,34060.0,32320.0,32940.0,18236.0
ABBOTINDIA,2025-08-14,33215.0,33480.0,32615.0,33265.0,6346.0
ABBOTINDIA,2025-08-18,33495.0,33495.0,32530.0,32590.0,7265.0
ABBOTINDIA,2025-08-19,32840.0,33145.0,32605.0,33065.0,4813.0
ABBOTINDIA,2025-08-20,33185.0,33185.0,32405.0,32595.0,9480.0
ABBOTINDIA,2025-08-21,32895.0,32900.0,32525.0,32635.0,3647.0
ABBOTINDIA,2025-08-22,32745.0,32775.0,31750.0,31875.0,6997.0
ABBOTINDIA,2025-08-25,32145.0,32145.0,31470.0,31520.0,6091.0
ABBOTINDIA,2025-08-26,31615.0,32050.0,31175.0,31885.0,10802.0
ABBOTINDIA,2025-08-28,32000.0,32025.0,31355.0,31475.0,8264.0
ABBOTINDIA,2025-08-29,31660.0,31945.0,31315.0,31480.0,4571.0
ABBOTINDIA,2025-09-01,31650.0,32315.0,31500.0,32130.0,6106.0
ABBOTINDIA,2025-09-02,32300.0,32700.0,32025.0,32495.0,6945.0
ABBOTINDIA,2025-09-03,32495.0,32775.0,32155.0,32575.0,5036.0
ABBOTINDIA,2025-09-04,32565.0,32755.0,32000.0,32175.0,4023.0
ABBOTINDIA,2025-09-05,32385.0,32385.0,31030.0,31150.0,19273.0
ABBOTINDIA,2025-09-08,31415.0,31645.0,30900.0,30965.0,10998.0
ABBOTINDIA,2025-09-09,31000.0,31170.0,30540.0,30630.0,6471.0
ABBOTINDIA,2025-09-10,30825.0,31400.0,30555.0,31255.0,20209.0
ABBOTINDIA,2025-09-11,31385.0,31495.0,30875.0,30975.0,13521.0
ABBOTINDIA,2025-09-12,31100.0,31230.0,30815.0,30980.0,6485.0
ABBOTINDIA,2025-09-15,30900.0,31400.0,30810.0,30910.0,5878.0
ABBOTINDIA,2025-09-16,31280.0,31280.0,30710.0,30930.0,9676.0
ABBOTINDIA,2025-09-17,31160.0,31220.0,30815.0,30970.0,12984.0
ABBOTINDIA,2025-09-18,31095.0,31355.0,30840.0,30890.0,8509.0
ABBOTINDIA,2025-09-19,31000.0,31055.0,30130.0,30365.0,12743.0
ABBOTINDIA,2025-09-22,30410.0,30670.0,30150.0,30195.0,14233.0
ABBOTINDIA,2025-09-23,30340.0,30440.0,30100.0,30225.0,5182.0
ABBOTINDIA,2025-09-24,30380.0,30465.0,30090.0,30195.0,5501.0
ABBOTINDIA,2025-09-25,30195.0,30505.0,30025.0,30195.0,10296.0
ABBOTINDIA,2025-09-26,30195.0,30280.0,29150.0,29740.0,19046.0
ABBOTINDIA,2025-09-29,29740.0,30000.0,29520.0,29665.0,7034.0
ABBOTINDIA,2025-09-30,29700.0,29825.0,29060.0,29290.0,9712.0
ABBOTINDIA,2025-10-01,29500.0,30080.0,29400.0,29890.0,6603.0
ABBOTINDIA,2025-10-03,30080.0,30400.0,29830.0,29965.0,11200.0
ABBOTINDIA,2025-10-06,30125.0,30560.0,29900.0,30020.0,5596.0
ABBOTINDIA,2025-10-07,30045.0,30190.0,29740.0,29825.0,3935.0
ABBOTINDIA,2025-10-08,29875.0,30255.0,29735.0,29925.0,4745.0
ABBOTINDIA,2025-10-09,29925.0,30090.0,29610.0,29690.0,4723.0
ABBOTINDIA,2025-10-10,29735.0,30285.0,29575.0,30130.0,5450.0
ABBOTINDIA,2025-10-13,30130.0,30130.0,29890.0,29995.0,4735.0
ABBOTINDIA,2025-10-14,30145.0,30250.0,29805.0,30095.0,5863.0
ABBOTINDIA,2025-10-15,30095.0,30195.0,29700.0,29830.0,5191.0
ABBOTINDIA,2025-10-16,29850.0,29950.0,29670.0,29835.0,7864.0
ABBOTINDIA,2025-10-17,29995.0,29995.0,29665.0,29805.0,2856.0
ABBOTINDIA,2025-10-20,29970.0,30250.0,29600.0,29930.0,4662.0
ABBOTINDIA,2025-10-21,29990.0,30330.0,29875.0,30255.0,1347.0
ABBOTINDIA,2025-10-23,30300.0,30320.0,29870.0,30115.0,5189.0
ABBOTINDIA,2025-10-24,30230.0,30230.0,29805.0,29930.0,3338.0
ABBOTINDIA,2025-10-27,29935.0,29935.0,29655.0,29770.0,8027.0
ABBOTINDIA,2025-10-28,29775.0,30000.0,29700.0,29770.0,4208.0
ABBOTINDIA,2025-10-29,29790.0,29905.0,29610.0,29705.0,3975.0
ABBOTINDIA,2025-10-30,29870.0,29870.0,29525.0,29600.0,5536.0
ABBOTINDIA,2025-10-31,29620.0,29725.0,28900.0,28995.0,11671.0
ABBOTINDIA,2025-11-03,29000.0,29190.0,28785.0,29035.0,9064.0
ABBOTINDIA,2025-11-04,29145.0,29610.0,29080.0,29360.0,7561.0
ABBOTINDIA,2025-11-06,29400.0,30490.0,29260.0,29455.0,55284.0
ABBOTINDIA,2025-11-07,29525.0,29665.0,28720.0,28785.0,9721.0
ABBOTINDIA,2025-11-10,28990.0,29555.0,28725.0,29505.0,7726.0
ABBOTINDIA,2025-11-11,29450.0,29725.0,29310.0,29550.0,4816.0
ABBOTINDIA,2025-11-12,29685.0,29685.0,29210.0,29570.0,4843.0
ABBOTINDIA,2025-11-13,29595.0,29655.0,29285.0,29570.0,4429.0
ABBOTINDIA,2025-11-14,29600.0,29640.0,28600.0,29340.0,9495.0
ABBOTINDIA,2025-11-17,29340.0,29650.0,29180.0,29560.0,8689.0
ABBOTINDIA,2025-11-18,29700.0,29760.0,29470.0,29665.0,5517.0
ABBOTINDIA,2025-11-19,29900.0,29900.0,29445.0,29530.0,10018.0
ABBOTINDIA,2025-11-20,29795.0,29795.0,29340.0,29585.0,5192.0
ABBOTINDIA,2025-11-21,29585.0,29740.0,29215.0,29575.0,4817.0
ABBOTINDIA,2025-11-24,29595.0,29795.0,29380.0,29675.0,5493.0
ABBOTINDIA,2025-11-25,29650.0,30655.0,29370.0,30205.0,7914.0
ABBOTINDIA,2025-11-26,30250.0,30250.0,29950.0,30025.0,3918.0
ABBOTINDIA,2025-11-27,30300.0,30300.0,29390.0,29440.0,8428.0
ABBOTINDIA,2025-11-28,29440.0,30305.0,29250.0,30075.0,7939.0
ABBOTINDIA,2025-12-01,30200.0,30200.0,29620.0,29810.0,8983.0
ABBOTINDIA,2025-12-02,29820.0,30000.0,29130.0,29240.0,8701.0
ABBOTINDIA,2025-12-03,29300.0,29720.0,28820.0,28890.0,11743.0
ABBOTINDIA,2025-12-04,28890.0,29190.0,28770.0,28850.0,6556.0
ABBOTINDIA,2025-12-05,28850.0,29140.0,28660.0,28945.0,8644.0
ABBOTINDIA,2025-12-08,28850.0,28880.0,28410.0,28725.0,12314.0
ABBOTINDIA,2025-12-09,28700.0,28700.0,28020.0,28075.0,12732.0
ABBOTINDIA,2025-12-10,28080.0,28245.0,27770.0,27985.0,11892.0
ABBOTINDIA,2025-12-11,27810.0,28250.0,27810.0,28205.0,3130.0
ABBOTINDIA,2025-12-12,28210.0,28210.0,27950.0,28010.0,5059.0
ABBOTINDIA,2025-12-15,28100.0,28100.0,27815.0,27885.0,4142.0
ABBOTINDIA,2025-12-16,28010.0,28010.0,27770.0,27805.0,2415.0
ABBOTINDIA,2025-12-17,27950.0,27960.0,27540.0,27630.0,2848.0
ABBOTINDIA,2025-12-18,27640.0,28040.0,27430.0,27980.0,3873.0
ABBOTINDIA,2025-12-19,27995.0,28200.0,27870.0,28035.0,3745.0
ABBOTINDIA,2025-12-22,28055.0,28195.0,27775.0,28010.0,4844.0
ABBOTINDIA,2025-12-23,28200.0,28600.0,27885.0,28295.0,6431.0
ABBOTINDIA,2025-12-24,28200.0,28805.0,27950.0,28515.0,22010.0
ABBOTINDIA,2025-12-26,28515.0,28990.0,28425.0,28905.0,3858.0
ABBOTINDIA,2025-12-29,28950.0,28975.0,28290.0,28905.0,20873.0
ABBOTINDIA,2025-12-30,29045.0,29045.0,28225.0,28680.0,21561.0
ABBOTINDIA,2025-12-31,28820.0,29250.0,28600.0,29025.0,5558.0
ABBOTINDIA,2026-01-01,28860.0,28990.0,28405.0,28485.0,3948.0
ABBOTINDIA,2026-01-02,28485.0,28490.0,27955.0,28125.0,10295.0
ABBOTINDIA,2026-01-05,28250.0,28250.0,28030.0,28155.0,3129.0
ABBOTINDIA,2026-01-06,28155.0,28515.0,28100.0,28440.0,8996.0
ABBOTINDIA,2026-01-07,28600.0,28600.0,28140.0,28485.0,5385.0
ABBOTINDIA,2026-01-08,28445.0,28525.0,28155.0,28340.0,2884.0
ABBOTINDIA,2026-01-09,28200.0,28395.0,27785.0,28095.0,11568.0
ABBOTINDIA,2026-01-12,28010.0,28515.0,27770.0,28380.0,5889.0
ABBOTINDIA,2026-01-13,28420.0,28525.0,28000.0,28090.0,3869.0
ABBOTINDIA,2026-01-14,28105.0,28350.0,27850.0,27880.0,4218.0
ABBOTINDIA,2026-01-16,27880.0,28130.0,27650.0,27755.0,3983.0
ABBOTINDIA,2026-01-19,27725.0,28020.0,27600.0,27750.0,3254.0
ABBOTINDIA,2026-01-20,27750.0,27750.0,27140.0,27210.0,4656.0
ABBOTINDIA,2026-01-21,27260.0,27695.0,26930.0,27575.0,3881.0
ABBOTINDIA,2026-01-22,27800.0,27880.0,27540.0,27725.0,2237.0
ABBOTINDIA,2026-01-23,27850.0,28100.0,27555.0,27780.0,3524.0
ABBOTINDIA,2026-01-27,27915.0,27915.0,27230.0,27685.0,4631.0
ABBOTINDIA,2026-01-28,27895.0,27895.0,27515.0,27610.0,3515.0
ABBOTINDIA,2026-01-29,27575.0,27575.0,26580.0,26635.0,14774.0
ABBOTINDIA,2026-01-30,26610.0,27995.0,26430.0,27565.0,17026.0
ABBOTINDIA,2026-02-01,27690.0,27690.0,27060.0,27245.0,1799.0
ABBOTINDIA,2026-02-02,27470.0,27495.0,26940.0,27325.0,6255.0
ABBOTINDIA,2026-02-03,27885.0,27910.0,26800.0,26880.0,10469.0
ABBOTINDIA,2026-02-04,27000.0,27280.0,26815.0,27100.0,7911.0
ABBOTINDIA,2026-02-05,27200.0,27300.0,26865.0,27215.0,3371.0
ABBOTINDIA,2026-02-06,27200.0,27415.0,26915.0,27365.0,4095.0
ABBOTINDIA,2026-02-09,27450.0,27700.0,27305.0,27480.0,10042.0
ABBOTINDIA,2026-02-10,27700.0,27700.0,27235.0,27295.0,10501.0
ABBOTINDIA,2026-02-11,27495.0,27495.0,26820.0,26915.0,9404.0
ABBOTINDIA,2026-02-12,27135.0,27135.0,26550.0,26660.0,14882.0
ABBOTINDIA,2026-02-13,26680.0,26685.0,26300.0,26460.0,6553.0
ABBOTINDIA,2026-02-16,26495.0,26665.0,26240.0,26290.0,4779.0
ABBOTINDIA,2026-02-17,26470.0,26700.0,26210.0,26620.0,8453.0
ABBOTINDIA,2026-02-18,26740.0,26850.0,26435.0,26460.0,7659.0
ABBOTINDIA,2026-02-19,26530.0,26545.0,26335.0,26395.0,4981.0
ABBOTINDIA,2026-02-20,26495.0,26780.0,26250.0,26295.0,7695.0
ABBOTINDIA,2026-02-23,26415.0,26515.0,26240.0,26470.0,4509.0
ABBOTINDIA,2026-02-24,26400.0,26520.0,26215.0,26365.0,1960.0
ABBOTINDIA,2026-02-25,26485.0,26500.0,26100.0,26410.0,5546.0
ABBOTINDIA,2026-02-26,26540.0,26540.0,26265.0,26355.0,1908.0
ABBOTINDIA,2026-02-27,26410.0,26595.0,26075.0,26530.0,7169.0
ABBOTINDIA,2026-03-02,26025.0,26900.0,26000.0,26805.0,12530.0
ABBOTINDIA,2026-03-04,26805.0,27930.0,26505.0,27825.0,25338.0
ABBOTINDIA,2026-03-05,27905.0,28490.0,27520.0,27615.0,18832.0
ABBOTINDIA,2026-03-06,27615.0,27630.0,27160.0,27325.0,6061.0
ABBOTINDIA,2026-03-09,27000.0,27300.0,26735.0,27185.0,6395.0
ABBOTINDIA,2026-03-10,27300.0,27365.0,26705.0,26810.0,9965.0
ABBOTINDIA,2026-03-11,27000.0,27325.0,26650.0,27200.0,9145.0
ABBOTINDIA,2026-03-12,27000.0,27000.0,26530.0,26685.0,6590.0
ABBOTINDIA,2026-03-13,26430.0,27260.0,26290.0,26960.0,7310.0
ABBOTINDIA,2026-03-16,27045.0,27090.0,26605.0,26670.0,9442.0
ABBOTINDIA,2026-03-17,26890.0,26890.0,26290.0,26450.0,5175.0
ABBOTINDIA,2026-03-18,26500.0,26700.0,26275.0,26375.0,8384.0
ABBOTINDIA,2026-03-19,26310.0,27095.0,26000.0,26515.0,9265.0
ABBOTINDIA,2026-03-20,26515.0,26790.0,26400.0,26715.0,5188.0
ABBOTINDIA,2026-03-23,26570.0,26570.0,25420.0,25485.0,15029.0
ABBOTINDIA,2026-03-24,25690.0,27000.0,25350.0,26800.0,14823.0
ABBOTINDIA,2026-03-25,26860.0,27100.0,26290.0,26405.0,9078.0
ABBOTINDIA,2026-03-27,26455.0,26555.0,25865.0,26135.0,9729.0
ABBOTINDIA,2026-03-30,26055.0,26200.0,25720.0,25915.0,23537.0
ABBOTINDIA,2026-04-01,26415.0,26550.0,25990.0,26490.0,6360.0
ABBOTINDIA,2026-04-02,26480.0,26550.0,25990.0,26285.0,4065.0
ABBOTINDIA,2026-04-06,26285.0,26440.0,25865.0,25895.0,8267.0
ABBOTINDIA,2026-04-07,26000.0,26060.0,25600.0,25665.0,5275.0
ABBOTINDIA,2026-04-08,26095.0,26235.0,25795.0,25850.0,9402.0
ABBOTINDIA,2026-04-09,26100.0,26100.0,25720.0,25780.0,10072.0
ABBOTINDIA,2026-04-10,25965.0,25970.0,25620.0,25780.0,9771.0
ABBOTINDIA,2026-04-13,25560.0,25895.0,25310.0,25725.0,6904.0
ABBOTINDIA,2026-04-15,25895.0,26095.0,25755.0,25975.0,15735.0
ABBOTINDIA,2026-04-16,26100.0,26150.0,25750.0,25860.0,6973.0
ABBOTINDIA,2026-04-17,25990.0,25990.0,25550.0,25785.0,15053.0
ABBOTINDIA,2026-04-20,25890.0,25890.0,25500.0,25550.0,14619.0
ABBOTINDIA,2026-04-21,25610.0,25690.0,25340.0,25385.0,12807.0
ABBOTINDIA,2026-04-22,25400.0,25760.0,25380.0,25420.0,42549.0
ABBOTINDIA,2026-04-23,25440.0,25675.0,25350.0,25410.0,10085.0
ABBOTINDIA,2026-04-24,25390.0,25510.0,25150.0,25180.0,7767.0
ABBOTINDIA,2026-04-27,25320.0,25560.0,25180.0,25425.0,50411.0
ABBOTINDIA,2026-04-28,25425.0,25600.0,25200.0,25345.0,8029.0
ABBOTINDIA,2026-04-29,25570.0,25770.0,25405.0,25475.0,7212.0
ABBOTINDIA,2026-04-30,25395.0,25485.0,25250.0,25435.0,4669.0
ABBOTINDIA,2026-05-04,25480.0,25835.0,25365.0,25415.0,13700.0
ABBOTINDIA,2026-05-05,25420.0,25575.0,25175.0,25305.0,9490.0
ABBOTINDIA,2026-05-06,25440.0,26450.0,25430.0,26300.0,17912.0
ABBOTINDIA,2026-05-07,26550.0,27100.0,26430.0,26700.0,27578.0
ABBOTINDIA,2026-05-08,26840.0,26880.0,26550.0,26700.0,11131.0
ABBOTINDIA,2026-05-11,26700.0,27910.0,26335.0,27795.0,39207.0
ABBOTINDIA,2026-05-12,28000.0,28000.0,26685.0,26900.0,18760.0
ABBOTINDIA,2026-05-13,27100.0,27595.0,26920.0,27280.0,15814.0
ABBOTINDIA,2026-05-14,27590.0,27610.0,27270.0,27520.0,9543.0
ABBOTINDIA,2026-05-15,27700.0,28100.0,27505.0,27940.0,11584.0
ABBOTINDIA,2026-05-18,27985.0,28280.0,27530.0,27925.0,12613.0
ABBOTINDIA,2026-05-19,27945.0,28015.0,27685.0,27795.0,5009.0
ABBOTINDIA,2026-05-20,27845.0,27950.0,27320.0,27445.0,5283.0
ABBOTINDIA,2026-05-21,27495.0,27880.0,27495.0,27715.0,6955.0
ABBOTINDIA,2026-05-22,27745.0,27985.0,27185.0,27830.0,8815.0
ABBOTINDIA,2026-05-25,27885.0,27965.0,27400.0,27705.0,11197.0
ABBOTINDIA,2026-05-26,27865.0,27880.0,27500.0,27610.0,14422.0
ABSLAMC,2025-05-21,698.25,720.0,697.0,710.2,858151.0
ABSLAMC,2025-05-22,714.8,721.95,703.9,708.15,392276.0
ABSLAMC,2025-05-23,705.0,723.9,702.9,721.75,134488.0
ABSLAMC,2025-05-26,729.2,734.9,724.0,731.1,302981.0
ABSLAMC,2025-05-27,731.1,734.0,721.5,723.1,154874.0
ABSLAMC,2025-05-28,727.8,738.0,723.6,735.8,139911.0
ABSLAMC,2025-05-29,737.95,741.4,722.3,724.5,122715.0
ABSLAMC,2025-05-30,729.2,759.8,723.55,747.05,534903.0
ABSLAMC,2025-06-02,750.0,759.4,740.95,749.6,192435.0
ABSLAMC,2025-06-03,757.1,763.5,745.5,752.3,505907.0
ABSLAMC,2025-06-04,750.5,764.35,749.9,761.65,445757.0
ABSLAMC,2025-06-05,765.0,765.0,751.0,755.55,335002.0
ABSLAMC,2025-06-06,761.9,797.0,755.75,778.7,476043.0
ABSLAMC,2025-06-09,792.0,822.0,783.25,808.7,584495.0
ABSLAMC,2025-06-10,813.8,818.7,796.0,800.95,339123.0
ABSLAMC,2025-06-11,808.0,808.0,778.15,783.3,433458.0
ABSLAMC,2025-06-12,782.15,805.0,778.0,785.4,249499.0
ABSLAMC,2025-06-13,778.9,780.0,762.9,765.65,211612.0
ABSLAMC,2025-06-16,765.65,777.4,753.0,769.8,160358.0
ABSLAMC,2025-06-17,775.0,776.0,764.2,768.8,166360.0
ABSLAMC,2025-06-18,766.3,774.25,747.95,749.8,197907.0
ABSLAMC,2025-06-19,749.8,757.95,731.0,735.25,285449.0
ABSLAMC,2025-06-20,735.95,758.75,735.95,755.95,143872.0
ABSLAMC,2025-06-23,752.2,758.6,745.9,756.6,83712.0
ABSLAMC,2025-06-24,766.0,774.0,761.5,766.7,239587.0
ABSLAMC,2025-06-25,770.45,781.9,765.0,778.35,391577.0
ABSLAMC,2025-06-26,783.5,788.8,770.0,777.1,149204.0
ABSLAMC,2025-06-27,782.3,785.05,760.15,763.95,392305.0
ABSLAMC,2025-06-30,766.5,815.0,763.95,799.85,1190147.0
ABSLAMC,2025-07-01,801.4,807.45,779.75,790.6,332836.0
ABSLAMC,2025-07-02,793.0,796.6,785.0,793.15,214556.0
ABSLAMC,2025-07-03,796.05,820.9,789.0,817.3,482885.0
ABSLAMC,2025-07-04,821.0,821.8,800.0,803.7,221599.0
ABSLAMC,2025-07-07,804.3,816.5,797.15,812.75,231401.0
ABSLAMC,2025-07-08,815.0,838.45,802.0,812.95,540090.0
ABSLAMC,2025-07-09,815.0,821.5,805.15,817.2,193789.0
ABSLAMC,2025-07-10,819.0,854.9,818.0,850.3,1097172.0
ABSLAMC,2025-07-11,853.95,872.05,840.0,844.3,698871.0
ABSLAMC,2025-07-14,844.95,854.6,838.0,850.05,264256.0
ABSLAMC,2025-07-15,855.5,868.0,852.5,864.65,457974.0
ABSLAMC,2025-07-16,869.0,878.0,861.2,872.35,357343.0
ABSLAMC,2025-07-17,871.95,882.0,858.0,864.15,382665.0
ABSLAMC,2025-07-18,866.0,875.25,861.4,864.35,456088.0
ABSLAMC,2025-07-21,866.0,892.0,860.2,885.8,511034.0
ABSLAMC,2025-07-22,895.0,901.25,880.0,897.4,497043.0
ABSLAMC,2025-07-23,881.85,889.2,869.05,878.35,395557.0
ABSLAMC,2025-07-24,876.45,881.6,864.45,875.55,398552.0
ABSLAMC,2025-07-25,880.0,880.0,849.05,852.1,313110.0
ABSLAMC,2025-07-28,855.0,883.15,854.0,870.2,473635.0
ABSLAMC,2025-07-29,870.2,881.6,855.2,874.2,448093.0
ABSLAMC,2025-07-30,874.2,886.0,872.2,880.15,241863.0
ABSLAMC,2025-07-31,867.4,882.95,850.0,858.2,229589.0
ABSLAMC,2025-08-01,855.0,858.95,831.95,834.6,167256.0
ABSLAMC,2025-08-04,829.0,870.9,827.05,863.75,505183.0
ABSLAMC,2025-08-05,863.8,879.0,851.05,860.3,269920.0
ABSLAMC,2025-08-06,858.5,867.05,838.95,854.75,274569.0
ABSLAMC,2025-08-07,845.1,867.65,843.2,855.05,213730.0
ABSLAMC,2025-08-08,855.05,863.5,845.0,848.85,206595.0
ABSLAMC,2025-08-11,849.15,861.75,845.9,848.15,232934.0
ABSLAMC,2025-08-12,855.5,859.25,845.65,849.7,218153.0
ABSLAMC,2025-08-13,858.0,886.0,855.0,858.55,654733.0
ABSLAMC,2025-08-14,865.7,867.65,841.6,854.55,305374.0
ABSLAMC,2025-08-18,867.5,871.95,852.75,860.65,302091.0
ABSLAMC,2025-08-19,861.65,899.0,858.65,895.8,503996.0
ABSLAMC,2025-08-20,903.9,908.0,882.0,886.2,400609.0
ABSLAMC,2025-08-21,894.3,900.55,881.95,884.85,192861.0
ABSLAMC,2025-08-22,886.15,898.55,875.1,882.2,261962.0
ABSLAMC,2025-08-25,891.3,895.05,869.0,874.55,203152.0
ABSLAMC,2025-08-26,875.0,877.65,840.0,842.75,304426.0
ABSLAMC,2025-08-28,841.95,852.25,831.1,836.6,445927.0
ABSLAMC,2025-08-29,841.45,843.3,830.0,835.1,183256.0
ABSLAMC,2025-09-01,830.0,845.15,825.55,838.1,153248.0
ABSLAMC,2025-09-02,846.8,846.8,821.0,826.3,208122.0
ABSLAMC,2025-09-03,822.25,840.0,822.2,833.5,124831.0
ABSLAMC,2025-09-04,842.0,845.9,823.85,827.35,140168.0
ABSLAMC,2025-09-05,832.8,844.7,825.25,828.15,97752.0
ABSLAMC,2025-09-08,828.55,858.6,827.25,854.9,233703.0
ABSLAMC,2025-09-09,863.85,863.85,843.0,847.65,157913.0
ABSLAMC,2025-09-10,858.0,881.6,856.0,866.55,633819.0
ABSLAMC,2025-09-11,866.55,868.0,852.75,854.9,123222.0
ABSLAMC,2025-09-12,858.2,860.45,845.1,847.15,162574.0
ABSLAMC,2025-09-15,847.9,858.0,837.65,839.35,218077.0
ABSLAMC,2025-09-16,844.8,851.0,833.65,841.25,324084.0
ABSLAMC,2025-09-17,842.0,846.3,812.85,816.5,521005.0
ABSLAMC,2025-09-18,823.65,831.9,816.55,819.35,241328.0
ABSLAMC,2025-09-19,818.0,827.7,817.6,824.9,410174.0
ABSLAMC,2025-09-22,820.0,824.0,810.05,812.1,223196.0
ABSLAMC,2025-09-23,812.1,815.3,802.55,810.75,258695.0
ABSLAMC,2025-09-24,810.0,822.0,806.9,812.1,430155.0
ABSLAMC,2025-09-25,812.5,815.2,799.15,803.5,304660.0
ABSLAMC,2025-09-26,803.5,805.0,775.35,777.5,366055.0
ABSLAMC,2025-09-29,777.5,793.9,771.05,777.15,283003.0
ABSLAMC,2025-09-30,784.35,794.75,777.05,791.5,314516.0
ABSLAMC,2025-10-01,785.0,804.0,784.0,799.7,261896.0
ABSLAMC,2025-10-03,799.7,815.75,798.05,813.85,139799.0
ABSLAMC,2025-10-06,820.0,821.5,811.6,819.8,180367.0
ABSLAMC,2025-10-07,821.95,824.55,817.65,820.75,176424.0
ABSLAMC,2025-10-08,815.0,825.5,812.9,820.75,178547.0
ABSLAMC,2025-10-09,821.5,823.0,802.0,804.1,252765.0
ABSLAMC,2025-10-10,800.0,823.8,800.0,821.4,192194.0
ABSLAMC,2025-10-13,821.4,884.25,817.55,857.95,2413796.0
ABSLAMC,2025-10-14,852.0,865.9,845.8,848.7,365570.0
ABSLAMC,2025-10-15,849.0,867.15,848.0,864.95,177500.0
ABSLAMC,2025-10-16,870.0,872.0,854.85,862.85,190739.0
ABSLAMC,2025-10-17,862.85,874.65,857.1,861.5,169842.0
ABSLAMC,2025-10-20,861.5,874.85,851.2,862.05,204643.0
ABSLAMC,2025-10-21,874.0,874.0,866.7,870.05,65304.0
ABSLAMC,2025-10-23,875.0,878.5,845.0,851.35,218025.0
ABSLAMC,2025-10-24,851.6,856.55,826.4,830.6,447924.0
ABSLAMC,2025-10-27,830.6,838.6,809.0,818.5,415604.0
ABSLAMC,2025-10-28,818.5,823.95,807.3,809.9,230458.0
ABSLAMC,2025-10-29,797.1,797.1,767.2,781.3,622772.0
ABSLAMC,2025-10-30,784.95,784.95,771.2,776.75,225394.0
ABSLAMC,2025-10-31,778.95,781.0,756.0,762.0,241962.0
ABSLAMC,2025-11-03,762.0,769.35,761.1,767.85,109331.0
ABSLAMC,2025-11-04,769.0,787.65,765.15,780.2,178492.0
ABSLAMC,2025-11-06,780.2,784.7,767.2,770.35,154055.0
ABSLAMC,2025-11-07,767.0,767.0,754.0,763.2,103436.0
ABSLAMC,2025-11-10,766.0,768.25,751.0,753.85,108642.0
ABSLAMC,2025-11-11,751.0,755.05,731.1,737.15,197516.0
ABSLAMC,2025-11-12,737.7,742.2,732.0,737.05,224216.0
ABSLAMC,2025-11-13,742.7,757.45,737.3,751.2,222957.0
ABSLAMC,2025-11-14,750.0,751.0,731.15,733.95,175212.0
ABSLAMC,2025-11-17,736.85,751.0,734.3,748.4,139411.0
ABSLAMC,2025-11-18,751.95,753.25,735.1,736.9,134318.0
ABSLAMC,2025-11-19,738.05,745.3,732.6,739.1,96291.0
ABSLAMC,2025-11-20,740.5,751.5,740.1,744.9,196709.0
ABSLAMC,2025-11-21,742.0,747.0,727.6,734.0,213751.0
ABSLAMC,2025-11-24,736.0,738.65,713.75,716.95,563069.0
ABSLAMC,2025-11-25,723.7,730.85,708.0,725.7,186161.0
ABSLAMC,2025-11-26,723.05,732.9,717.45,730.85,146087.0
ABSLAMC,2025-11-27,737.0,741.0,726.05,729.9,116943.0
ABSLAMC,2025-11-28,729.9,737.35,722.0,735.35,87716.0
ABSLAMC,2025-12-01,740.0,741.95,726.05,735.15,128132.0
ABSLAMC,2025-12-02,730.2,735.45,722.15,727.4,129630.0
ABSLAMC,2025-12-03,723.5,726.4,717.2,723.15,117723.0
ABSLAMC,2025-12-04,720.0,730.0,718.1,727.5,114963.0
ABSLAMC,2025-12-05,720.0,728.0,716.0,726.5,149790.0
ABSLAMC,2025-12-08,726.5,732.2,720.0,725.45,362654.0
ABSLAMC,2025-12-09,721.5,736.0,710.3,732.85,162966.0
ABSLAMC,2025-12-10,732.85,736.9,724.2,730.65,131282.0
ABSLAMC,2025-12-11,735.0,744.75,725.95,741.2,87645.0
ABSLAMC,2025-12-12,750.0,753.7,739.75,751.95,177597.0
ABSLAMC,2025-12-15,745.0,758.0,744.05,748.5,346334.0
ABSLAMC,2025-12-16,753.15,772.0,746.2,769.75,206430.0
ABSLAMC,2025-12-17,774.0,777.1,756.45,772.85,707086.0
ABSLAMC,2025-12-18,792.0,801.15,777.5,784.4,1063836.0
ABSLAMC,2025-12-19,795.0,796.0,752.55,760.7,348492.0
ABSLAMC,2025-12-22,760.5,768.95,756.1,762.3,784566.0
ABSLAMC,2025-12-23,766.0,782.95,758.6,775.85,207495.0
ABSLAMC,2025-12-24,780.0,781.55,771.0,773.7,157387.0
ABSLAMC,2025-12-26,774.4,780.0,767.3,770.45,79741.0
ABSLAMC,2025-12-29,764.0,813.0,761.0,792.85,704488.0
ABSLAMC,2025-12-30,787.6,839.0,774.4,828.75,1221458.0
ABSLAMC,2025-12-31,824.55,827.95,803.0,805.25,243295.0
ABSLAMC,2026-01-01,806.9,848.0,802.55,843.4,500274.0
ABSLAMC,2026-01-02,838.15,838.15,816.0,833.6,409168.0
ABSLAMC,2026-01-05,833.6,857.1,833.6,853.65,440901.0
ABSLAMC,2026-01-06,857.1,863.0,847.2,849.95,195312.0
ABSLAMC,2026-01-07,849.85,859.3,841.65,853.7,233699.0
ABSLAMC,2026-01-08,852.0,859.25,813.1,818.65,271117.0
ABSLAMC,2026-01-09,814.5,829.65,800.0,802.5,187494.0
ABSLAMC,2026-01-12,770.05,831.8,770.05,800.75,233390.0
ABSLAMC,2026-01-13,802.95,831.0,802.15,821.05,152178.0
ABSLAMC,2026-01-14,821.25,827.5,804.9,810.4,198061.0
ABSLAMC,2026-01-16,818.4,850.5,811.25,831.95,476619.0
ABSLAMC,2026-01-19,825.0,829.9,815.0,821.6,104851.0
ABSLAMC,2026-01-20,820.0,820.0,782.65,786.65,153808.0
ABSLAMC,2026-01-21,784.0,797.9,773.05,781.95,217204.0
ABSLAMC,2026-01-22,785.0,799.9,767.0,774.25,376808.0
ABSLAMC,2026-01-23,802.0,827.5,774.85,780.5,1306938.0
ABSLAMC,2026-01-27,780.0,794.8,776.85,779.15,152930.0
ABSLAMC,2026-01-28,785.0,788.5,772.35,780.1,98052.0
ABSLAMC,2026-01-29,782.45,784.95,754.0,766.5,435019.0
ABSLAMC,2026-01-30,766.5,773.5,739.6,759.45,488768.0
ABSLAMC,2026-02-01,751.0,769.65,742.15,759.7,118170.0
ABSLAMC,2026-02-02,759.7,779.7,749.0,776.65,724300.0
ABSLAMC,2026-02-03,800.95,819.2,785.0,810.05,344063.0
ABSLAMC,2026-02-04,810.1,828.35,805.5,823.35,188802.0
ABSLAMC,2026-02-05,820.0,820.45,805.9,809.75,61109.0
ABSLAMC,2026-02-06,808.95,818.0,798.55,813.0,144525.0
ABSLAMC,2026-02-09,815.0,825.0,810.2,819.7,97440.0
ABSLAMC,2026-02-10,819.7,840.65,811.4,838.55,397343.0
ABSLAMC,2026-02-11,845.0,870.9,835.85,860.85,672372.0
ABSLAMC,2026-02-12,864.55,876.45,856.0,871.4,578325.0
ABSLAMC,2026-02-13,868.65,878.8,850.2,869.25,342522.0
ABSLAMC,2026-02-16,869.9,885.9,859.4,877.05,230793.0
ABSLAMC,2026-02-17,880.0,891.5,870.3,882.85,208978.0
ABSLAMC,2026-02-18,882.9,914.8,882.4,906.85,750260.0
ABSLAMC,2026-02-19,907.35,918.0,888.0,896.15,515420.0
ABSLAMC,2026-02-20,890.1,921.0,887.55,917.9,826747.0
ABSLAMC,2026-02-23,926.0,934.6,906.1,919.05,527929.0
ABSLAMC,2026-02-24,920.0,934.2,909.2,927.15,431143.0
ABSLAMC,2026-02-25,927.15,933.95,905.4,911.5,255263.0
ABSLAMC,2026-02-26,915.0,932.7,907.0,912.85,401512.0
ABSLAMC,2026-02-27,912.85,917.75,883.5,893.6,209734.0
ABSLAMC,2026-03-02,854.4,886.05,854.4,876.4,384495.0
ABSLAMC,2026-03-04,870.0,875.6,845.0,867.95,301289.0
ABSLAMC,2026-03-05,867.95,901.0,867.95,892.55,676927.0
ABSLAMC,2026-03-06,892.5,926.5,881.0,924.4,449733.0
ABSLAMC,2026-03-09,899.0,909.0,865.25,872.15,237852.0
ABSLAMC,2026-03-10,892.0,1046.55,879.65,975.75,5492707.0
ABSLAMC,2026-03-11,989.95,1022.95,988.0,1010.0,2308297.0
ABSLAMC,2026-03-12,998.0,1006.45,946.6,1000.15,730775.0
ABSLAMC,2026-03-13,990.1,996.0,922.3,932.8,346365.0
ABSLAMC,2026-03-16,941.3,986.0,935.0,952.5,1436167.0
ABSLAMC,2026-03-17,964.1,994.95,942.65,958.2,904502.0
ABSLAMC,2026-03-18,966.0,990.85,958.4,969.45,539416.0
ABSLAMC,2026-03-19,960.0,968.95,931.0,933.45,200816.0
ABSLAMC,2026-03-20,947.4,960.8,938.1,944.65,157330.0
ABSLAMC,2026-03-23,937.9,939.9,882.05,889.25,313955.0
ABSLAMC,2026-03-24,914.0,919.85,889.35,899.7,209537.0
ABSLAMC,2026-03-25,915.0,946.95,897.0,939.8,323399.0
ABSLAMC,2026-03-27,928.0,928.0,888.45,902.95,312475.0
ABSLAMC,2026-03-30,895.0,899.7,867.1,878.3,281184.0
ABSLAMC,2026-04-01,910.0,915.0,891.0,901.4,153583.0
ABSLAMC,2026-04-02,895.0,934.0,872.4,917.15,356975.0
ABSLAMC,2026-04-06,921.8,958.3,906.3,947.1,411948.0
ABSLAMC,2026-04-07,947.1,947.55,927.15,930.15,156213.0
ABSLAMC,2026-04-08,948.15,986.6,946.7,973.8,437020.0
ABSLAMC,2026-04-09,974.0,992.05,962.15,967.75,191497.0
ABSLAMC,2026-04-10,974.9,1010.85,958.95,997.85,663943.0
ABSLAMC,2026-04-13,985.0,1013.3,965.55,1010.2,403135.0
ABSLAMC,2026-04-15,1027.0,1055.0,1014.8,1047.75,573318.0
ABSLAMC,2026-04-16,1057.0,1062.55,1023.0,1049.8,336108.0
ABSLAMC,2026-04-17,1055.1,1073.95,1016.1,1068.25,371333.0
ABSLAMC,2026-04-20,1060.0,1082.25,1050.1,1066.7,502198.0
ABSLAMC,2026-04-21,1072.5,1072.5,1026.5,1037.85,427838.0
ABSLAMC,2026-04-22,1041.6,1050.0,1014.8,1019.95,244857.0
ABSLAMC,2026-04-23,1020.0,1078.0,1011.05,1047.45,1463823.0
ABSLAMC,2026-04-24,1033.6,1099.25,1032.5,1067.65,1770123.0
ABSLAMC,2026-04-27,1071.7,1089.8,1051.0,1065.4,585177.0
ABSLAMC,2026-04-28,1065.0,1084.4,1047.55,1066.3,325358.0
ABSLAMC,2026-04-29,1070.5,1076.0,1015.2,1024.1,809198.0
ABSLAMC,2026-04-30,1019.05,1029.65,999.75,1015.2,237871.0
ABSLAMC,2026-05-04,1009.0,1050.0,996.7,1039.8,312934.0
ABSLAMC,2026-05-05,1038.0,1081.8,1030.0,1064.6,875420.0
ABSLAMC,2026-05-06,1075.0,1075.0,1050.1,1066.7,390001.0
ABSLAMC,2026-05-07,1073.4,1123.5,1063.0,1088.6,681795.0
ABSLAMC,2026-05-08,1088.6,1088.9,1063.9,1072.4,1079673.0
ABSLAMC,2026-05-11,1067.0,1076.6,1044.3,1059.3,390828.0
ABSLAMC,2026-05-12,1059.3,1068.2,1045.1,1055.1,287226.0
ABSLAMC,2026-05-13,1047.6,1076.2,1018.4,1033.8,574725.0
ABSLAMC,2026-05-14,1042.8,1071.8,1026.6,1068.2,379748.0
ABSLAMC,2026-05-15,1068.2,1070.2,1022.3,1030.4,153112.0
ABSLAMC,2026-05-18,1012.1,1017.6,979.1,987.2,462269.0
ABSLAMC,2026-05-19,990.4,1042.0,981.1,1036.9,251387.0
ABSLAMC,2026-05-20,1036.0,1036.8,1001.6,1021.1,202338.0
ABSLAMC,2026-05-21,1030.0,1037.2,1010.2,1021.5,113012.0
ABSLAMC,2026-05-22,1025.7,1027.8,1005.1,1011.7,105597.0
ABSLAMC,2026-05-25,1012.2,1047.1,1005.0,1016.2,406460.0
ABSLAMC,2026-05-26,1015.1,1027.9,997.1,1003.4,234004.0
ADANIPORTS,2025-05-21,1380.0,1391.0,1370.2,1384.6,1993690.0
ADANIPORTS,2025-05-22,1380.1,1408.0,1358.6,1371.4,3186493.0
ADANIPORTS,2025-05-23,1383.1,1398.5,1375.0,1395.4,1715309.0
ADANIPORTS,2025-05-26,1395.8,1410.6,1394.8,1400.2,1024835.0
ADANIPORTS,2025-05-27,1397.0,1419.0,1385.4,1404.2,2571237.0
ADANIPORTS,2025-05-28,1405.0,1427.8,1403.0,1411.0,2035398.0
ADANIPORTS,2025-05-29,1421.0,1441.0,1410.5,1438.6,1662886.0
ADANIPORTS,2025-05-30,1442.0,1457.5,1428.8,1432.8,2575127.0
ADANIPORTS,2025-06-02,1432.8,1482.0,1425.3,1468.0,3164701.0
ADANIPORTS,2025-06-03,1470.0,1472.0,1426.7,1432.3,3677200.0
ADANIPORTS,2025-06-04,1432.3,1441.1,1423.1,1436.2,1446972.0
ADANIPORTS,2025-06-05,1443.8,1467.7,1438.0,1456.7,2019939.0
ADANIPORTS,2025-06-06,1456.7,1478.9,1453.7,1471.7,1269864.0
ADANIPORTS,2025-06-09,1482.0,1484.0,1463.1,1467.1,1493331.0
ADANIPORTS,2025-06-10,1472.0,1494.0,1469.8,1473.8,2125187.0
ADANIPORTS,2025-06-11,1473.8,1476.0,1448.8,1456.4,2192673.0
ADANIPORTS,2025-06-12,1459.8,1465.6,1440.1,1445.8,2192452.0
ADANIPORTS,2025-06-13,1405.0,1423.8,1397.1,1405.0,3380550.0
ADANIPORTS,2025-06-16,1389.0,1411.2,1375.0,1400.6,2823300.0
ADANIPORTS,2025-06-17,1400.5,1414.8,1384.0,1392.3,1571621.0
ADANIPORTS,2025-06-18,1387.0,1395.2,1365.2,1372.6,1732093.0
ADANIPORTS,2025-06-19,1370.5,1372.6,1331.6,1338.0,2950283.0
ADANIPORTS,2025-06-20,1338.0,1356.7,1334.6,1349.3,4541583.0
ADANIPORTS,2025-06-23,1341.0,1364.9,1335.7,1354.8,3921155.0
ADANIPORTS,2025-06-24,1395.1,1418.7,1385.1,1389.5,7635176.0
ADANIPORTS,2025-06-25,1399.7,1404.0,1385.5,1393.1,1915989.0
ADANIPORTS,2025-06-26,1399.0,1433.0,1395.2,1429.3,2877806.0
ADANIPORTS,2025-06-27,1434.9,1456.8,1427.0,1440.2,2888390.0
ADANIPORTS,2025-06-30,1440.8,1453.5,1432.7,1450.2,1586196.0
ADANIPORTS,2025-07-01,1450.3,1459.8,1442.0,1447.0,2134736.0
ADANIPORTS,2025-07-02,1458.0,1458.0,1440.0,1443.9,1219600.0
ADANIPORTS,2025-07-03,1444.0,1451.1,1426.7,1431.1,978007.0
ADANIPORTS,2025-07-04,1432.0,1439.9,1416.6,1424.4,608462.0
ADANIPORTS,2025-07-07,1424.4,1437.8,1417.0,1435.6,764520.0
ADANIPORTS,2025-07-08,1438.0,1449.9,1430.0,1448.5,824935.0
ADANIPORTS,2025-07-09,1448.4,1455.8,1438.3,1443.0,1008636.0
ADANIPORTS,2025-07-10,1444.0,1450.2,1437.2,1443.1,1035509.0
ADANIPORTS,2025-07-11,1444.0,1453.9,1428.3,1431.7,819864.0
ADANIPORTS,2025-07-14,1431.7,1431.7,1431.7,1431.7,198609.0
ADANIPORTS,2025-07-14,1432.0,1446.5,1426.1,1433.0,718442.0
ADANIPORTS,2025-07-15,1434.4,1449.3,1429.0,1445.1,735108.0
ADANIPORTS,2025-07-16,1447.5,1474.0,1442.9,1456.7,2488981.0
ADANIPORTS,2025-07-17,1455.0,1464.0,1448.9,1452.5,1168071.0
ADANIPORTS,2025-07-18,1452.4,1456.5,1429.1,1443.1,1147990.0
ADANIPORTS,2025-07-21,1442.1,1453.1,1430.0,1450.5,815780.0
ADANIPORTS,2025-07-22,1454.5,1454.5,1417.1,1420.7,976668.0
ADANIPORTS,2025-07-23,1430.0,1438.5,1419.0,1420.8,740816.0
ADANIPORTS,2025-07-24,1423.2,1426.0,1405.0,1411.6,598011.0
ADANIPORTS,2025-07-25,1411.7,1416.7,1390.0,1396.3,744410.0
ADANIPORTS,2025-07-28,1396.3,1404.1,1373.5,1376.0,790020.0
ADANIPORTS,2025-07-29,1376.0,1398.7,1373.6,1395.9,782760.0
ADANIPORTS,2025-07-30,1398.8,1403.1,1391.5,1394.0,627316.0
ADANIPORTS,2025-07-31,1382.1,1395.8,1370.3,1373.1,1412892.0
ADANIPORTS,2025-08-01,1371.0,1375.9,1342.8,1347.1,1239941.0
ADANIPORTS,2025-08-04,1349.8,1397.0,1345.2,1388.9,1368323.0
ADANIPORTS,2025-08-05,1392.0,1394.2,1346.0,1358.1,3000067.0
ADANIPORTS,2025-08-06,1374.0,1386.9,1358.1,1367.1,2293293.0
ADANIPORTS,2025-08-07,1351.0,1357.9,1315.0,1345.4,2857406.0
ADANIPORTS,2025-08-08,1345.4,1356.9,1317.7,1325.0,1561061.0
ADANIPORTS,2025-08-11,1325.0,1348.3,1313.7,1339.4,2053173.0
ADANIPORTS,2025-08-12,1342.0,1349.6,1328.2,1330.5,1260241.0
ADANIPORTS,2025-08-13,1335.2,1339.3,1316.6,1319.6,1205658.0
ADANIPORTS,2025-08-14,1324.8,1329.0,1290.5,1300.3,2298528.0
ADANIPORTS,2025-08-18,1321.9,1332.0,1295.0,1327.2,10225114.0
ADANIPORTS,2025-08-19,1332.0,1371.7,1325.0,1369.4,3150673.0
ADANIPORTS,2025-08-20,1369.4,1374.6,1358.0,1370.6,1594619.0
ADANIPORTS,2025-08-21,1371.1,1377.8,1355.3,1361.8,1227167.0
ADANIPORTS,2025-08-22,1364.0,1364.0,1338.2,1341.2,1210284.0
ADANIPORTS,2025-08-25,1341.3,1348.9,1332.5,1340.4,1214246.0
ADANIPORTS,2025-08-26,1335.2,1339.9,1310.0,1315.4,1652272.0
ADANIPORTS,2025-08-28,1316.9,1338.8,1311.2,1315.4,1785681.0
ADANIPORTS,2025-08-29,1318.0,1322.9,1303.0,1312.8,1592903.0
ADANIPORTS,2025-09-01,1318.3,1338.5,1316.1,1335.3,983914.0
ADANIPORTS,2025-09-02,1340.9,1348.8,1328.2,1336.2,1495993.0
ADANIPORTS,2025-09-03,1338.0,1344.8,1327.6,1332.4,1774676.0
ADANIPORTS,2025-09-04,1338.0,1348.0,1326.0,1328.2,1350147.0
ADANIPORTS,2025-09-05,1330.0,1335.7,1312.8,1321.8,1135666.0
ADANIPORTS,2025-09-08,1321.9,1363.4,1321.9,1348.3,1445628.0
ADANIPORTS,2025-09-09,1354.7,1385.0,1348.3,1380.9,3515252.0
ADANIPORTS,2025-09-10,1400.0,1404.9,1385.0,1389.1,2553605.0
ADANIPORTS,2025-09-11,1404.9,1423.1,1388.0,1393.1,4041646.0
ADANIPORTS,2025-09-12,1395.5,1406.5,1391.1,1393.1,1466190.0
ADANIPORTS,2025-09-15,1393.1,1409.0,1392.2,1395.2,1254831.0
ADANIPORTS,2025-09-16,1400.0,1412.6,1396.6,1408.2,1636246.0
ADANIPORTS,2025-09-17,1410.0,1413.1,1396.2,1406.1,1062568.0
ADANIPORTS,2025-09-18,1410.0,1415.0,1401.0,1412.8,1416920.0
ADANIPORTS,2025-09-19,1447.8,1460.0,1425.0,1427.8,8069167.0
ADANIPORTS,2025-09-22,1433.0,1461.7,1425.0,1444.2,5490489.0
ADANIPORTS,2025-09-23,1453.0,1455.0,1423.1,1441.6,2550337.0
ADANIPORTS,2025-09-24,1445.0,1452.4,1429.1,1431.6,2603193.0
ADANIPORTS,2025-09-25,1431.7,1439.9,1404.1,1407.2,1970560.0
ADANIPORTS,2025-09-26,1407.2,1416.7,1390.3,1392.0,1899079.0
ADANIPORTS,2025-09-29,1393.6,1401.3,1377.6,1383.2,1978395.0
ADANIPORTS,2025-09-30,1389.7,1408.0,1387.2,1403.5,1999250.0
ADANIPORTS,2025-10-01,1406.0,1426.9,1392.7,1422.7,1602493.0
ADANIPORTS,2025-10-03,1413.0,1431.0,1412.5,1419.1,1576970.0
ADANIPORTS,2025-10-06,1419.1,1419.1,1395.0,1400.5,1338654.0
ADANIPORTS,2025-10-07,1400.8,1415.0,1397.3,1399.5,1608151.0
ADANIPORTS,2025-10-08,1399.4,1411.1,1386.0,1394.3,1704405.0
ADANIPORTS,2025-10-09,1394.5,1399.8,1388.4,1395.6,1250770.0
ADANIPORTS,2025-10-10,1400.5,1418.0,1395.7,1409.4,1359246.0
ADANIPORTS,2025-10-13,1400.8,1441.9,1396.0,1437.8,2245061.0
ADANIPORTS,2025-10-14,1440.0,1442.2,1422.0,1429.0,2640234.0
ADANIPORTS,2025-10-15,1430.0,1456.3,1430.0,1450.7,2675240.0
ADANIPORTS,2025-10-16,1454.0,1490.5,1453.0,1479.5,6512312.0
ADANIPORTS,2025-10-17,1479.5,1489.0,1462.5,1479.4,3290072.0
ADANIPORTS,2025-10-20,1488.0,1489.0,1459.1,1467.0,2660484.0
ADANIPORTS,2025-10-21,1477.0,1481.5,1470.0,1473.5,394024.0
ADANIPORTS,2025-10-23,1478.8,1483.5,1450.3,1453.1,2999137.0
ADANIPORTS,2025-10-24,1463.0,1463.5,1422.3,1429.0,1907383.0
ADANIPORTS,2025-10-27,1429.0,1429.8,1410.0,1420.6,2280976.0
ADANIPORTS,2025-10-28,1425.9,1435.0,1410.0,1417.9,2068057.0
ADANIPORTS,2025-10-29,1424.1,1464.8,1421.6,1454.8,3578596.0
ADANIPORTS,2025-10-30,1458.0,1463.0,1449.6,1457.9,1380931.0
ADANIPORTS,2025-10-31,1457.9,1461.7,1443.0,1451.5,1141853.0
ADANIPORTS,2025-11-03,1451.5,1457.4,1435.3,1444.7,1059573.0
ADANIPORTS,2025-11-04,1449.6,1466.3,1432.0,1444.4,3554714.0
ADANIPORTS,2025-11-06,1452.1,1466.3,1434.3,1436.8,2745063.0
ADANIPORTS,2025-11-07,1435.0,1464.0,1425.0,1448.3,2184538.0
ADANIPORTS,2025-11-10,1452.2,1463.9,1441.0,1444.9,1161695.0
ADANIPORTS,2025-11-11,1453.0,1476.0,1437.8,1474.4,2258827.0
ADANIPORTS,2025-11-12,1477.0,1515.0,1475.5,1506.9,4641466.0
ADANIPORTS,2025-11-13,1515.0,1515.0,1487.8,1499.0,2304918.0
ADANIPORTS,2025-11-14,1500.0,1523.6,1497.0,1512.7,2345593.0
ADANIPORTS,2025-11-17,1518.9,1519.0,1503.0,1507.6,1750560.0
ADANIPORTS,2025-11-18,1518.9,1518.9,1490.2,1495.0,1818617.0
ADANIPORTS,2025-11-18,1507.6,1507.6,1507.6,1507.6,7317197.0
ADANIPORTS,2025-11-19,1499.0,1499.5,1478.0,1484.2,1746304.0
ADANIPORTS,2025-11-20,1500.0,1505.0,1487.6,1491.1,1459401.0
ADANIPORTS,2025-11-21,1492.0,1492.3,1467.1,1479.8,1165365.0
ADANIPORTS,2025-11-24,1482.0,1490.2,1471.3,1485.9,2485518.0
ADANIPORTS,2025-11-25,1490.0,1492.4,1474.5,1483.9,1355333.0
ADANIPORTS,2025-11-26,1484.3,1523.0,1484.3,1506.2,3986754.0
ADANIPORTS,2025-11-27,1511.8,1513.9,1501.0,1509.1,861910.0
ADANIPORTS,2025-11-28,1510.0,1534.3,1503.1,1516.9,2612938.0
ADANIPORTS,2025-12-01,1530.0,1549.0,1523.0,1530.5,4059126.0
ADANIPORTS,2025-12-02,1528.1,1530.0,1510.0,1518.1,1974536.0
ADANIPORTS,2025-12-03,1514.0,1524.0,1488.6,1497.7,1958074.0
ADANIPORTS,2025-12-04,1497.7,1509.1,1490.2,1505.6,1591805.0
ADANIPORTS,2025-12-05,1504.6,1514.0,1493.3,1509.4,1141428.0
ADANIPORTS,2025-12-08,1509.4,1510.9,1472.6,1480.5,1070689.0
ADANIPORTS,2025-12-09,1476.9,1499.2,1460.9,1497.2,1327921.0
ADANIPORTS,2025-12-10,1500.0,1521.0,1493.6,1498.1,1677388.0
ADANIPORTS,2025-12-11,1496.0,1515.0,1495.0,1504.0,1451645.0
ADANIPORTS,2025-12-12,1512.0,1527.4,1509.5,1522.8,1152570.0
ADANIPORTS,2025-12-15,1522.8,1522.8,1508.1,1512.6,850425.0
ADANIPORTS,2025-12-16,1512.6,1512.6,1494.2,1499.0,1122212.0
ADANIPORTS,2025-12-17,1494.1,1500.0,1479.3,1486.3,964352.0
ADANIPORTS,2025-12-18,1486.4,1498.0,1476.0,1495.7,683681.0
ADANIPORTS,2025-12-19,1495.0,1503.7,1490.7,1496.4,1276175.0
ADANIPORTS,2025-12-22,1497.5,1515.0,1497.5,1508.7,1116833.0
ADANIPORTS,2025-12-23,1508.7,1513.8,1491.2,1493.6,928446.0
ADANIPORTS,2025-12-24,1503.0,1507.2,1492.0,1494.3,1318023.0
ADANIPORTS,2025-12-26,1499.6,1501.4,1485.0,1487.1,876540.0
ADANIPORTS,2025-12-29,1487.1,1487.1,1451.0,1454.4,1568472.0
ADANIPORTS,2025-12-30,1450.0,1470.5,1447.3,1461.2,3463973.0
ADANIPORTS,2025-12-31,1468.5,1475.0,1461.3,1469.8,707055.0
ADANIPORTS,2026-01-01,1472.8,1490.9,1470.4,1481.1,981252.0
ADANIPORTS,2026-01-02,1480.1,1495.0,1478.3,1489.5,1251176.0
ADANIPORTS,2026-01-05,1488.0,1496.8,1479.1,1493.0,790039.0
ADANIPORTS,2026-01-06,1490.0,1493.0,1470.7,1473.2,1675609.0
ADANIPORTS,2026-01-07,1473.2,1480.4,1459.0,1465.3,2124534.0
ADANIPORTS,2026-01-08,1468.0,1489.0,1460.3,1465.2,1974347.0
ADANIPORTS,2026-01-09,1463.0,1463.0,1431.0,1435.9,2280396.0
ADANIPORTS,2026-01-12,1435.9,1447.1,1403.9,1443.5,1539180.0
ADANIPORTS,2026-01-13,1443.5,1449.0,1420.0,1428.6,919873.0
ADANIPORTS,2026-01-14,1429.0,1438.9,1423.0,1430.0,1278819.0
ADANIPORTS,2026-01-16,1430.0,1448.0,1416.1,1421.9,1556318.0
ADANIPORTS,2026-01-19,1421.0,1421.0,1395.6,1403.0,1130162.0
ADANIPORTS,2026-01-20,1409.0,1412.9,1359.6,1367.6,1799611.0
ADANIPORTS,2026-01-21,1371.7,1390.4,1345.0,1378.6,2141532.0
ADANIPORTS,2026-01-22,1400.0,1421.7,1388.5,1414.2,1689638.0
ADANIPORTS,2026-01-23,1417.0,1417.0,1292.0,1308.4,6380222.0
ADANIPORTS,2026-01-27,1334.3,1368.3,1322.0,1363.9,3838632.0
ADANIPORTS,2026-01-28,1373.9,1384.3,1363.7,1381.9,2938285.0
ADANIPORTS,2026-01-29,1384.9,1429.0,1371.6,1417.8,3918681.0
ADANIPORTS,2026-01-30,1417.8,1428.5,1407.0,1419.8,2227414.0
ADANIPORTS,2026-02-01,1419.8,1453.9,1325.0,1344.9,1975061.0
ADANIPORTS,2026-02-02,1348.0,1406.0,1348.0,1403.1,2796673.0
ADANIPORTS,2026-02-03,1477.2,1537.0,1477.2,1530.8,11977119.0
ADANIPORTS,2026-02-04,1529.9,1572.3,1508.5,1567.9,6632728.0
ADANIPORTS,2026-02-05,1568.0,1577.7,1548.6,1570.2,3285127.0
ADANIPORTS,2026-02-06,1563.0,1575.5,1527.0,1550.7,4429173.0
ADANIPORTS,2026-02-09,1575.9,1583.9,1554.5,1561.7,1761025.0
ADANIPORTS,2026-02-10,1565.0,1568.0,1525.0,1554.7,1643366.0
ADANIPORTS,2026-02-11,1554.7,1559.4,1539.2,1553.4,1359416.0
ADANIPORTS,2026-02-12,1542.1,1551.0,1532.5,1543.7,1107584.0
ADANIPORTS,2026-02-13,1543.0,1543.0,1507.0,1519.0,1838361.0
ADANIPORTS,2026-02-16,1517.5,1545.5,1495.3,1540.1,1644108.0
ADANIPORTS,2026-02-17,1545.0,1576.5,1535.7,1566.3,3168457.0
ADANIPORTS,2026-02-18,1565.0,1565.0,1540.0,1550.8,1326139.0
ADANIPORTS,2026-02-19,1550.0,1550.8,1506.7,1513.3,984392.0
ADANIPORTS,2026-02-20,1513.3,1529.2,1505.2,1511.5,1126987.0
ADANIPORTS,2026-02-23,1511.0,1564.5,1510.8,1555.8,3113728.0
ADANIPORTS,2026-02-24,1553.7,1564.0,1536.4,1555.4,1360612.0
ADANIPORTS,2026-02-25,1567.0,1584.0,1518.5,1528.7,2153982.0
ADANIPORTS,2026-02-26,1537.6,1554.6,1526.0,1550.6,1353287.0
ADANIPORTS,2026-02-27,1545.0,1545.1,1516.2,1521.0,1596106.0
ADANIPORTS,2026-03-02,1462.0,1497.3,1430.0,1470.3,4207514.0
ADANIPORTS,2026-03-04,1435.0,1450.5,1409.0,1434.4,3386838.0
ADANIPORTS,2026-03-05,1447.2,1505.5,1447.2,1499.3,3236481.0
ADANIPORTS,2026-03-06,1489.0,1497.8,1470.0,1477.5,2576061.0
ADANIPORTS,2026-03-09,1405.0,1436.1,1405.0,1421.3,4874245.0
ADANIPORTS,2026-03-10,1450.0,1470.3,1416.5,1424.1,2706284.0
ADANIPORTS,2026-03-11,1425.0,1454.9,1405.7,1410.8,2212011.0
ADANIPORTS,2026-03-12,1402.5,1418.6,1375.3,1391.5,2699173.0
ADANIPORTS,2026-03-13,1388.7,1390.0,1354.0,1363.2,2688559.0
ADANIPORTS,2026-03-16,1356.6,1383.1,1347.0,1373.9,3322087.0
ADANIPORTS,2026-03-17,1379.0,1379.0,1351.2,1365.5,2605905.0
ADANIPORTS,2026-03-18,1367.1,1411.1,1367.1,1401.9,1956685.0
ADANIPORTS,2026-03-19,1377.0,1379.6,1350.5,1356.0,2160622.0
ADANIPORTS,2026-03-20,1364.9,1393.5,1358.0,1365.4,4213342.0
ADANIPORTS,2026-03-23,1350.0,1350.0,1293.5,1303.6,3361416.0
ADANIPORTS,2026-03-24,1343.0,1361.0,1313.6,1344.2,3132212.0
ADANIPORTS,2026-03-25,1359.7,1392.7,1354.8,1375.9,1856531.0
ADANIPORTS,2026-03-27,1375.0,1375.0,1330.1,1337.8,2667313.0
ADANIPORTS,2026-03-30,1325.0,1337.3,1307.1,1312.6,2856500.0
ADANIPORTS,2026-04-01,1351.2,1405.4,1348.7,1385.4,3684039.0
ADANIPORTS,2026-04-02,1354.4,1384.2,1332.6,1377.6,3210456.0
ADANIPORTS,2026-04-06,1379.8,1391.8,1348.1,1387.1,2519628.0
ADANIPORTS,2026-04-07,1375.0,1390.0,1368.4,1381.0,1812944.0
ADANIPORTS,2026-04-08,1464.9,1505.7,1449.0,1453.3,7636467.0
ADANIPORTS,2026-04-09,1437.0,1456.2,1415.2,1447.4,3159307.0
ADANIPORTS,2026-04-10,1442.0,1478.1,1438.3,1475.3,4026881.0
ADANIPORTS,2026-04-13,1426.8,1477.9,1421.0,1465.3,3629785.0
ADANIPORTS,2026-04-15,1484.3,1515.0,1480.9,1511.8,4415637.0
ADANIPORTS,2026-04-16,1524.9,1555.8,1510.0,1549.8,7476052.0
ADANIPORTS,2026-04-17,1559.0,1578.5,1549.2,1573.4,6024587.0
ADANIPORTS,2026-04-20,1572.4,1600.5,1566.1,1578.4,2998603.0
ADANIPORTS,2026-04-21,1578.5,1611.9,1578.4,1594.1,4276868.0
ADANIPORTS,2026-04-22,1588.9,1603.4,1582.0,1588.6,1918773.0
ADANIPORTS,2026-04-23,1575.0,1611.0,1566.2,1602.9,2406876.0
ADANIPORTS,2026-04-24,1612.0,1618.8,1556.5,1585.1,2290223.0
ADANIPORTS,2026-04-27,1600.0,1649.9,1593.0,1628.5,3787783.0
ADANIPORTS,2026-04-28,1628.4,1648.0,1624.5,1637.6,2500914.0
ADANIPORTS,2026-04-29,1645.0,1672.0,1644.9,1661.1,2345365.0
ADANIPORTS,2026-04-30,1650.0,1677.0,1596.8,1657.3,6313698.0
ADANIPORTS,2026-05-04,1702.0,1748.6,1687.3,1742.6,7171346.0
ADANIPORTS,2026-05-05,1749.8,1757.4,1718.7,1725.0,4357699.0
ADANIPORTS,2026-05-06,1750.0,1762.4,1718.6,1748.3,3001204.0
ADANIPORTS,2026-05-07,1748.3,1755.9,1708.0,1732.8,3280485.0
ADANIPORTS,2026-05-08,1740.4,1792.0,1727.7,1760.4,4984856.0
ADANIPORTS,2026-05-11,1757.1,1785.6,1733.1,1767.3,4111229.0
ADANIPORTS,2026-05-12,1752.0,1765.9,1683.2,1688.2,3441070.0
ADANIPORTS,2026-05-13,1688.2,1752.3,1688.0,1737.8,3018421.0
ADANIPORTS,2026-05-14,1761.0,1782.5,1745.4,1773.4,3051398.0
ADANIPORTS,2026-05-15,1796.8,1823.9,1766.2,1795.1,5622212.0
ADANIPORTS,2026-05-18,1785.5,1793.0,1745.0,1787.7,2562978.0
ADANIPORTS,2026-05-19,1790.8,1805.0,1758.8,1762.8,2274987.0
ADANIPORTS,2026-05-20,1749.0,1777.8,1744.3,1772.6,1283223.0
ADANIPORTS,2026-05-21,1781.4,1800.8,1776.8,1793.3,1628329.0
ADANIPORTS,2026-05-22,1793.3,1802.3,1780.5,1786.9,1487044.0
ADANIPORTS,2026-05-25,1809.0,1813.3,1793.0,1802.9,1516143.0
ADANIPORTS,2026-05-26,1805.0,1820.5,1800.0,1811.2,2104926.0
AMBUJACEM,2025-05-21,562.1,570.4,561.0,567.8,1295557.0
AMBUJACEM,2025-05-22,567.45,569.25,561.6,567.75,1559623.0
AMBUJACEM,2025-05-23,567.75,576.0,566.25,570.9,1332383.0
AMBUJACEM,2025-05-26,571.35,576.35,564.4,567.15,1001361.0
AMBUJACEM,2025-05-27,567.15,568.9,558.8,562.7,1515100.0
AMBUJACEM,2025-05-28,562.7,567.0,558.65,561.65,1014166.0
AMBUJACEM,2025-05-29,561.95,563.8,555.7,561.45,1409636.0
AMBUJACEM,2025-05-30,561.45,563.25,551.3,553.5,2313117.0
AMBUJACEM,2025-06-02,553.55,559.55,549.15,555.55,1040982.0
AMBUJACEM,2025-06-03,553.8,557.5,548.1,552.4,1762430.0
AMBUJACEM,2025-06-04,550.6,554.8,547.5,552.45,3448423.0
AMBUJACEM,2025-06-05,552.5,556.5,549.0,550.15,1079232.0
AMBUJACEM,2025-06-06,551.25,557.2,549.3,555.15,2821698.0
AMBUJACEM,2025-06-09,563.0,563.0,554.15,560.0,3268930.0
AMBUJACEM,2025-06-10,564.0,566.5,558.5,561.1,3239799.0
AMBUJACEM,2025-06-11,562.55,567.0,556.5,561.25,2553077.0
AMBUJACEM,2025-06-12,563.0,563.6,545.1,548.35,1837409.0
AMBUJACEM,2025-06-13,541.0,546.7,536.05,542.5,1348657.0
AMBUJACEM,2025-06-16,543.95,552.9,537.3,550.15,1253497.0
AMBUJACEM,2025-06-17,551.0,556.6,546.8,550.9,1406479.0
AMBUJACEM,2025-06-18,552.65,553.15,543.7,545.05,568472.0
AMBUJACEM,2025-06-19,545.05,546.45,531.0,532.8,1961693.0
AMBUJACEM,2025-06-20,532.75,535.65,528.45,533.45,2656096.0
AMBUJACEM,2025-06-23,530.0,539.5,528.45,535.55,1012046.0
AMBUJACEM,2025-06-24,539.0,562.8,539.0,554.2,5719088.0
AMBUJACEM,2025-06-25,556.9,560.7,551.3,559.4,2448107.0
AMBUJACEM,2025-06-26,562.0,569.4,558.95,566.75,3048051.0
AMBUJACEM,2025-06-27,569.5,579.75,565.1,574.95,3563465.0
AMBUJACEM,2025-06-30,575.05,579.05,572.2,577.45,2003633.0
AMBUJACEM,2025-07-01,582.0,587.8,578.6,580.25,2877528.0
AMBUJACEM,2025-07-02,582.0,597.6,581.55,594.2,3821770.0
AMBUJACEM,2025-07-03,596.45,597.2,585.35,588.75,1598094.0
AMBUJACEM,2025-07-04,588.75,601.75,588.75,595.75,2859715.0
AMBUJACEM,2025-07-07,596.0,596.85,585.3,592.0,2012247.0
AMBUJACEM,2025-07-08,591.8,592.95,580.0,591.55,2642997.0
AMBUJACEM,2025-07-09,591.0,595.95,589.0,590.35,1963293.0
AMBUJACEM,2025-07-10,594.0,594.85,580.1,585.4,3219282.0
AMBUJACEM,2025-07-11,585.1,591.9,583.25,587.15,1938933.0
AMBUJACEM,2025-07-14,586.75,591.4,584.5,590.15,1926899.0
AMBUJACEM,2025-07-15,591.65,594.8,588.35,593.1,1498073.0
AMBUJACEM,2025-07-16,593.0,597.25,586.05,595.5,1804740.0
AMBUJACEM,2025-07-17,595.4,595.85,589.5,594.6,1461633.0
AMBUJACEM,2025-07-18,595.0,599.75,591.0,596.7,2212885.0
AMBUJACEM,2025-07-21,599.35,614.9,597.15,613.25,4226198.0
AMBUJACEM,2025-07-22,615.0,624.95,613.8,620.55,5876411.0
AMBUJACEM,2025-07-23,623.0,623.7,613.5,620.4,1165692.0
AMBUJACEM,2025-07-24,620.4,623.35,616.0,620.4,1389419.0
AMBUJACEM,2025-07-25,617.4,619.0,609.0,613.1,2413503.0
AMBUJACEM,2025-07-28,611.9,619.95,606.2,611.05,1834138.0
AMBUJACEM,2025-07-29,610.0,612.4,602.65,610.05,3278602.0
AMBUJACEM,2025-07-30,612.95,620.75,609.0,617.85,2616022.0
AMBUJACEM,2025-07-31,613.0,624.8,589.9,592.7,5782494.0
AMBUJACEM,2025-08-01,594.85,615.35,588.75,607.95,4599912.0
AMBUJACEM,2025-08-04,609.75,615.0,603.7,605.25,1664433.0
AMBUJACEM,2025-08-05,606.0,607.95,598.7,602.7,795422.0
AMBUJACEM,2025-08-06,605.0,606.85,588.15,589.9,1895039.0
AMBUJACEM,2025-08-07,588.0,594.15,580.2,592.35,1936155.0
AMBUJACEM,2025-08-08,592.0,595.85,578.0,580.0,1252179.0
AMBUJACEM,2025-08-11,580.15,591.3,580.05,588.85,839347.0
AMBUJACEM,2025-08-12,591.65,591.65,585.55,587.15,1053756.0
AMBUJACEM,2025-08-13,587.5,589.25,574.25,580.85,2109517.0
AMBUJACEM,2025-08-14,580.85,584.5,571.55,578.05,1974038.0
AMBUJACEM,2025-08-18,595.0,605.45,589.2,590.05,4190190.0
AMBUJACEM,2025-08-19,593.0,595.55,587.3,592.4,1898159.0
AMBUJACEM,2025-08-20,593.45,594.1,589.25,591.9,1086467.0
AMBUJACEM,2025-08-21,593.25,593.3,585.05,588.75,1540533.0
AMBUJACEM,2025-08-22,588.8,590.0,576.0,577.15,1671189.0
AMBUJACEM,2025-08-25,581.0,582.0,577.85,581.0,1458400.0
AMBUJACEM,2025-08-26,580.0,581.0,571.75,572.8,1527366.0
AMBUJACEM,2025-08-28,569.55,569.95,559.6,561.8,1815158.0
AMBUJACEM,2025-08-29,563.0,569.2,560.0,563.2,1166207.0
AMBUJACEM,2025-09-01,565.2,569.9,563.45,567.1,1366250.0
AMBUJACEM,2025-09-02,568.1,573.0,564.3,567.25,801958.0
AMBUJACEM,2025-09-03,570.0,576.95,569.05,573.75,2203149.0
AMBUJACEM,2025-09-04,590.0,596.3,566.05,567.7,6090485.0
AMBUJACEM,2025-09-05,572.0,572.7,562.5,566.7,923506.0
AMBUJACEM,2025-09-08,570.0,577.35,565.05,570.3,938525.0
AMBUJACEM,2025-09-09,573.0,576.0,566.5,567.6,1107979.0
AMBUJACEM,2025-09-10,570.0,572.6,566.4,566.85,1629387.0
AMBUJACEM,2025-09-11,566.8,566.8,549.0,560.4,39018032.0
AMBUJACEM,2025-09-12,563.1,568.0,559.8,560.55,3773680.0
AMBUJACEM,2025-09-15,562.65,571.5,561.0,568.75,1812617.0
AMBUJACEM,2025-09-16,575.75,578.45,570.5,573.65,2635252.0
AMBUJACEM,2025-09-17,577.85,583.5,575.7,582.05,5524985.0
AMBUJACEM,2025-09-18,583.9,584.25,576.5,581.0,2063929.0
AMBUJACEM,2025-09-19,588.0,588.5,578.2,582.45,3482230.0
AMBUJACEM,2025-09-22,585.0,600.8,581.2,590.3,4982920.0
AMBUJACEM,2025-09-23,591.95,594.65,579.15,591.6,2989117.0
AMBUJACEM,2025-09-24,589.0,598.35,581.65,582.65,2053504.0
AMBUJACEM,2025-09-25,585.0,588.8,577.8,579.4,1932523.0
AMBUJACEM,2025-09-26,580.75,581.8,564.05,565.2,1858418.0
AMBUJACEM,2025-09-29,570.8,571.45,561.2,562.15,1344417.0
AMBUJACEM,2025-09-30,562.75,573.2,562.75,569.95,1873402.0
AMBUJACEM,2025-10-01,572.0,574.4,565.5,571.1,1195512.0
AMBUJACEM,2025-10-03,573.9,579.95,570.3,576.15,2062648.0
AMBUJACEM,2025-10-06,576.15,577.8,571.0,573.8,898456.0
AMBUJACEM,2025-10-07,573.0,575.9,568.1,569.95,1122712.0
AMBUJACEM,2025-10-08,569.95,571.7,556.3,566.3,1866324.0
AMBUJACEM,2025-10-09,566.4,569.15,562.05,565.9,816362.0
AMBUJACEM,2025-10-10,565.8,573.0,564.5,569.25,891468.0
AMBUJACEM,2025-10-13,565.2,567.95,563.0,566.75,1134328.0
AMBUJACEM,2025-10-14,567.9,568.1,557.55,563.6,975792.0
AMBUJACEM,2025-10-15,563.35,569.0,563.35,567.0,1377329.0
AMBUJACEM,2025-10-16,569.5,573.45,566.55,569.7,1111183.0
AMBUJACEM,2025-10-17,569.7,569.7,562.3,563.6,931716.0
AMBUJACEM,2025-10-20,570.0,570.0,560.6,565.5,950800.0
AMBUJACEM,2025-10-21,569.0,569.2,565.7,567.5,166817.0
AMBUJACEM,2025-10-23,570.4,574.5,563.0,564.35,2700038.0
AMBUJACEM,2025-10-24,565.0,566.6,552.85,555.0,1704636.0
AMBUJACEM,2025-10-27,557.1,561.9,552.25,560.25,2124784.0
AMBUJACEM,2025-10-28,563.0,563.25,553.0,554.9,1487028.0
AMBUJACEM,2025-10-29,555.0,575.0,555.0,571.75,3787089.0
AMBUJACEM,2025-10-30,574.0,574.25,565.0,567.9,928349.0
AMBUJACEM,2025-10-31,567.9,571.25,563.25,565.4,1161448.0
AMBUJACEM,2025-11-03,568.35,582.75,566.7,577.2,6022756.0
AMBUJACEM,2025-11-04,582.8,588.75,565.9,567.4,4438364.0
AMBUJACEM,2025-11-06,567.55,569.35,557.1,558.4,1388630.0
AMBUJACEM,2025-11-07,558.5,563.95,550.55,558.8,1593499.0
AMBUJACEM,2025-11-10,558.95,563.0,555.05,556.1,916236.0
AMBUJACEM,2025-11-11,558.0,561.1,552.15,557.55,1177397.0
AMBUJACEM,2025-11-12,560.0,570.05,557.15,562.55,1748539.0
AMBUJACEM,2025-11-13,564.5,566.2,558.5,559.35,685786.0
AMBUJACEM,2025-11-14,562.5,564.8,558.7,563.2,1082167.0
AMBUJACEM,2025-11-17,564.7,565.4,559.25,560.3,618154.0
AMBUJACEM,2025-11-18,568.0,568.0,556.75,557.8,904843.0
AMBUJACEM,2025-11-19,557.4,561.0,554.5,555.3,847533.0
AMBUJACEM,2025-11-20,562.0,562.0,555.0,555.75,1248817.0
AMBUJACEM,2025-11-21,555.75,556.05,545.0,547.55,1961101.0
AMBUJACEM,2025-11-24,548.85,549.5,542.05,544.6,2247682.0
AMBUJACEM,2025-11-25,547.1,548.35,543.6,545.85,693469.0
AMBUJACEM,2025-11-26,546.5,552.0,544.55,550.0,948636.0
AMBUJACEM,2025-11-27,552.45,553.3,547.0,548.7,481061.0
AMBUJACEM,2025-11-28,549.3,551.85,546.15,550.2,602009.0
AMBUJACEM,2025-12-01,551.4,551.8,542.9,543.35,766104.0
AMBUJACEM,2025-12-02,544.95,547.0,541.0,543.0,1754719.0
AMBUJACEM,2025-12-03,546.9,546.9,533.65,535.35,2219149.0
AMBUJACEM,2025-12-04,535.6,543.5,527.6,536.9,2474836.0
AMBUJACEM,2025-12-05,536.9,537.5,531.8,533.8,1243514.0
AMBUJACEM,2025-12-08,534.7,540.55,526.55,528.95,1893815.0
AMBUJACEM,2025-12-09,528.1,534.5,523.4,533.05,2139922.0
AMBUJACEM,2025-12-10,533.05,536.5,528.65,529.7,904955.0
AMBUJACEM,2025-12-11,529.65,537.35,525.45,536.1,2781951.0
AMBUJACEM,2025-12-12,536.9,549.95,536.9,548.15,2488693.0
AMBUJACEM,2025-12-15,547.75,556.3,542.95,553.45,1239318.0
AMBUJACEM,2025-12-16,553.0,554.8,544.2,548.7,1901877.0
AMBUJACEM,2025-12-17,547.0,549.9,539.5,541.3,518141.0
AMBUJACEM,2025-12-18,540.0,542.3,534.65,535.8,834090.0
AMBUJACEM,2025-12-19,538.0,540.9,535.1,539.65,836741.0
AMBUJACEM,2025-12-22,542.0,545.2,538.65,539.95,872083.0
AMBUJACEM,2025-12-23,563.0,563.5,544.25,546.9,9559898.0
AMBUJACEM,2025-12-24,550.0,553.4,547.6,548.1,2136787.0
AMBUJACEM,2025-12-26,549.9,555.0,548.2,554.65,1919198.0
AMBUJACEM,2025-12-29,556.9,556.9,549.65,552.1,1228806.0
AMBUJACEM,2025-12-30,553.9,553.9,548.95,550.0,2305901.0
AMBUJACEM,2025-12-31,551.9,556.9,550.05,556.35,1063795.0
AMBUJACEM,2026-01-01,556.9,561.0,555.1,559.65,1568506.0
AMBUJACEM,2026-01-02,560.0,566.5,558.15,565.4,1371653.0
AMBUJACEM,2026-01-05,568.7,573.1,567.05,571.25,2369536.0
AMBUJACEM,2026-01-06,572.0,572.0,561.35,563.55,1015560.0
AMBUJACEM,2026-01-07,563.95,565.8,560.65,562.0,3920663.0
AMBUJACEM,2026-01-08,562.0,562.0,545.15,546.7,1330617.0
AMBUJACEM,2026-01-09,546.7,548.5,535.65,536.95,1242111.0
AMBUJACEM,2026-01-12,536.95,540.2,528.6,538.7,2484225.0
AMBUJACEM,2026-01-13,540.0,545.2,533.55,537.65,1093928.0
AMBUJACEM,2026-01-14,537.65,551.35,533.5,549.55,1736723.0
AMBUJACEM,2026-01-16,551.5,558.45,545.7,553.75,2077235.0
AMBUJACEM,2026-01-19,551.3,555.4,546.95,552.15,1523060.0
AMBUJACEM,2026-01-20,552.15,554.35,534.9,536.3,1184287.0
AMBUJACEM,2026-01-21,534.0,545.0,531.2,538.65,1735277.0
AMBUJACEM,2026-01-22,543.8,548.5,541.15,546.6,1903090.0
AMBUJACEM,2026-01-23,546.65,548.5,511.1,518.6,6489381.0
AMBUJACEM,2026-01-27,526.65,535.9,524.05,532.25,2374373.0
AMBUJACEM,2026-01-28,533.95,539.1,531.05,533.95,1738702.0
AMBUJACEM,2026-01-29,535.0,538.35,528.8,536.05,2837060.0
AMBUJACEM,2026-01-30,536.05,536.05,507.9,510.15,6130082.0
AMBUJACEM,2026-02-01,511.0,521.55,495.45,497.35,2066980.0
AMBUJACEM,2026-02-02,499.85,513.45,493.35,510.5,2967802.0
AMBUJACEM,2026-02-03,533.0,540.5,519.5,528.25,3149032.0
AMBUJACEM,2026-02-04,530.9,538.0,522.55,536.95,977308.0
AMBUJACEM,2026-02-05,536.0,536.95,528.2,533.05,1363472.0
AMBUJACEM,2026-02-06,530.0,531.55,524.0,529.45,554714.0
AMBUJACEM,2026-02-09,533.85,544.85,530.35,542.45,1236310.0
AMBUJACEM,2026-02-10,547.0,547.0,533.0,538.5,1575847.0
AMBUJACEM,2026-02-11,540.8,542.25,535.0,541.25,1085688.0
AMBUJACEM,2026-02-12,541.0,541.0,529.0,532.85,953137.0
AMBUJACEM,2026-02-13,526.85,530.5,517.25,519.45,1297366.0
AMBUJACEM,2026-02-16,520.0,526.4,513.2,524.7,705071.0
AMBUJACEM,2026-02-17,523.7,528.5,520.85,522.0,2242675.0
AMBUJACEM,2026-02-18,522.0,525.85,520.05,523.0,1773473.0
AMBUJACEM,2026-02-19,522.0,526.35,510.8,512.15,2535330.0
AMBUJACEM,2026-02-20,512.15,517.8,508.65,512.0,2376908.0
AMBUJACEM,2026-02-23,512.0,518.65,510.75,515.3,926117.0
AMBUJACEM,2026-02-24,514.95,516.95,506.95,514.5,1586025.0
AMBUJACEM,2026-02-25,514.75,518.5,507.4,511.1,1574610.0
AMBUJACEM,2026-02-26,513.0,515.8,510.0,512.15,1099252.0
AMBUJACEM,2026-02-27,512.0,512.05,499.0,500.4,2428507.0
AMBUJACEM,2026-03-02,490.1,493.4,480.1,490.75,2820015.0
AMBUJACEM,2026-03-04,482.0,482.2,471.55,476.15,2300996.0
AMBUJACEM,2026-03-05,479.0,482.4,469.45,480.0,1744314.0
AMBUJACEM,2026-03-06,475.7,480.75,463.35,466.75,1326098.0
AMBUJACEM,2026-03-09,459.0,459.0,443.25,451.95,4222293.0
AMBUJACEM,2026-03-10,459.1,465.7,454.1,462.1,2249388.0
AMBUJACEM,2026-03-11,462.5,471.35,456.0,457.8,1879908.0
AMBUJACEM,2026-03-12,455.0,455.55,445.0,446.45,5554429.0
AMBUJACEM,2026-03-13,445.0,446.3,424.4,425.35,4856344.0
AMBUJACEM,2026-03-16,425.55,434.95,424.75,429.0,6857558.0
AMBUJACEM,2026-03-17,432.8,436.3,428.1,434.2,2154056.0
AMBUJACEM,2026-03-18,438.0,444.3,433.45,441.25,3070154.0
AMBUJACEM,2026-03-19,433.0,435.75,418.25,419.95,2679767.0
AMBUJACEM,2026-03-20,425.0,427.6,419.0,420.55,2282335.0
AMBUJACEM,2026-03-23,416.8,416.8,394.0,395.35,4333904.0
AMBUJACEM,2026-03-24,407.9,413.5,395.1,407.55,5189341.0
AMBUJACEM,2026-03-25,414.0,427.7,414.0,421.8,4840404.0
AMBUJACEM,2026-03-27,418.0,418.6,407.6,408.85,6114057.0
AMBUJACEM,2026-03-30,405.0,411.0,399.4,401.25,4653934.0
AMBUJACEM,2026-04-01,415.0,422.8,409.1,420.35,3593392.0
AMBUJACEM,2026-04-02,414.5,420.0,406.7,418.45,2016351.0
AMBUJACEM,2026-04-06,420.45,431.1,412.4,430.05,2653255.0
AMBUJACEM,2026-04-07,426.95,426.95,418.0,420.45,3100760.0
AMBUJACEM,2026-04-08,438.0,462.45,435.0,446.75,7851973.0
AMBUJACEM,2026-04-09,446.95,446.95,432.0,434.05,4904296.0
AMBUJACEM,2026-04-10,437.0,447.0,435.25,445.2,3576120.0
AMBUJACEM,2026-04-13,432.95,443.8,427.5,441.0,2307559.0
AMBUJACEM,2026-04-15,449.9,457.5,448.05,454.0,2825450.0
AMBUJACEM,2026-04-16,457.0,460.25,451.1,458.05,2057087.0
AMBUJACEM,2026-04-17,459.2,461.95,456.1,459.0,1899655.0
AMBUJACEM,2026-04-20,459.0,464.0,453.0,454.9,1733571.0
AMBUJACEM,2026-04-21,455.95,460.0,453.55,456.25,1471622.0
AMBUJACEM,2026-04-22,453.5,463.65,451.0,460.9,1475937.0
AMBUJACEM,2026-04-23,457.95,457.95,449.0,450.4,2393788.0
AMBUJACEM,2026-04-24,451.0,457.7,440.4,451.2,3729295.0
AMBUJACEM,2026-04-27,453.5,468.8,453.45,460.5,3444150.0
AMBUJACEM,2026-04-28,462.85,465.0,456.0,458.8,1789522.0
AMBUJACEM,2026-04-29,463.7,465.5,453.0,454.6,1778884.0
AMBUJACEM,2026-04-30,450.2,450.2,440.1,444.2,3322936.0
AMBUJACEM,2026-05-04,446.0,460.75,438.05,445.3,12403895.0
AMBUJACEM,2026-05-05,439.0,441.1,431.5,433.1,8250228.0
AMBUJACEM,2026-05-06,438.55,449.6,435.8,446.9,5333664.0
AMBUJACEM,2026-05-07,446.5,454.2,445.1,450.65,4351743.0
AMBUJACEM,2026-05-08,449.0,457.95,442.5,444.3,5045246.0
AMBUJACEM,2026-05-11,441.75,441.75,432.4,436.2,4019675.0
AMBUJACEM,2026-05-12,434.9,442.0,425.2,426.95,3306821.0
AMBUJACEM,2026-05-13,428.15,441.15,425.4,438.4,3622406.0
AMBUJACEM,2026-05-14,438.9,447.15,433.25,443.9,3486802.0
AMBUJACEM,2026-05-15,449.0,451.55,431.4,433.75,2812091.0
AMBUJACEM,2026-05-18,430.0,431.7,421.1,430.15,2003511.0
AMBUJACEM,2026-05-19,430.5,434.6,428.8,431.7,1856159.0
AMBUJACEM,2026-05-20,428.2,431.6,425.15,430.25,1976324.0
AMBUJACEM,2026-05-21,435.0,438.0,430.95,436.45,2915980.0
AMBUJACEM,2026-05-22,438.6,441.0,435.1,436.35,2717748.0
AMBUJACEM,2026-05-25,437.1,444.65,437.1,441.95,3029764.0
AMBUJACEM,2026-05-26,442.05,455.95,440.6,449.7,4449009.0
ARE&M,2025-05-21,1010.5,1021.35,1003.4,1015.3,302057.0
ARE&M,2025-05-22,1010.05,1026.95,1005.05,1014.15,325610.0
ARE&M,2025-05-23,1014.1,1032.0,1009.0,1023.35,329254.0
ARE&M,2025-05-26,1024.0,1060.0,1019.15,1049.85,856163.0
ARE&M,2025-05-27,1050.0,1053.5,1035.5,1048.05,439235.0
ARE&M,2025-05-28,1051.0,1064.1,1044.25,1057.15,461324.0
ARE&M,2025-05-29,1064.8,1094.0,1048.0,1089.4,1232891.0
ARE&M,2025-05-30,1040.15,1056.45,1025.0,1030.75,1882630.0
ARE&M,2025-06-02,1035.9,1037.0,1015.0,1017.4,693717.0
ARE&M,2025-06-03,1018.8,1023.9,1001.5,1005.3,639030.0
ARE&M,2025-06-04,1005.3,1014.0,995.4,998.5,499868.0
ARE&M,2025-06-05,1004.8,1009.6,998.2,1000.3,502349.0
ARE&M,2025-06-06,1004.0,1009.3,994.0,1000.1,424767.0
ARE&M,2025-06-09,1005.0,1019.0,1002.9,1011.3,460075.0
ARE&M,2025-06-10,1016.2,1020.0,1008.0,1012.6,324858.0
ARE&M,2025-06-11,1017.5,1022.7,1004.0,1015.9,441987.0
ARE&M,2025-06-12,1020.5,1032.0,1001.1,1007.1,670903.0
ARE&M,2025-06-13,997.9,1006.9,985.2,1002.9,468366.0
ARE&M,2025-06-16,1000.0,1006.0,986.7,1003.6,388473.0
ARE&M,2025-06-17,1003.0,1003.9,993.0,996.1,272740.0
ARE&M,2025-06-18,994.7,999.7,986.3,990.5,355346.0
ARE&M,2025-06-19,990.5,999.9,984.4,986.2,291223.0
ARE&M,2025-06-20,982.1,991.5,961.9,970.5,1437892.0
ARE&M,2025-06-23,966.6,986.5,965.9,974.6,377261.0
ARE&M,2025-06-24,982.0,982.0,968.4,970.8,474817.0
ARE&M,2025-06-25,975.0,979.8,967.0,969.6,440443.0
ARE&M,2025-06-26,974.4,979.0,966.5,969.2,397955.0
ARE&M,2025-06-27,971.4,983.8,959.4,962.0,712918.0
ARE&M,2025-06-30,968.9,977.0,963.0,964.7,626819.0
ARE&M,2025-07-01,966.05,969.75,960.05,961.2,418745.0
ARE&M,2025-07-02,966.0,968.35,951.55,955.45,505461.0
ARE&M,2025-07-03,957.0,964.0,955.8,958.95,518559.0
ARE&M,2025-07-04,961.9,984.0,959.2,968.25,664783.0
ARE&M,2025-07-07,970.0,974.2,960.6,964.35,646519.0
ARE&M,2025-07-08,964.35,966.95,956.0,964.6,444783.0
ARE&M,2025-07-09,965.55,981.0,961.8,978.4,546883.0
ARE&M,2025-07-10,984.0,996.0,976.4,984.45,1037438.0
ARE&M,2025-07-11,988.45,991.0,970.0,978.05,636446.0
ARE&M,2025-07-14,980.0,987.9,970.55,986.85,270144.0
ARE&M,2025-07-15,990.95,996.85,983.45,986.05,271485.0
ARE&M,2025-07-16,986.05,989.95,977.4,986.15,311997.0
ARE&M,2025-07-17,990.0,996.3,981.35,983.0,258217.0
ARE&M,2025-07-18,984.0,990.55,972.8,976.45,255336.0
ARE&M,2025-07-21,978.5,1022.0,971.6,1003.0,1758730.0
ARE&M,2025-07-22,1011.0,1011.0,991.85,1000.35,491983.0
ARE&M,2025-07-23,1000.35,1019.0,989.0,1011.35,610994.0
ARE&M,2025-07-24,1019.0,1033.25,1004.75,1009.9,873866.0
ARE&M,2025-07-25,1010.0,1010.9,988.5,994.7,553083.0
ARE&M,2025-07-28,994.7,1002.45,968.0,972.3,557252.0
ARE&M,2025-07-29,965.6,1001.8,963.45,993.0,636722.0
ARE&M,2025-07-30,1000.55,1000.95,974.1,979.8,247983.0
ARE&M,2025-07-31,975.0,975.1,960.35,963.6,425557.0
ARE&M,2025-08-01,965.1,968.25,951.0,953.9,374294.0
ARE&M,2025-08-04,961.0,962.05,950.15,957.6,281483.0
ARE&M,2025-08-05,959.0,969.8,945.15,951.55,418082.0
ARE&M,2025-08-06,953.95,961.3,926.8,930.4,497377.0
ARE&M,2025-08-07,929.95,941.0,918.4,937.25,550739.0
ARE&M,2025-08-08,941.5,941.8,925.6,934.9,364447.0
ARE&M,2025-08-11,936.0,957.4,928.0,955.2,464655.0
ARE&M,2025-08-12,960.95,961.0,947.75,955.4,290628.0
ARE&M,2025-08-13,955.4,960.0,944.05,957.95,302590.0
ARE&M,2025-08-14,959.8,963.15,943.9,952.6,797279.0
ARE&M,2025-08-18,960.0,964.25,946.65,957.5,676339.0
ARE&M,2025-08-19,964.05,1004.55,954.1,990.5,1743306.0
ARE&M,2025-08-20,989.1,1010.0,983.25,988.2,807277.0
ARE&M,2025-08-21,995.45,1004.0,984.1,990.3,573587.0
ARE&M,2025-08-22,990.3,996.7,984.95,987.75,312387.0
ARE&M,2025-08-25,987.0,996.0,976.0,986.55,430558.0
ARE&M,2025-08-26,986.0,987.65,968.45,975.85,435715.0
ARE&M,2025-08-28,969.0,972.7,961.05,967.7,395585.0
ARE&M,2025-08-29,967.7,993.2,967.0,990.25,502928.0
ARE&M,2025-09-01,991.0,1023.3,984.0,1011.7,1240361.0
ARE&M,2025-09-02,1016.65,1034.2,1012.35,1018.5,852567.0
ARE&M,2025-09-03,1018.0,1032.45,1001.0,1021.65,618711.0
ARE&M,2025-09-04,1033.7,1034.5,999.5,1001.6,419169.0
ARE&M,2025-09-05,1009.8,1032.8,1001.1,1018.3,439313.0
ARE&M,2025-09-08,1018.35,1043.0,1013.5,1036.45,806791.0
ARE&M,2025-09-09,1040.0,1042.0,1020.0,1022.45,317735.0
ARE&M,2025-09-10,1030.0,1037.9,1021.8,1034.45,501713.0
ARE&M,2025-09-11,1036.9,1055.0,1028.2,1051.7,1090004.0
ARE&M,2025-09-12,1055.0,1057.35,1026.0,1029.45,528643.0
ARE&M,2025-09-15,1031.9,1053.7,1029.0,1034.55,324375.0
ARE&M,2025-09-16,1034.65,1057.85,1033.65,1036.75,596371.0
ARE&M,2025-09-17,1041.95,1044.0,1024.75,1031.2,453412.0
ARE&M,2025-09-18,1034.8,1037.1,1023.65,1030.95,667394.0
ARE&M,2025-09-19,1034.9,1039.75,1013.0,1019.55,871471.0
ARE&M,2025-09-22,1015.05,1023.55,1000.2,1003.8,373878.0
ARE&M,2025-09-23,1002.9,1027.25,997.95,1008.65,678287.0
ARE&M,2025-09-24,1008.65,1018.55,993.0,1002.7,406969.0
ARE&M,2025-09-25,997.0,999.6,976.05,981.55,481697.0
ARE&M,2025-09-26,981.55,983.35,968.0,977.75,440657.0
ARE&M,2025-09-29,986.6,1001.05,978.1,992.2,420368.0
ARE&M,2025-09-30,992.2,992.2,981.6,989.35,191039.0
ARE&M,2025-10-01,989.25,997.15,985.0,993.5,224493.0
ARE&M,2025-10-03,999.0,1002.6,990.15,999.05,252640.0
ARE&M,2025-10-06,1008.8,1012.05,990.35,1005.8,374505.0
ARE&M,2025-10-07,1007.75,1012.0,1000.0,1006.7,270406.0
ARE&M,2025-10-08,1007.0,1011.0,995.35,1006.0,280009.0
ARE&M,2025-10-09,1006.0,1015.6,992.0,997.7,446426.0
ARE&M,2025-10-10,997.7,1007.0,992.75,1005.65,293575.0
ARE&M,2025-10-13,1003.55,1003.55,989.0,997.55,307526.0
ARE&M,2025-10-14,999.95,1003.45,984.0,1000.25,398331.0
ARE&M,2025-10-15,999.0,1005.9,985.1,991.95,341876.0
ARE&M,2025-10-16,992.0,1003.1,990.25,996.65,170009.0
ARE&M,2025-10-17,995.0,999.0,990.5,994.55,252738.0
ARE&M,2025-10-20,990.2,998.0,985.2,987.2,325300.0
ARE&M,2025-10-21,994.95,999.95,992.15,996.9,93133.0
ARE&M,2025-10-23,997.05,1004.05,991.05,997.75,299911.0
ARE&M,2025-10-24,995.0,998.75,988.0,996.8,229676.0
ARE&M,2025-10-27,996.8,1004.0,994.2,1001.95,308511.0
ARE&M,2025-10-28,1000.0,1012.65,999.0,1003.95,235424.0
ARE&M,2025-10-29,1015.0,1015.0,1003.15,1013.3,315402.0
ARE&M,2025-10-30,1014.5,1019.55,1008.7,1016.45,228160.0
ARE&M,2025-10-31,1018.65,1023.0,999.8,1004.75,349272.0
ARE&M,2025-11-03,1001.1,1013.4,1001.1,1010.2,255541.0
ARE&M,2025-11-04,1015.0,1015.0,987.8,990.1,415538.0
ARE&M,2025-11-06,990.1,999.2,975.6,989.2,368143.0
ARE&M,2025-11-07,990.7,994.0,970.1,980.1,459196.0
ARE&M,2025-11-10,981.0,988.7,957.0,964.0,782576.0
ARE&M,2025-11-11,965.4,972.9,958.1,960.6,424091.0
ARE&M,2025-11-12,965.5,971.4,959.3,964.1,601037.0
ARE&M,2025-11-13,965.0,974.0,962.7,966.9,303294.0
ARE&M,2025-11-14,966.9,971.9,961.2,965.8,290493.0
ARE&M,2025-11-17,967.0,969.1,961.3,965.1,258814.0
ARE&M,2025-11-18,965.6,968.0,951.0,956.1,415242.0
ARE&M,2025-11-19,956.1,962.4,950.0,960.1,178153.0
ARE&M,2025-11-20,969.0,970.7,956.8,968.6,271446.0
ARE&M,2025-11-21,968.6,968.6,951.1,953.8,308858.0
ARE&M,2025-11-24,955.0,958.5,940.2,954.4,310070.0
ARE&M,2025-11-25,954.4,954.4,941.2,945.6,218707.0
ARE&M,2025-11-26,946.0,951.5,941.0,949.8,146017.0
ARE&M,2025-11-27,951.9,957.0,941.9,945.3,275475.0
ARE&M,2025-11-28,945.3,953.9,942.0,951.9,138465.0
ARE&M,2025-12-01,951.9,956.95,949.0,950.45,151328.0
ARE&M,2025-12-02,950.45,954.9,948.5,950.6,127859.0
ARE&M,2025-12-03,950.0,953.65,945.0,945.65,192116.0
ARE&M,2025-12-04,947.35,949.9,939.65,940.3,137906.0
ARE&M,2025-12-05,941.95,947.0,935.0,945.6,146368.0
ARE&M,2025-12-08,945.0,948.7,925.1,927.8,283075.0
ARE&M,2025-12-09,927.8,942.0,911.15,938.0,257013.0
ARE&M,2025-12-10,937.95,952.0,932.2,945.15,251080.0
ARE&M,2025-12-11,947.9,947.9,927.2,931.25,341192.0
ARE&M,2025-12-12,932.2,936.4,928.0,930.55,136833.0
ARE&M,2025-12-15,930.55,938.0,922.0,935.7,190094.0
ARE&M,2025-12-16,935.65,936.0,920.5,921.65,189860.0
ARE&M,2025-12-17,922.0,928.2,920.8,925.15,161202.0
ARE&M,2025-12-18,922.0,925.55,912.05,924.15,294086.0
ARE&M,2025-12-19,925.0,932.0,919.0,925.55,208841.0
ARE&M,2025-12-22,926.95,933.85,925.0,927.45,120577.0
ARE&M,2025-12-23,928.95,938.0,924.75,932.05,184399.0
ARE&M,2025-12-24,936.6,937.2,923.8,925.35,174716.0
ARE&M,2025-12-26,925.35,927.5,919.1,920.4,150785.0
ARE&M,2025-12-29,918.0,920.0,903.0,905.8,327923.0
ARE&M,2025-12-30,906.0,910.0,892.1,894.9,377435.0
ARE&M,2025-12-31,896.0,913.85,893.55,909.55,197031.0
ARE&M,2026-01-01,914.05,931.9,904.05,927.8,342003.0
ARE&M,2026-01-02,928.0,933.5,920.0,928.3,256457.0
ARE&M,2026-01-05,928.25,943.0,921.25,925.85,422326.0
ARE&M,2026-01-06,930.0,932.35,916.6,919.5,132894.0
ARE&M,2026-01-07,917.5,923.0,913.65,919.5,160648.0
ARE&M,2026-01-08,920.9,928.0,910.0,914.45,164741.0
ARE&M,2026-01-09,911.45,918.0,895.0,896.8,278506.0
ARE&M,2026-01-12,893.0,896.0,876.75,888.65,343922.0
ARE&M,2026-01-13,888.65,895.6,880.0,881.85,185045.0
ARE&M,2026-01-14,880.0,882.45,865.9,874.1,397761.0
ARE&M,2026-01-16,874.0,884.0,872.1,879.05,313810.0
ARE&M,2026-01-19,879.0,879.05,861.1,865.8,174887.0
ARE&M,2026-01-20,862.0,864.2,848.0,854.25,496855.0
ARE&M,2026-01-21,850.0,858.7,840.9,851.6,422647.0
ARE&M,2026-01-22,852.95,859.6,848.7,854.65,476086.0
ARE&M,2026-01-23,856.7,859.35,825.9,831.2,263226.0
ARE&M,2026-01-27,831.2,837.95,816.5,828.05,319138.0
ARE&M,2026-01-28,830.0,843.85,827.7,841.65,181537.0
ARE&M,2026-01-29,841.65,841.65,816.25,830.15,445094.0
ARE&M,2026-01-30,830.0,846.7,821.35,839.4,252479.0
ARE&M,2026-02-01,839.95,853.55,820.4,827.0,301102.0
ARE&M,2026-02-02,827.65,839.8,810.1,816.4,390265.0
ARE&M,2026-02-03,845.0,852.9,831.2,836.3,423690.0
ARE&M,2026-02-04,836.3,889.95,832.0,885.7,665167.0
ARE&M,2026-02-05,890.15,894.0,868.3,875.4,264979.0
ARE&M,2026-02-06,876.9,876.9,858.0,865.45,158154.0
ARE&M,2026-02-09,866.95,900.0,865.55,897.25,316890.0
ARE&M,2026-02-10,899.0,910.0,893.05,907.35,349964.0
ARE&M,2026-02-11,910.0,914.5,900.5,911.7,302560.0
ARE&M,2026-02-12,870.3,884.0,855.05,861.45,1065293.0
ARE&M,2026-02-13,860.05,860.05,835.1,841.55,377640.0
ARE&M,2026-02-16,842.5,849.45,833.25,836.2,170250.0
ARE&M,2026-02-17,836.5,846.0,835.0,844.2,132773.0
ARE&M,2026-02-18,844.2,855.5,838.0,854.1,231703.0
ARE&M,2026-02-19,860.0,860.0,841.85,848.9,212599.0
ARE&M,2026-02-20,845.0,862.35,840.0,856.25,280741.0
ARE&M,2026-02-23,859.75,871.0,854.4,857.0,361502.0
ARE&M,2026-02-24,857.0,862.85,848.0,858.8,233069.0
ARE&M,2026-02-25,858.8,862.65,845.1,848.1,241359.0
ARE&M,2026-02-26,861.0,861.0,847.15,853.7,205325.0
ARE&M,2026-02-27,851.0,860.0,842.0,844.95,213318.0
ARE&M,2026-03-02,800.0,833.0,793.4,824.45,382737.0
ARE&M,2026-03-04,806.15,812.45,800.0,800.9,370853.0
ARE&M,2026-03-05,802.0,809.0,799.0,805.05,229838.0
ARE&M,2026-03-06,805.0,814.5,800.45,807.75,180324.0
ARE&M,2026-03-09,803.55,803.55,784.0,786.05,413928.0
ARE&M,2026-03-10,790.05,797.45,780.4,789.55,308922.0
ARE&M,2026-03-11,790.0,805.9,788.0,790.95,243278.0
ARE&M,2026-03-12,790.0,803.95,776.95,789.8,403263.0
ARE&M,2026-03-13,788.95,794.6,770.0,773.7,442025.0
ARE&M,2026-03-16,770.0,774.9,758.85,769.05,351944.0
ARE&M,2026-03-17,774.9,786.9,768.0,777.7,362050.0
ARE&M,2026-03-18,783.0,788.25,776.0,784.85,343139.0
ARE&M,2026-03-19,780.0,781.65,767.3,769.15,260313.0
ARE&M,2026-03-20,770.95,780.1,755.5,759.15,394762.0
ARE&M,2026-03-23,757.95,757.95,720.15,727.0,569329.0
ARE&M,2026-03-24,748.0,748.0,722.4,727.2,568522.0
ARE&M,2026-03-25,733.4,748.0,722.5,725.05,891508.0
ARE&M,2026-03-27,725.05,729.35,698.25,701.7,894707.0
ARE&M,2026-03-30,699.9,699.9,670.0,672.45,1159691.0
ARE&M,2026-04-01,702.5,718.9,688.65,713.9,532799.0
ARE&M,2026-04-02,709.7,729.9,690.9,728.0,415746.0
ARE&M,2026-04-06,728.0,729.95,705.45,719.35,713548.0
ARE&M,2026-04-07,720.05,726.15,713.05,723.7,237222.0
ARE&M,2026-04-08,764.45,764.45,743.35,751.45,551110.0
ARE&M,2026-04-09,750.85,766.6,738.0,740.15,402914.0
ARE&M,2026-04-10,745.0,753.0,739.35,741.4,646956.0
ARE&M,2026-04-13,732.15,748.8,722.25,738.65,654701.0
ARE&M,2026-04-15,758.0,773.0,751.0,756.4,936127.0
ARE&M,2026-04-16,765.9,775.0,759.15,772.7,524124.0
ARE&M,2026-04-17,777.05,788.35,774.5,778.55,572552.0
ARE&M,2026-04-20,781.0,781.0,761.2,765.25,427922.0
ARE&M,2026-04-21,766.0,785.4,763.0,773.8,480565.0
ARE&M,2026-04-22,779.45,924.0,777.5,898.7,35118416.0
ARE&M,2026-04-23,919.0,957.0,904.0,913.3,21085531.0
ARE&M,2026-04-24,915.0,923.6,872.5,880.2,2709627.0
ARE&M,2026-04-27,887.3,896.0,867.75,878.1,1126999.0
ARE&M,2026-04-28,879.3,914.7,876.45,897.85,1197386.0
ARE&M,2026-04-29,898.0,909.0,888.0,890.45,745432.0
ARE&M,2026-04-30,886.0,888.7,870.0,874.55,540584.0
ARE&M,2026-05-04,874.55,897.9,872.5,884.7,892705.0
ARE&M,2026-05-05,884.65,893.8,875.5,887.4,510366.0
ARE&M,2026-05-06,896.5,896.85,872.7,881.0,496102.0
ARE&M,2026-05-07,889.9,909.9,886.0,897.4,1068349.0
ARE&M,2026-05-08,897.4,904.7,885.5,888.85,423453.0
ARE&M,2026-05-11,889.7,889.95,866.0,868.9,600540.0
ARE&M,2026-05-12,867.0,871.65,827.2,832.2,507080.0
ARE&M,2026-05-13,832.1,854.25,830.3,839.6,436162.0
ARE&M,2026-05-14,843.85,853.7,825.65,835.25,527968.0
ARE&M,2026-05-15,840.4,846.15,821.0,823.95,262469.0
ARE&M,2026-05-18,816.2,816.2,793.0,809.15,440018.0
ARE&M,2026-05-19,809.95,826.6,809.15,817.2,327891.0
ARE&M,2026-05-20,817.2,817.95,804.0,814.65,221396.0
ARE&M,2026-05-21,820.65,831.4,818.0,821.45,276850.0
ARE&M,2026-05-22,822.95,828.0,814.3,820.65,245096.0
ARE&M,2026-05-25,828.55,897.5,825.2,883.4,7833748.0
ARE&M,2026-05-26,893.0,924.3,881.0,889.3,6550754.0
ASHOKLEY,2025-05-21,243.51,245.78,239.5,244.61,8733727.0
ASHOKLEY,2025-05-22,240.0,241.42,236.32,238.8,7236119.0
ASHOKLEY,2025-05-23,241.0,243.8,235.14,239.61,14164900.0
ASHOKLEY,2025-05-26,241.8,241.9,237.05,239.89,15551999.0
ASHOKLEY,2025-05-27,240.5,241.5,238.0,239.62,6978562.0
ASHOKLEY,2025-05-28,240.0,242.45,238.15,238.63,7346452.0
ASHOKLEY,2025-05-29,240.0,241.2,238.05,240.73,6686814.0
ASHOKLEY,2025-05-30,240.73,240.77,235.1,236.03,10229799.0
ASHOKLEY,2025-06-02,237.75,237.75,234.46,236.25,5590973.0
ASHOKLEY,2025-06-03,237.52,237.72,235.9,236.11,5597500.0
ASHOKLEY,2025-06-04,238.0,238.15,234.95,235.62,6035881.0
ASHOKLEY,2025-06-05,236.9,236.9,232.79,233.93,7230951.0
ASHOKLEY,2025-06-06,234.05,242.8,233.53,242.04,11910986.0
ASHOKLEY,2025-06-09,243.0,244.77,241.91,243.18,5577287.0
ASHOKLEY,2025-06-10,243.5,243.87,240.75,241.24,4001274.0
ASHOKLEY,2025-06-11,241.3,242.48,239.0,240.0,6780264.0
ASHOKLEY,2025-06-12,240.0,240.27,234.89,235.23,3565979.0
ASHOKLEY,2025-06-13,232.0,235.3,230.59,234.8,4239219.0
ASHOKLEY,2025-06-16,234.1,236.11,232.05,235.76,2974781.0
ASHOKLEY,2025-06-17,235.19,236.5,233.8,234.52,2113943.0
ASHOKLEY,2025-06-18,233.99,236.39,233.06,233.99,5049351.0
ASHOKLEY,2025-06-19,233.74,236.27,231.32,232.86,4097180.0
ASHOKLEY,2025-06-20,232.04,235.9,232.04,235.15,5140257.0
ASHOKLEY,2025-06-23,233.02,238.26,232.16,236.67,3029800.0
ASHOKLEY,2025-06-24,238.2,242.9,237.37,240.78,5944833.0
ASHOKLEY,2025-06-25,243.0,245.14,241.64,244.61,7385321.0
ASHOKLEY,2025-06-26,244.7,249.26,244.5,248.92,9494487.0
ASHOKLEY,2025-06-27,250.39,251.9,249.32,249.73,5199866.0
ASHOKLEY,2025-06-30,250.99,251.58,248.82,250.91,3714803.0
ASHOKLEY,2025-07-01,250.55,252.3,247.75,251.6,3515383.0
ASHOKLEY,2025-07-02,251.6,253.0,249.7,251.65,3540247.0
ASHOKLEY,2025-07-03,252.0,254.0,249.85,250.5,5289939.0
ASHOKLEY,2025-07-04,251.1,251.8,248.4,249.85,3645478.0
ASHOKLEY,2025-07-07,249.85,250.45,247.7,249.8,2349302.0
ASHOKLEY,2025-07-08,250.0,251.4,247.15,249.85,2986296.0
ASHOKLEY,2025-07-09,250.35,251.9,249.8,250.9,5029565.0
ASHOKLEY,2025-07-10,253.9,254.0,249.25,249.8,6604883.0
ASHOKLEY,2025-07-11,250.5,251.1,245.95,246.25,5384398.0
ASHOKLEY,2025-07-14,246.25,246.25,246.25,246.25,460686.0
ASHOKLEY,2025-07-14,250.0,253.95,247.0,252.95,9111254.0
ASHOKLEY,2025-07-15,253.85,254.4,248.65,250.9,5991544.0
ASHOKLEY,2025-07-16,125.4,125.9,122.7,124.6,13686931.0
ASHOKLEY,2025-07-17,125.1,125.15,123.3,123.75,6161202.0
ASHOKLEY,2025-07-18,123.7,124.45,122.0,122.25,4990390.0
ASHOKLEY,2025-07-21,122.85,125.25,121.7,124.8,8377482.0
ASHOKLEY,2025-07-22,125.4,125.4,123.75,124.0,9118516.0
ASHOKLEY,2025-07-23,124.05,124.95,123.05,124.6,4574233.0
ASHOKLEY,2025-07-24,124.6,125.45,124.35,124.8,10435772.0
ASHOKLEY,2025-07-25,124.55,125.15,121.6,121.95,6422937.0
ASHOKLEY,2025-07-28,121.95,125.0,121.6,122.75,10627268.0
ASHOKLEY,2025-07-29,122.85,124.05,122.1,123.3,6535234.0
ASHOKLEY,2025-07-30,123.3,123.35,121.6,121.9,5517480.0
ASHOKLEY,2025-07-31,120.95,122.2,119.45,121.05,11333155.0
ASHOKLEY,2025-08-01,121.05,121.25,117.72,120.35,13653423.0
ASHOKLEY,2025-08-04,120.35,123.35,120.16,122.6,10209776.0
ASHOKLEY,2025-08-05,122.6,122.98,121.3,121.97,5769803.0
ASHOKLEY,2025-08-06,122.45,122.49,120.55,120.73,4414208.0
ASHOKLEY,2025-08-07,120.0,121.54,118.16,119.81,10739005.0
ASHOKLEY,2025-08-08,119.81,120.39,115.1,115.42,10860600.0
ASHOKLEY,2025-08-11,115.9,120.34,114.96,120.02,13024457.0
ASHOKLEY,2025-08-12,119.53,120.29,118.9,119.36,4155268.0
ASHOKLEY,2025-08-13,119.7,121.05,119.15,119.73,4597540.0
ASHOKLEY,2025-08-14,120.0,124.0,119.29,121.96,19020549.0
ASHOKLEY,2025-08-18,125.1,132.8,125.1,131.76,80821577.0
ASHOKLEY,2025-08-19,131.76,133.55,127.11,133.28,40387936.0
ASHOKLEY,2025-08-20,134.3,134.31,132.2,133.1,20564141.0
ASHOKLEY,2025-08-21,133.15,133.81,130.8,131.01,16695588.0
ASHOKLEY,2025-08-22,131.01,132.1,129.63,131.2,11093419.0
ASHOKLEY,2025-08-25,131.41,131.87,130.37,131.01,5255625.0
ASHOKLEY,2025-08-26,130.51,132.36,129.91,131.37,13267634.0
ASHOKLEY,2025-08-28,131.35,131.9,129.48,129.82,7709689.0
ASHOKLEY,2025-08-29,129.68,130.24,126.76,126.98,10674470.0
ASHOKLEY,2025-09-01,127.35,128.51,125.85,128.03,15300044.0
ASHOKLEY,2025-09-02,128.71,132.79,128.46,130.39,15084908.0
ASHOKLEY,2025-09-03,131.8,132.38,128.3,130.23,14455278.0
ASHOKLEY,2025-09-04,132.4,132.66,126.54,128.01,20498606.0
ASHOKLEY,2025-09-05,128.24,132.23,128.24,130.77,19576052.0
ASHOKLEY,2025-09-08,132.0,138.2,131.37,137.29,33590663.0
ASHOKLEY,2025-09-09,137.54,137.7,134.82,135.06,15017284.0
ASHOKLEY,2025-09-10,135.98,136.13,132.72,134.01,15726944.0
ASHOKLEY,2025-09-11,134.26,134.66,132.26,133.56,12684319.0
ASHOKLEY,2025-09-12,133.6,136.14,132.77,134.09,18257240.0
ASHOKLEY,2025-09-15,134.11,136.0,133.19,133.94,10539375.0
ASHOKLEY,2025-09-16,134.3,135.57,133.99,134.54,9836983.0
ASHOKLEY,2025-09-17,135.0,137.77,135.0,136.77,21279686.0
ASHOKLEY,2025-09-18,137.43,139.5,135.72,138.76,15571795.0
ASHOKLEY,2025-09-19,139.0,142.63,138.89,140.89,29812677.0
ASHOKLEY,2025-09-22,140.99,141.75,139.01,139.42,12613982.0
ASHOKLEY,2025-09-23,139.56,144.5,139.56,144.04,43630485.0
ASHOKLEY,2025-09-24,142.5,143.99,139.6,142.26,36960853.0
ASHOKLEY,2025-09-25,141.9,141.9,140.1,140.45,10954407.0
ASHOKLEY,2025-09-26,139.57,143.0,139.01,141.93,20914983.0
ASHOKLEY,2025-09-29,142.0,144.15,141.33,142.42,16359612.0
ASHOKLEY,2025-09-30,143.13,143.79,141.63,142.67,13913548.0
ASHOKLEY,2025-10-01,143.0,143.8,140.8,141.23,12440118.0
ASHOKLEY,2025-10-03,141.42,142.95,138.16,139.79,15561840.0
ASHOKLEY,2025-10-06,139.79,140.5,137.47,137.78,12157023.0
ASHOKLEY,2025-10-07,138.06,140.74,137.94,139.83,9538118.0
ASHOKLEY,2025-10-08,140.8,141.6,139.0,139.37,10813847.0
ASHOKLEY,2025-10-09,139.5,139.91,137.43,138.64,5658661.0
ASHOKLEY,2025-10-10,138.8,139.52,137.4,137.55,6840339.0
ASHOKLEY,2025-10-13,137.49,137.99,135.7,137.42,6553457.0
ASHOKLEY,2025-10-14,137.93,138.39,134.62,135.41,8702406.0
ASHOKLEY,2025-10-15,135.5,136.42,135.2,135.69,9026819.0
ASHOKLEY,2025-10-16,135.98,137.9,135.49,137.24,9950107.0
ASHOKLEY,2025-10-17,137.35,137.7,134.21,134.51,15168999.0
ASHOKLEY,2025-10-20,135.99,137.21,135.56,135.84,6001026.0
ASHOKLEY,2025-10-21,136.6,136.98,135.86,136.24,2918743.0
ASHOKLEY,2025-10-23,137.0,139.45,136.45,137.85,12839861.0
ASHOKLEY,2025-10-24,137.91,138.5,135.82,136.35,6291344.0
ASHOKLEY,2025-10-24,139.0,139.2,139.0,136.35,4.0
ASHOKLEY,2025-10-27,139.0,139.0,139.0,140.81,1.0
ASHOKLEY,2025-10-27,136.52,141.19,136.5,140.81,16792519.0
ASHOKLEY,2025-10-28,141.4,142.24,138.52,140.1,21334243.0
ASHOKLEY,2025-10-29,140.48,140.64,138.45,139.48,8637758.0
ASHOKLEY,2025-10-30,139.9,141.3,139.0,140.77,14765768.0
ASHOKLEY,2025-10-30,139.0,139.0,139.0,140.77,3.0
ASHOKLEY,2025-10-31,140.95,143.64,140.95,141.53,18213013.0
ASHOKLEY,2025-11-03,142.0,142.95,139.56,139.83,8798368.0
ASHOKLEY,2025-11-04,139.45,140.8,138.11,140.44,8502046.0
ASHOKLEY,2025-11-06,140.99,143.85,139.92,141.23,17435511.0
ASHOKLEY,2025-11-07,141.0,141.65,138.8,141.28,4888203.0
ASHOKLEY,2025-11-10,141.8,143.15,140.69,142.28,7609145.0
ASHOKLEY,2025-11-11,142.98,146.78,142.25,146.04,17177183.0
ASHOKLEY,2025-11-12,147.47,147.6,141.74,142.53,24925913.0
ASHOKLEY,2025-11-13,144.86,151.46,143.63,150.41,53618730.0
ASHOKLEY,2025-11-14,150.0,152.94,147.46,148.26,20695998.0
ASHOKLEY,2025-11-17,149.5,149.69,147.6,148.45,10767304.0
ASHOKLEY,2025-11-18,149.45,149.45,147.01,147.23,11015324.0
ASHOKLEY,2025-11-19,147.15,147.65,144.9,145.46,5986604.0
ASHOKLEY,2025-11-20,146.08,146.85,144.86,146.24,8625173.0
ASHOKLEY,2025-11-21,146.5,146.78,143.79,144.69,10000648.0
ASHOKLEY,2025-11-24,144.8,146.0,143.9,144.59,16912563.0
ASHOKLEY,2025-11-25,144.59,148.95,144.51,145.83,21768360.0
ASHOKLEY,2025-11-26,146.85,149.75,145.0,148.95,17859160.0
ASHOKLEY,2025-11-27,149.67,162.0,149.5,159.75,90218203.0
ASHOKLEY,2025-11-28,158.0,160.23,156.2,158.12,27495981.0
ASHOKLEY,2025-12-01,158.26,161.4,156.63,160.3,24989252.0
ASHOKLEY,2025-12-02,160.0,164.49,158.9,160.0,37354552.0
ASHOKLEY,2025-12-03,160.31,163.15,159.5,162.71,21310659.0
ASHOKLEY,2025-12-04,162.1,163.48,159.85,160.21,12196009.0
ASHOKLEY,2025-12-05,160.91,161.29,159.51,160.86,10982958.0
ASHOKLEY,2025-12-08,160.9,162.93,157.9,159.28,11422591.0
ASHOKLEY,2025-12-09,159.17,160.29,155.55,159.58,13146291.0
ASHOKLEY,2025-12-10,160.0,160.32,157.76,158.01,10266182.0
ASHOKLEY,2025-12-11,158.5,161.19,157.1,160.33,11571887.0
ASHOKLEY,2025-12-12,160.75,164.86,160.35,163.86,13731776.0
ASHOKLEY,2025-12-15,163.8,167.14,162.51,166.82,16406561.0
ASHOKLEY,2025-12-16,166.5,168.74,166.03,167.75,17495643.0
ASHOKLEY,2025-12-17,167.5,167.5,165.07,166.14,7630563.0
ASHOKLEY,2025-12-18,166.14,172.05,165.63,171.57,21614399.0
ASHOKLEY,2025-12-19,172.08,174.58,170.7,173.56,16822313.0
ASHOKLEY,2025-12-22,174.61,178.0,174.61,177.05,17655028.0
ASHOKLEY,2025-12-23,177.08,178.2,175.58,177.96,8542554.0
ASHOKLEY,2025-12-24,178.1,178.3,174.76,175.31,8846615.0
ASHOKLEY,2025-12-26,175.21,175.99,173.27,174.68,5686108.0
ASHOKLEY,2025-12-29,174.68,176.05,173.38,174.92,9026929.0
ASHOKLEY,2025-12-30,175.5,179.97,174.01,178.63,58790880.0
ASHOKLEY,2025-12-31,178.48,180.34,176.7,179.19,12570359.0
ASHOKLEY,2026-01-01,179.19,185.56,178.81,184.88,26287021.0
ASHOKLEY,2026-01-02,185.0,190.0,183.77,188.78,25388934.0
ASHOKLEY,2026-01-05,189.0,191.8,186.05,187.76,17083159.0
ASHOKLEY,2026-01-06,187.85,189.17,184.92,186.15,9072320.0
ASHOKLEY,2026-01-07,186.2,186.83,184.56,186.12,9482575.0
ASHOKLEY,2026-01-08,186.0,186.3,184.01,184.52,9093468.0
ASHOKLEY,2026-01-09,184.1,190.76,183.9,187.76,25410790.0
ASHOKLEY,2026-01-12,189.63,189.65,183.34,187.01,13071854.0
ASHOKLEY,2026-01-13,187.05,187.9,184.05,185.7,6855429.0
ASHOKLEY,2026-01-14,185.21,187.69,184.15,186.89,7446179.0
ASHOKLEY,2026-01-16,185.93,186.66,183.75,184.25,26684199.0
ASHOKLEY,2026-01-19,183.1,188.5,182.34,187.98,10612728.0
ASHOKLEY,2026-01-20,188.93,189.75,179.5,180.79,15758631.0
ASHOKLEY,2026-01-21,179.92,183.2,176.83,181.24,20759934.0
ASHOKLEY,2026-01-22,185.3,191.44,184.53,190.28,20314511.0
ASHOKLEY,2026-01-23,192.0,199.21,190.0,192.98,32467563.0
ASHOKLEY,2026-01-27,192.26,194.15,188.0,193.0,23069013.0
ASHOKLEY,2026-01-28,193.9,196.69,189.46,195.33,20044566.0
ASHOKLEY,2026-01-29,196.4,196.4,191.92,194.06,10560396.0
ASHOKLEY,2026-01-30,192.9,198.0,191.92,196.69,14239171.0
ASHOKLEY,2026-02-01,196.68,198.4,187.5,189.06,6590542.0
ASHOKLEY,2026-02-02,189.77,195.0,185.52,194.4,14956648.0
ASHOKLEY,2026-02-03,203.0,203.0,196.02,199.87,16548292.0
ASHOKLEY,2026-02-04,201.74,205.19,199.05,200.92,22146705.0
ASHOKLEY,2026-02-05,201.25,202.86,200.0,201.5,14809572.0
ASHOKLEY,2026-02-06,201.5,203.0,199.26,201.84,9580410.0
ASHOKLEY,2026-02-09,202.8,206.38,200.79,205.8,9662823.0
ASHOKLEY,2026-02-10,206.7,211.0,204.92,209.73,12114047.0
ASHOKLEY,2026-02-11,210.5,215.42,202.56,206.35,53661132.0
ASHOKLEY,2026-02-12,206.4,212.35,204.63,211.02,36604082.0
ASHOKLEY,2026-02-13,210.12,212.87,203.8,204.63,26832686.0
ASHOKLEY,2026-02-16,204.95,206.89,203.0,205.86,11066053.0
ASHOKLEY,2026-02-17,205.86,208.25,203.86,207.68,7435573.0
ASHOKLEY,2026-02-18,208.5,209.65,207.1,208.34,7339062.0
ASHOKLEY,2026-02-19,208.3,208.61,202.28,203.49,9638504.0
ASHOKLEY,2026-02-20,202.56,209.36,201.81,208.85,14624480.0
ASHOKLEY,2026-02-23,209.76,211.75,208.96,210.76,8533992.0
ASHOKLEY,2026-02-24,209.0,211.02,208.62,210.18,12888307.0
ASHOKLEY,2026-02-25,210.46,213.7,209.63,211.61,13401777.0
ASHOKLEY,2026-02-26,211.65,212.89,210.32,211.92,7744469.0
ASHOKLEY,2026-02-27,211.92,214.1,210.42,211.1,13962660.0
ASHOKLEY,2026-03-02,200.05,212.9,200.05,209.01,17727577.0
ASHOKLEY,2026-03-04,206.8,207.18,197.14,200.46,28728295.0
ASHOKLEY,2026-03-05,201.04,203.99,196.94,203.04,17821008.0
ASHOKLEY,2026-03-06,202.49,202.49,194.12,194.67,23585465.0
ASHOKLEY,2026-03-09,190.45,190.45,182.66,186.94,22595249.0
ASHOKLEY,2026-03-10,191.5,195.17,191.0,193.56,17754507.0
ASHOKLEY,2026-03-11,194.39,195.38,183.88,184.66,28300159.0
ASHOKLEY,2026-03-12,184.66,184.97,177.01,178.47,44243228.0
ASHOKLEY,2026-03-13,176.6,176.6,169.41,170.65,27176714.0
ASHOKLEY,2026-03-16,169.3,174.9,168.7,172.77,21338066.0
ASHOKLEY,2026-03-17,174.0,176.6,171.7,176.11,20890037.0
ASHOKLEY,2026-03-18,176.65,180.01,175.51,178.62,12316122.0
ASHOKLEY,2026-03-19,175.95,175.95,167.89,168.57,19935868.0
ASHOKLEY,2026-03-20,171.08,172.67,166.33,168.89,38794799.0
ASHOKLEY,2026-03-23,167.06,167.06,160.91,161.98,23531787.0
ASHOKLEY,2026-03-24,166.3,168.01,162.3,167.13,16357599.0
ASHOKLEY,2026-03-25,169.87,172.92,169.79,170.95,13077297.0
ASHOKLEY,2026-03-27,170.0,170.0,162.85,163.09,21631702.0
ASHOKLEY,2026-03-30,159.3,160.83,153.56,154.13,51508097.0
ASHOKLEY,2026-04-01,154.15,162.86,148.0,149.11,89347607.0
ASHOKLEY,2026-04-02,147.4,149.14,143.13,148.44,33940797.0
ASHOKLEY,2026-04-06,149.0,151.52,145.15,150.91,23012980.0
ASHOKLEY,2026-04-07,150.0,153.45,146.14,152.93,20832098.0
ASHOKLEY,2026-04-08,165.1,173.16,162.94,172.48,102302775.0
ASHOKLEY,2026-04-09,172.8,174.75,169.01,170.38,34385107.0
ASHOKLEY,2026-04-10,172.9,178.38,172.13,178.02,39293953.0
ASHOKLEY,2026-04-13,172.0,174.0,170.4,172.06,21624635.0
ASHOKLEY,2026-04-15,176.96,179.09,175.0,175.48,21564266.0
ASHOKLEY,2026-04-16,177.8,177.89,174.75,176.73,15255848.0
ASHOKLEY,2026-04-17,177.47,177.47,173.17,174.78,21780071.0
ASHOKLEY,2026-04-20,175.32,177.44,172.79,175.96,11967504.0
ASHOKLEY,2026-04-21,176.0,178.88,175.98,176.61,11828616.0
ASHOKLEY,2026-04-22,176.5,181.39,175.6,178.97,19948964.0
ASHOKLEY,2026-04-23,177.0,177.79,169.25,170.63,33563795.0
ASHOKLEY,2026-04-24,170.69,172.2,168.37,169.9,13081619.0
ASHOKLEY,2026-04-27,170.68,171.49,167.75,169.3,15010298.0
ASHOKLEY,2026-04-28,169.26,172.01,167.01,167.52,17796360.0
ASHOKLEY,2026-04-29,168.35,169.26,165.11,165.73,16722649.0
ASHOKLEY,2026-04-30,164.72,164.72,160.26,162.09,22015141.0
ASHOKLEY,2026-05-04,162.29,164.05,159.1,160.77,19498224.0
ASHOKLEY,2026-05-05,160.0,161.66,158.59,160.25,12578926.0
ASHOKLEY,2026-05-06,163.5,169.11,160.5,167.8,22189983.0
ASHOKLEY,2026-05-07,168.99,172.8,166.41,170.78,28275087.0
ASHOKLEY,2026-05-08,170.0,170.0,167.27,168.57,15023366.0
ASHOKLEY,2026-05-11,166.38,166.38,161.0,161.52,15637259.0
ASHOKLEY,2026-05-12,160.8,161.47,155.1,155.95,15383319.0
ASHOKLEY,2026-05-13,155.95,157.36,152.76,153.21,25946243.0
ASHOKLEY,2026-05-14,154.09,155.38,149.89,154.34,43395207.0
ASHOKLEY,2026-05-15,154.6,157.35,152.12,153.13,23889114.0
ASHOKLEY,2026-05-18,152.0,152.0,148.76,151.14,18556084.0
ASHOKLEY,2026-05-19,150.61,153.16,149.02,151.38,22007430.0
ASHOKLEY,2026-05-20,150.0,154.5,148.8,153.61,24202471.0
ASHOKLEY,2026-05-21,156.0,158.48,153.75,154.48,23665678.0
ASHOKLEY,2026-05-22,155.0,158.74,154.05,158.21,18694921.0
ASHOKLEY,2026-05-25,160.1,165.8,160.1,164.08,30680951.0
ASHOKLEY,2026-05-26,164.28,164.3,159.73,160.54,24236258.0
ASIANPAINT,2025-05-21,2296.0,2316.2,2290.0,2312.4,469330.0
ASIANPAINT,2025-05-22,2309.2,2310.0,2283.1,2299.2,916504.0
ASIANPAINT,2025-05-23,2301.8,2329.0,2295.0,2315.5,458035.0
ASIANPAINT,2025-05-26,2316.0,2338.0,2302.8,2327.2,1258062.0
ASIANPAINT,2025-05-27,2313.1,2351.6,2301.1,2327.6,2485428.0
ASIANPAINT,2025-05-28,2327.6,2333.0,2300.3,2303.2,774808.0
ASIANPAINT,2025-05-29,2303.2,2309.0,2286.5,2294.3,1414643.0
ASIANPAINT,2025-05-30,2296.5,2304.0,2255.0,2259.1,3610474.0
ASIANPAINT,2025-06-02,2259.1,2272.3,2257.9,2266.7,702789.0
ASIANPAINT,2025-06-03,2272.6,2287.3,2246.7,2255.7,792587.0
ASIANPAINT,2025-06-04,2249.5,2261.0,2240.9,2249.0,768084.0
ASIANPAINT,2025-06-05,2251.1,2261.0,2233.0,2243.5,996615.0
ASIANPAINT,2025-06-06,2249.1,2252.6,2239.0,2245.2,822087.0
ASIANPAINT,2025-06-09,2240.0,2255.8,2236.0,2247.9,1041859.0
ASIANPAINT,2025-06-10,2240.0,2240.0,2215.2,2218.9,1809078.0
ASIANPAINT,2025-06-11,2209.0,2225.9,2207.2,2208.8,1431027.0
ASIANPAINT,2025-06-12,2224.0,2263.0,2208.1,2219.4,3417375.0
ASIANPAINT,2025-06-12,2201.0,2201.0,2201.0,2201.0,35000000.0
ASIANPAINT,2025-06-13,2175.0,2217.1,2174.8,2214.2,1786808.0
ASIANPAINT,2025-06-16,2207.0,2207.0,2207.0,2207.0,8500000.0
ASIANPAINT,2025-06-16,2214.2,2250.0,2209.3,2244.8,1301826.0
ASIANPAINT,2025-06-17,2231.0,2281.0,2227.0,2264.8,1540986.0
ASIANPAINT,2025-06-18,2257.0,2284.0,2255.0,2281.4,1131156.0
ASIANPAINT,2025-06-19,2270.0,2285.0,2264.0,2268.0,524936.0
ASIANPAINT,2025-06-20,2267.0,2289.9,2263.0,2285.7,1945030.0
ASIANPAINT,2025-06-23,2261.2,2272.8,2253.9,2264.1,596186.0
ASIANPAINT,2025-06-24,2305.0,2309.7,2268.9,2275.3,1044179.0
ASIANPAINT,2025-06-25,2276.1,2294.3,2275.4,2279.9,807391.0
ASIANPAINT,2025-06-26,2287.0,2292.6,2280.2,2289.8,921519.0
ASIANPAINT,2025-06-27,2283.0,2364.5,2277.1,2358.7,1555259.0
ASIANPAINT,2025-06-30,2362.0,2369.9,2326.1,2341.1,785414.0
ASIANPAINT,2025-07-01,2380.5,2400.0,2350.2,2369.5,1232160.0
ASIANPAINT,2025-07-02,2340.0,2430.0,2327.0,2419.4,1936060.0
ASIANPAINT,2025-07-03,2428.9,2464.4,2425.0,2430.9,1547489.0
ASIANPAINT,2025-07-04,2430.9,2443.0,2412.0,2424.2,602320.0
ASIANPAINT,2025-07-07,2423.3,2465.1,2421.0,2442.8,869054.0
ASIANPAINT,2025-07-08,2440.5,2488.0,2437.3,2484.6,1136367.0
ASIANPAINT,2025-07-09,2520.5,2535.0,2492.9,2498.9,2328785.0
ASIANPAINT,2025-07-10,2507.3,2512.0,2445.1,2451.2,932978.0
ASIANPAINT,2025-07-11,2447.5,2484.8,2435.5,2439.2,1050466.0
ASIANPAINT,2025-07-14,2439.2,2439.2,2439.2,2439.2,141204.0
ASIANPAINT,2025-07-14,2431.1,2448.6,2391.0,2401.6,891624.0
ASIANPAINT,2025-07-15,2409.9,2415.0,2386.3,2393.5,610228.0
ASIANPAINT,2025-07-16,2381.0,2422.4,2371.0,2410.5,1200913.0
ASIANPAINT,2025-07-17,2404.1,2414.0,2394.0,2398.9,526164.0
ASIANPAINT,2025-07-18,2400.6,2405.0,2372.3,2382.4,599552.0
ASIANPAINT,2025-07-21,2382.4,2408.0,2360.8,2375.4,390934.0
ASIANPAINT,2025-07-22,2375.4,2380.8,2361.3,2365.2,411317.0
ASIANPAINT,2025-07-23,2363.0,2384.7,2352.6,2375.4,368999.0
ASIANPAINT,2025-07-24,2375.4,2380.0,2341.0,2352.1,506960.0
ASIANPAINT,2025-07-25,2340.0,2350.5,2325.8,2336.2,383636.0
ASIANPAINT,2025-07-28,2336.2,2366.4,2320.0,2359.6,650364.0
ASIANPAINT,2025-07-29,2359.0,2418.3,2325.0,2401.5,1742815.0
ASIANPAINT,2025-07-30,2409.0,2443.8,2366.5,2415.8,1685818.0
ASIANPAINT,2025-07-31,2401.4,2417.2,2373.5,2396.1,1274735.0
ASIANPAINT,2025-08-01,2378.0,2472.0,2378.0,2431.0,2225293.0
ASIANPAINT,2025-08-04,2443.2,2467.0,2439.6,2449.8,1165898.0
ASIANPAINT,2025-08-05,2461.9,2463.7,2409.1,2436.8,659094.0
ASIANPAINT,2025-08-06,2440.0,2505.6,2440.0,2491.2,2019109.0
ASIANPAINT,2025-08-07,2484.1,2510.0,2466.9,2506.5,1502806.0
ASIANPAINT,2025-08-08,2506.5,2511.7,2468.5,2475.6,1178226.0
ASIANPAINT,2025-08-11,2463.9,2504.2,2452.0,2489.1,721135.0
ASIANPAINT,2025-08-12,2489.1,2502.8,2474.0,2478.3,608984.0
ASIANPAINT,2025-08-13,2479.8,2504.4,2461.2,2500.2,350844.0
ASIANPAINT,2025-08-14,2505.0,2534.9,2497.7,2528.7,1088550.0
ASIANPAINT,2025-08-18,2550.0,2595.0,2536.6,2587.4,1755615.0
ASIANPAINT,2025-08-19,2587.4,2595.0,2561.2,2579.4,698587.0
ASIANPAINT,2025-08-20,2578.0,2579.3,2563.4,2570.1,308028.0
ASIANPAINT,2025-08-21,2574.9,2576.0,2559.3,2566.6,781082.0
ASIANPAINT,2025-08-22,2562.8,2569.3,2501.1,2504.5,523774.0
ASIANPAINT,2025-08-25,2516.0,2522.5,2476.0,2492.9,766497.0
ASIANPAINT,2025-08-26,2481.1,2523.3,2468.0,2481.4,7106393.0
ASIANPAINT,2025-08-28,2465.0,2528.0,2465.0,2489.0,1485769.0
ASIANPAINT,2025-08-29,2491.0,2531.6,2490.0,2518.6,1798653.0
ASIANPAINT,2025-09-01,2518.0,2577.8,2515.1,2570.2,1314833.0
ASIANPAINT,2025-09-02,2569.0,2571.9,2531.0,2540.0,1024054.0
ASIANPAINT,2025-09-03,2530.0,2565.1,2527.3,2553.9,925847.0
ASIANPAINT,2025-09-04,2553.9,2583.0,2553.0,2568.6,933071.0
ASIANPAINT,2025-09-05,2565.0,2602.0,2565.0,2579.9,1153436.0
ASIANPAINT,2025-09-08,2579.9,2589.6,2526.4,2530.8,742880.0
ASIANPAINT,2025-09-09,2540.0,2551.6,2524.8,2537.3,702450.0
ASIANPAINT,2025-09-10,2537.3,2555.0,2525.1,2543.3,520584.0
ASIANPAINT,2025-09-11,2541.0,2559.5,2535.7,2555.9,423961.0
ASIANPAINT,2025-09-12,2560.0,2568.3,2537.2,2546.3,547539.0
ASIANPAINT,2025-09-15,2535.1,2543.5,2498.0,2502.6,583051.0
ASIANPAINT,2025-09-16,2495.0,2509.9,2474.5,2480.9,760790.0
ASIANPAINT,2025-09-17,2482.0,2496.9,2480.8,2493.6,359627.0
ASIANPAINT,2025-09-18,2497.9,2506.2,2469.3,2478.7,400796.0
ASIANPAINT,2025-09-19,2475.0,2509.5,2468.5,2481.7,3731525.0
ASIANPAINT,2025-09-22,2494.1,2503.0,2474.1,2482.7,872806.0
ASIANPAINT,2025-09-23,2472.1,2483.8,2428.0,2446.9,1332111.0
ASIANPAINT,2025-09-24,2446.0,2475.0,2443.2,2457.2,637749.0
ASIANPAINT,2025-09-25,2458.5,2462.7,2388.0,2404.0,1518215.0
ASIANPAINT,2025-09-26,2397.5,2400.0,2339.0,2342.8,1089446.0
ASIANPAINT,2025-09-29,2342.9,2363.7,2329.2,2342.6,950369.0
ASIANPAINT,2025-09-30,2352.0,2388.8,2340.0,2350.0,778874.0
ASIANPAINT,2025-10-01,2353.4,2357.0,2321.2,2335.8,648279.0
ASIANPAINT,2025-10-03,2342.2,2362.7,2336.1,2357.8,659872.0
ASIANPAINT,2025-10-06,2355.0,2359.2,2334.1,2354.8,362107.0
ASIANPAINT,2025-10-07,2368.0,2368.0,2368.0,2368.0,180538.0
ASIANPAINT,2025-10-07,2355.0,2371.4,2346.0,2352.8,498524.0
ASIANPAINT,2025-10-08,2360.0,2369.4,2320.0,2328.5,701799.0
ASIANPAINT,2025-10-08,2327.0,2327.0,2327.0,2327.0,180537.0
ASIANPAINT,2025-10-09,2328.5,2341.0,2323.8,2336.4,587567.0
ASIANPAINT,2025-10-10,2338.9,2357.8,2336.6,2340.2,1117236.0
ASIANPAINT,2025-10-13,2340.2,2366.6,2337.0,2342.5,667732.0
ASIANPAINT,2025-10-14,2342.4,2355.0,2308.0,2318.1,353345.0
ASIANPAINT,2025-10-15,2330.0,2384.0,2325.0,2375.1,753640.0
ASIANPAINT,2025-10-16,2377.0,2420.8,2366.9,2409.7,715890.0
ASIANPAINT,2025-10-17,2421.0,2544.0,2421.0,2507.8,3719960.0
ASIANPAINT,2025-10-20,2507.8,2537.1,2500.7,2516.0,714986.0
ASIANPAINT,2025-10-21,2513.0,2519.2,2484.0,2504.6,107942.0
ASIANPAINT,2025-10-23,2518.9,2546.0,2496.8,2502.4,811738.0
ASIANPAINT,2025-10-24,2495.0,2506.7,2486.3,2501.6,327596.0
ASIANPAINT,2025-10-27,2501.6,2530.0,2499.6,2518.8,550089.0
ASIANPAINT,2025-10-28,2515.0,2528.6,2492.0,2509.3,1103957.0
ASIANPAINT,2025-10-29,2520.0,2550.8,2512.5,2538.7,615292.0
ASIANPAINT,2025-10-30,2535.5,2538.7,2513.3,2523.5,736486.0
ASIANPAINT,2025-10-31,2523.4,2530.0,2505.3,2510.8,609128.0
ASIANPAINT,2025-11-03,2496.2,2515.3,2495.0,2512.2,425210.0
ASIANPAINT,2025-11-04,2510.0,2521.0,2479.7,2486.7,527087.0
ASIANPAINT,2025-11-06,2560.1,2631.0,2560.1,2602.9,4448622.0
ASIANPAINT,2025-11-07,2602.9,2618.9,2585.0,2613.8,791663.0
ASIANPAINT,2025-11-10,2613.8,2666.8,2611.1,2650.4,1706880.0
ASIANPAINT,2025-11-11,2650.4,2664.9,2633.4,2657.2,776404.0
ASIANPAINT,2025-11-12,2660.0,2838.7,2642.1,2769.8,2859196.0
ASIANPAINT,2025-11-13,2858.9,2897.1,2840.0,2879.4,5933630.0
ASIANPAINT,2025-11-14,2865.1,2909.9,2862.0,2906.4,2494076.0
ASIANPAINT,2025-11-17,2906.4,2926.9,2880.0,2887.9,1230683.0
ASIANPAINT,2025-11-18,2886.0,2916.0,2862.1,2906.0,1819066.0
ASIANPAINT,2025-11-19,2914.0,2916.0,2887.2,2893.7,1387906.0
ASIANPAINT,2025-11-20,2897.4,2906.1,2852.5,2859.8,1062883.0
ASIANPAINT,2025-11-21,2869.0,2895.6,2854.1,2876.6,857340.0
ASIANPAINT,2025-11-24,2876.0,2896.5,2864.5,2879.2,5404326.0
ASIANPAINT,2025-11-25,2899.9,2908.5,2869.0,2875.8,972417.0
ASIANPAINT,2025-11-26,2880.0,2896.2,2857.6,2874.0,570376.0
ASIANPAINT,2025-11-27,2880.0,2914.5,2871.4,2879.1,1158685.0
ASIANPAINT,2025-11-28,2880.0,2889.9,2855.8,2874.4,748446.0
ASIANPAINT,2025-12-01,2877.7,2887.5,2848.0,2867.6,499153.0
ASIANPAINT,2025-12-02,2867.0,2962.0,2861.2,2954.4,2102147.0
ASIANPAINT,2025-12-03,2969.0,2969.2,2932.6,2953.5,1252456.0
ASIANPAINT,2025-12-04,2950.0,2985.7,2934.0,2957.2,1466098.0
ASIANPAINT,2025-12-05,2955.0,2973.5,2941.0,2968.5,944978.0
ASIANPAINT,2025-12-08,2970.0,2974.5,2914.8,2928.3,983544.0
ASIANPAINT,2025-12-09,2910.0,2913.5,2788.5,2796.0,1839391.0
ASIANPAINT,2025-12-10,2810.0,2824.0,2796.7,2804.5,845073.0
ASIANPAINT,2025-12-11,2800.0,2811.6,2763.2,2779.4,777422.0
ASIANPAINT,2025-12-12,2795.0,2797.0,2746.0,2764.8,977696.0
ASIANPAINT,2025-12-15,2773.1,2802.0,2758.7,2780.2,1029674.0
ASIANPAINT,2025-12-16,2793.0,2808.0,2776.1,2790.9,916244.0
ASIANPAINT,2025-12-17,2800.0,2806.5,2772.0,2785.7,636499.0
ASIANPAINT,2025-12-18,2780.0,2793.8,2755.3,2759.7,417994.0
ASIANPAINT,2025-12-19,2766.4,2812.4,2759.7,2799.9,3895542.0
ASIANPAINT,2025-12-22,2785.8,2823.1,2780.3,2807.6,463953.0
ASIANPAINT,2025-12-23,2798.0,2819.0,2783.1,2807.8,431068.0
ASIANPAINT,2025-12-24,2807.8,2824.7,2782.0,2785.5,512144.0
ASIANPAINT,2025-12-26,2785.0,2794.4,2743.0,2746.5,532078.0
ASIANPAINT,2025-12-29,2746.5,2793.8,2735.0,2775.4,815529.0
ASIANPAINT,2025-12-30,2770.3,2792.4,2741.0,2758.3,4833527.0
ASIANPAINT,2025-12-31,2755.0,2796.8,2754.9,2769.5,1274705.0
ASIANPAINT,2026-01-01,2775.9,2782.7,2746.1,2752.0,327945.0
ASIANPAINT,2026-01-02,2755.8,2799.0,2755.8,2772.6,508884.0
ASIANPAINT,2026-01-05,2770.0,2828.0,2769.0,2815.6,866733.0
ASIANPAINT,2026-01-06,2820.0,2848.4,2811.6,2845.8,875891.0
ASIANPAINT,2026-01-07,2845.8,2854.7,2801.1,2809.4,636748.0
ASIANPAINT,2026-01-08,2795.0,2804.7,2770.1,2786.5,620031.0
ASIANPAINT,2026-01-09,2789.9,2856.7,2786.2,2825.5,1657381.0
ASIANPAINT,2026-01-12,2826.0,2900.0,2808.0,2896.4,1743901.0
ASIANPAINT,2026-01-13,2900.0,2914.5,2870.8,2886.3,1051986.0
ASIANPAINT,2026-01-14,2884.0,2884.0,2807.3,2813.9,958254.0
ASIANPAINT,2026-01-16,2787.9,2826.5,2750.5,2756.9,1143463.0
ASIANPAINT,2026-01-19,2756.9,2786.3,2724.7,2754.0,1342048.0
ASIANPAINT,2026-01-20,2740.0,2740.1,2669.3,2675.6,911151.0
ASIANPAINT,2026-01-21,2670.0,2688.0,2648.0,2661.1,914318.0
ASIANPAINT,2026-01-22,2665.3,2729.9,2665.3,2703.8,1290346.0
ASIANPAINT,2026-01-23,2703.8,2782.9,2690.8,2703.7,1786635.0
ASIANPAINT,2026-01-27,2719.9,2734.7,2546.0,2622.8,3818761.0
ASIANPAINT,2026-01-28,2535.0,2548.5,2451.0,2511.8,3430002.0
ASIANPAINT,2026-01-29,2511.8,2514.9,2410.0,2416.0,3488159.0
ASIANPAINT,2026-01-30,2417.0,2445.0,2400.5,2428.3,2048843.0
ASIANPAINT,2026-02-01,2439.0,2439.0,2343.1,2357.0,801746.0
ASIANPAINT,2026-02-02,2374.9,2429.5,2372.0,2402.0,1183482.0
ASIANPAINT,2026-02-03,2525.0,2525.0,2391.0,2426.0,2233860.0
ASIANPAINT,2026-02-04,2430.0,2463.8,2417.1,2452.7,970973.0
ASIANPAINT,2026-02-05,2445.0,2455.8,2402.6,2432.1,1047405.0
ASIANPAINT,2026-02-06,2432.0,2444.0,2386.1,2401.1,1043982.0
ASIANPAINT,2026-02-09,2404.0,2426.2,2396.8,2417.4,669839.0
ASIANPAINT,2026-02-10,2419.0,2420.0,2386.9,2393.6,1513620.0
ASIANPAINT,2026-02-11,2399.0,2405.7,2376.3,2392.5,3177710.0
ASIANPAINT,2026-02-12,2398.0,2413.9,2377.0,2410.5,607767.0
ASIANPAINT,2026-02-13,2408.9,2411.8,2360.1,2366.4,675635.0
ASIANPAINT,2026-02-16,2360.0,2405.1,2356.8,2397.2,683108.0
ASIANPAINT,2026-02-17,2399.5,2452.4,2399.5,2437.4,1004356.0
ASIANPAINT,2026-02-18,2440.0,2448.2,2416.5,2432.1,551809.0
ASIANPAINT,2026-02-19,2420.0,2428.0,2391.1,2400.8,971600.0
ASIANPAINT,2026-02-20,2378.2,2435.7,2376.1,2428.1,790329.0
ASIANPAINT,2026-02-23,2424.7,2446.6,2411.5,2429.7,634365.0
ASIANPAINT,2026-02-24,2413.0,2441.5,2403.7,2413.1,499660.0
ASIANPAINT,2026-02-25,2416.0,2427.9,2400.0,2416.4,526764.0
ASIANPAINT,2026-02-26,2416.1,2422.2,2382.0,2394.9,588742.0
ASIANPAINT,2026-02-27,2385.0,2397.6,2359.0,2376.2,2531619.0
ASIANPAINT,2026-03-02,2300.0,2337.9,2283.5,2307.1,2528308.0
ASIANPAINT,2026-03-04,2260.7,2290.9,2216.3,2285.2,1610358.0
ASIANPAINT,2026-03-05,2285.2,2313.0,2253.7,2287.8,925040.0
ASIANPAINT,2026-03-06,2261.7,2307.9,2253.7,2279.5,979742.0
ASIANPAINT,2026-03-09,2200.0,2230.0,2162.6,2220.8,2198153.0
ASIANPAINT,2026-03-10,2251.6,2305.1,2251.6,2280.4,1192174.0
ASIANPAINT,2026-03-11,2290.0,2302.0,2226.0,2232.0,687786.0
ASIANPAINT,2026-03-12,2208.0,2249.9,2201.0,2221.2,1384055.0
ASIANPAINT,2026-03-13,2204.7,2219.7,2190.0,2196.8,949233.0
ASIANPAINT,2026-03-16,2185.4,2227.8,2175.1,2217.7,1111587.0
ASIANPAINT,2026-03-17,2217.7,2261.5,2217.2,2238.2,875461.0
ASIANPAINT,2026-03-18,2235.1,2270.4,2228.6,2262.1,844912.0
ASIANPAINT,2026-03-19,2220.0,2239.0,2180.6,2186.0,889334.0
ASIANPAINT,2026-03-20,2210.9,2224.5,2185.0,2195.4,875920.0
ASIANPAINT,2026-03-23,2180.0,2180.0,2115.0,2121.3,978398.0
ASIANPAINT,2026-03-24,2184.0,2224.5,2153.3,2217.3,1561016.0
ASIANPAINT,2026-03-25,2225.1,2289.7,2222.0,2270.2,1270855.0
ASIANPAINT,2026-03-27,2246.3,2269.0,2201.1,2207.4,1089010.0
ASIANPAINT,2026-03-30,2185.3,2202.9,2151.0,2165.2,1513565.0
ASIANPAINT,2026-04-01,2224.8,2246.6,2198.4,2225.8,1209900.0
ASIANPAINT,2026-04-02,2185.0,2185.1,2142.4,2169.0,1854061.0
ASIANPAINT,2026-04-06,2169.0,2193.2,2145.9,2184.3,2048228.0
ASIANPAINT,2026-04-07,2167.7,2198.7,2145.0,2186.2,1793007.0
ASIANPAINT,2026-04-08,2284.5,2336.9,2245.2,2282.4,2914767.0
ASIANPAINT,2026-04-09,2275.0,2289.6,2252.0,2269.6,1980060.0
ASIANPAINT,2026-04-10,2267.7,2376.9,2267.7,2360.7,3018178.0
ASIANPAINT,2026-04-13,2279.9,2362.5,2262.0,2352.4,1734562.0
ASIANPAINT,2026-04-15,2400.5,2426.0,2381.0,2423.1,1182431.0
ASIANPAINT,2026-04-16,2435.0,2446.6,2411.6,2440.3,1496210.0
ASIANPAINT,2026-04-17,2425.0,2486.1,2417.5,2464.0,1286575.0
ASIANPAINT,2026-04-20,2470.0,2523.8,2456.5,2516.8,1203157.0
ASIANPAINT,2026-04-21,2516.3,2582.0,2513.7,2543.6,1681872.0
ASIANPAINT,2026-04-22,2500.0,2572.0,2500.0,2562.9,1126584.0
ASIANPAINT,2026-04-23,2530.0,2541.7,2510.0,2521.4,1378614.0
ASIANPAINT,2026-04-24,2521.4,2538.9,2470.7,2485.1,436871.0
ASIANPAINT,2026-04-27,2503.0,2519.8,2475.5,2485.2,452134.0
ASIANPAINT,2026-04-28,2475.0,2499.0,2456.1,2462.6,556571.0
ASIANPAINT,2026-04-29,2469.9,2477.9,2438.6,2447.3,603585.0
ASIANPAINT,2026-04-30,2426.7,2455.9,2385.5,2444.5,823684.0
ASIANPAINT,2026-05-04,2460.0,2507.0,2442.3,2448.1,581159.0
ASIANPAINT,2026-05-05,2430.0,2454.9,2415.0,2430.0,327682.0
ASIANPAINT,2026-05-06,2460.0,2529.0,2440.4,2519.0,1395987.0
ASIANPAINT,2026-05-07,2534.6,2555.8,2511.3,2530.6,1053513.0
ASIANPAINT,2026-05-08,2540.0,2607.4,2515.4,2599.9,2327900.0
ASIANPAINT,2026-05-11,2578.9,2607.9,2555.0,2566.1,1271257.0
ASIANPAINT,2026-05-12,2546.2,2555.7,2500.0,2505.5,628802.0
ASIANPAINT,2026-05-13,2554.0,2642.4,2554.0,2617.6,3515018.0
ASIANPAINT,2026-05-14,2620.0,2665.7,2610.0,2622.2,1040916.0
ASIANPAINT,2026-05-15,2622.2,2640.0,2592.8,2605.6,796240.0
ASIANPAINT,2026-05-18,2580.1,2619.4,2556.0,2614.0,898479.0
ASIANPAINT,2026-05-19,2629.0,2646.0,2595.1,2600.7,688639.0
ASIANPAINT,2026-05-20,2562.0,2614.0,2562.0,2598.6,586190.0
ASIANPAINT,2026-05-21,2625.0,2648.3,2590.8,2598.8,1031843.0
ASIANPAINT,2026-05-22,2606.1,2664.7,2600.2,2639.8,1556434.0
ASIANPAINT,2026-05-25,2672.0,2684.1,2653.2,2657.8,815621.0
ASIANPAINT,2026-05-26,2650.0,2664.3,2635.9,2647.0,486267.0
ASPINWALL,2025-05-21,299.0,299.0,282.55,291.75,8647.0
ASPINWALL,2025-05-22,289.95,296.35,286.2,288.25,4005.0
ASPINWALL,2025-05-23,281.5,293.8,281.5,290.8,3336.0
ASPINWALL,2025-05-26,290.8,292.95,288.15,291.2,2669.0
ASPINWALL,2025-05-27,291.0,308.8,286.1,301.95,27136.0
ASPINWALL,2025-05-28,305.1,310.0,301.0,304.8,17212.0
ASPINWALL,2025-05-29,290.9,298.8,280.35,285.0,76010.0
ASPINWALL,2025-05-30,289.7,290.0,281.85,282.45,3007.0
ASPINWALL,2025-06-02,281.55,287.4,275.0,281.0,13407.0
ASPINWALL,2025-06-03,283.6,285.7,282.0,283.4,5347.0
ASPINWALL,2025-06-04,285.1,286.55,282.1,284.05,2478.0
ASPINWALL,2025-06-05,285.35,286.0,280.7,281.55,1942.0
ASPINWALL,2025-06-06,284.65,286.0,282.25,282.7,4312.0
ASPINWALL,2025-06-09,281.6,289.95,281.6,286.35,5414.0
ASPINWALL,2025-06-10,287.75,288.95,284.2,285.05,5025.0
ASPINWALL,2025-06-11,285.5,288.5,285.0,285.8,2952.0
ASPINWALL,2025-06-12,286.45,289.0,285.0,286.3,2788.0
ASPINWALL,2025-06-13,281.35,286.0,276.2,285.1,3439.0
ASPINWALL,2025-06-16,282.1,288.65,282.1,285.45,2331.0
ASPINWALL,2025-06-17,288.5,288.5,285.0,285.25,3086.0
ASPINWALL,2025-06-18,288.0,288.0,282.25,283.4,2042.0
ASPINWALL,2025-06-19,284.1,285.35,278.4,280.5,3724.0
ASPINWALL,2025-06-20,282.5,287.8,280.35,282.1,3067.0
ASPINWALL,2025-06-23,281.6,285.5,280.0,280.9,5835.0
ASPINWALL,2025-06-24,283.6,310.0,282.0,299.75,71862.0
ASPINWALL,2025-06-25,307.0,307.0,296.7,297.45,5957.0
ASPINWALL,2025-06-26,304.0,304.0,288.2,291.55,10997.0
ASPINWALL,2025-06-27,294.85,304.85,294.85,302.05,17526.0
ASPINWALL,2025-06-30,302.6,302.95,297.35,300.9,4628.0
ASPINWALL,2025-07-01,297.5,300.35,296.25,297.0,3047.0
ASPINWALL,2025-07-02,296.0,298.95,291.0,291.45,5303.0
ASPINWALL,2025-07-03,293.9,297.8,292.7,295.0,2301.0
ASPINWALL,2025-07-04,294.1,297.55,293.3,294.55,1330.0
ASPINWALL,2025-07-07,293.95,296.65,288.4,290.7,1636.0
ASPINWALL,2025-07-08,293.6,293.95,288.0,290.2,4060.0
ASPINWALL,2025-07-09,292.15,303.75,289.1,297.9,9855.0
ASPINWALL,2025-07-10,301.4,301.4,292.5,294.7,1603.0
ASPINWALL,2025-07-11,297.9,299.0,292.0,293.2,1447.0
ASPINWALL,2025-07-14,298.0,298.75,288.8,290.25,2521.0
ASPINWALL,2025-07-15,294.25,294.95,290.25,291.3,1037.0
ASPINWALL,2025-07-16,294.85,295.95,292.0,292.5,878.0
ASPINWALL,2025-07-17,297.2,298.35,290.5,291.85,1759.0
ASPINWALL,2025-07-18,291.0,295.2,291.0,293.55,3059.0
ASPINWALL,2025-07-21,297.65,298.0,294.0,295.65,459.0
ASPINWALL,2025-07-22,296.55,296.55,292.0,292.4,679.0
ASPINWALL,2025-07-23,293.0,309.85,291.5,301.85,11341.0
ASPINWALL,2025-07-24,315.0,315.0,297.35,299.4,14814.0
ASPINWALL,2025-07-25,298.0,303.95,292.0,295.65,5448.0
ASPINWALL,2025-07-28,292.3,302.45,285.0,286.15,4275.0
ASPINWALL,2025-07-29,287.15,292.4,281.05,287.95,3034.0
ASPINWALL,2025-07-30,292.2,292.2,285.6,286.8,1755.0
ASPINWALL,2025-07-31,286.2,288.6,285.1,286.35,2490.0
ASPINWALL,2025-08-01,285.85,294.8,285.05,293.25,5025.0
ASPINWALL,2025-08-04,293.95,295.4,291.2,293.65,788.0
ASPINWALL,2025-08-05,287.0,287.0,274.55,278.9,13847.0
ASPINWALL,2025-08-06,275.6,278.5,265.1,269.85,6913.0
ASPINWALL,2025-08-07,266.3,276.4,266.3,275.25,1667.0
ASPINWALL,2025-08-08,282.0,282.0,262.3,264.75,1998.0
ASPINWALL,2025-08-11,263.0,273.0,262.95,266.0,1544.0
ASPINWALL,2025-08-12,267.8,273.95,267.8,272.1,346.0
ASPINWALL,2025-08-13,289.0,298.0,268.15,271.1,62923.0
ASPINWALL,2025-08-14,273.7,276.8,266.35,268.75,5113.0
ASPINWALL,2025-08-18,269.35,275.75,269.35,271.2,1068.0
ASPINWALL,2025-08-19,271.2,276.0,271.0,272.5,3006.0
ASPINWALL,2025-08-20,274.05,274.2,268.35,270.0,2337.0
ASPINWALL,2025-08-21,270.6,272.25,269.2,270.8,611.0
ASPINWALL,2025-08-22,271.05,273.8,270.7,271.9,494.0
ASPINWALL,2025-08-25,274.65,274.65,270.0,270.2,862.0
ASPINWALL,2025-08-26,272.8,274.0,271.0,272.4,1633.0
ASPINWALL,2025-08-28,264.25,274.2,264.2,267.55,2505.0
ASPINWALL,2025-08-29,268.95,270.0,265.8,266.05,960.0
ASPINWALL,2025-09-01,269.25,269.85,268.0,268.5,275.0
ASPINWALL,2025-09-02,274.1,274.35,268.75,270.15,394.0
ASPINWALL,2025-09-03,273.6,273.6,269.95,270.5,680.0
ASPINWALL,2025-09-04,275.0,275.0,269.4,269.55,2160.0
ASPINWALL,2025-09-05,270.45,271.85,267.85,270.8,76.0
ASPINWALL,2025-09-08,269.95,277.8,268.3,269.75,4333.0
ASPINWALL,2025-09-09,274.4,274.4,266.35,266.9,1436.0
ASPINWALL,2025-09-10,268.0,273.4,267.2,270.05,1819.0
ASPINWALL,2025-09-11,273.5,273.5,268.15,268.9,608.0
ASPINWALL,2025-09-12,274.8,274.8,266.25,267.65,636.0
ASPINWALL,2025-09-15,272.75,272.75,268.0,269.15,610.0
ASPINWALL,2025-09-16,272.5,274.45,269.25,271.45,1873.0
ASPINWALL,2025-09-17,268.2,274.0,268.2,272.3,1163.0
ASPINWALL,2025-09-18,274.6,274.6,268.25,270.6,1193.0
ASPINWALL,2025-09-19,271.0,274.0,271.0,272.7,1825.0
ASPINWALL,2025-09-22,273.25,273.95,267.4,269.0,9462.0
ASPINWALL,2025-09-23,270.0,270.0,266.25,269.9,1619.0
ASPINWALL,2025-09-24,262.4,275.0,262.4,273.0,964.0
ASPINWALL,2025-09-25,270.3,272.0,270.0,270.0,698.0
ASPINWALL,2025-09-26,267.3,269.0,267.3,268.75,403.0
ASPINWALL,2025-09-29,272.85,272.85,265.4,265.45,516.0
ASPINWALL,2025-09-30,267.0,269.45,263.35,264.3,461.0
ASPINWALL,2025-10-01,263.0,267.7,263.0,263.75,1130.0
ASPINWALL,2025-10-03,263.85,267.9,263.8,265.25,3459.0
ASPINWALL,2025-10-06,264.25,267.8,261.1,264.7,1719.0
ASPINWALL,2025-10-07,264.7,266.9,256.35,264.65,1316.0
ASPINWALL,2025-10-08,263.0,268.0,263.0,268.0,21344.0
ASPINWALL,2025-10-09,263.45,267.95,260.3,261.15,1670.0
ASPINWALL,2025-10-10,265.95,265.95,261.15,261.5,21518.0
ASPINWALL,2025-10-13,267.9,269.0,261.55,265.0,1048.0
ASPINWALL,2025-10-14,265.05,269.0,261.1,267.05,1696.0
ASPINWALL,2025-10-15,265.75,267.85,260.0,263.8,1911.0
ASPINWALL,2025-10-16,263.8,264.4,258.15,261.2,1690.0
ASPINWALL,2025-10-17,262.0,262.9,257.8,261.35,375.0
ASPINWALL,2025-10-20,261.35,262.8,257.65,262.3,522.0
ASPINWALL,2025-10-21,262.35,267.6,258.1,262.45,417.0
ASPINWALL,2025-10-23,267.0,267.0,260.25,264.25,95.0
ASPINWALL,2025-10-24,264.3,267.0,262.25,262.35,281.0
ASPINWALL,2025-10-27,262.1,262.35,259.25,261.0,383.0
ASPINWALL,2025-10-28,258.05,263.0,258.05,259.9,1388.0
ASPINWALL,2025-10-29,260.0,263.9,260.0,262.6,522.0
ASPINWALL,2025-10-30,260.0,266.6,259.3,262.5,2348.0
ASPINWALL,2025-11-03,263.45,272.85,258.0,271.5,2473.0
ASPINWALL,2025-11-04,271.5,271.5,260.25,262.55,2454.0
ASPINWALL,2025-11-06,262.55,266.95,254.0,256.45,1276.0
ASPINWALL,2025-11-07,256.5,258.9,250.2,255.0,2599.0
ASPINWALL,2025-11-10,258.0,260.0,250.8,253.2,579.0
ASPINWALL,2025-11-11,253.2,255.0,251.5,251.8,447.0
ASPINWALL,2025-11-12,251.8,256.75,251.6,255.65,459.0
ASPINWALL,2025-11-13,256.35,259.75,251.5,252.45,713.0
ASPINWALL,2025-11-14,250.0,254.5,250.0,252.1,1173.0
ASPINWALL,2025-11-17,251.5,284.0,251.5,268.7,26160.0
ASPINWALL,2025-11-18,268.7,271.95,263.1,264.55,1287.0
ASPINWALL,2025-11-19,263.0,263.05,247.45,252.35,4757.0
ASPINWALL,2025-11-20,260.25,260.75,256.4,259.15,2636.0
ASPINWALL,2025-11-21,259.0,259.0,251.05,254.85,401.0
ASPINWALL,2025-11-24,262.9,262.9,251.4,251.45,1610.0
ASPINWALL,2025-11-25,251.45,253.0,244.2,246.65,2699.0
ASPINWALL,2025-11-26,246.7,259.95,245.2,245.75,6074.0
ASPINWALL,2025-11-27,245.3,252.95,240.45,243.15,6702.0
ASPINWALL,2025-11-28,249.45,249.95,244.05,244.6,4713.0
ASPINWALL,2025-12-01,243.38,250.45,243.38,249.52,738.0
ASPINWALL,2025-12-02,249.0,249.0,247.9,247.98,804.0
ASPINWALL,2025-12-03,247.5,247.5,240.0,242.1,2336.0
ASPINWALL,2025-12-04,239.5,242.0,226.35,228.89,11313.0
ASPINWALL,2025-12-05,230.5,232.79,229.05,231.0,3458.0
ASPINWALL,2025-12-08,230.2,233.98,226.35,227.72,1027.0
ASPINWALL,2025-12-09,225.01,231.01,218.0,228.98,1286.0
ASPINWALL,2025-12-10,234.56,234.57,226.0,231.14,734.0
ASPINWALL,2025-12-11,231.5,232.8,224.31,226.48,3417.0
ASPINWALL,2025-12-12,229.89,242.4,229.89,236.8,3865.0
ASPINWALL,2025-12-15,230.32,237.86,230.32,231.63,281.0
ASPINWALL,2025-12-16,230.0,235.0,230.0,235.0,15.0
ASPINWALL,2025-12-17,232.65,235.0,229.95,230.01,1654.0
ASPINWALL,2025-12-18,230.21,230.21,214.0,218.66,15239.0
ASPINWALL,2025-12-19,228.79,234.75,218.66,227.08,10733.0
ASPINWALL,2025-12-22,230.01,236.0,229.3,231.0,1543.0
ASPINWALL,2025-12-23,230.01,237.49,230.0,232.78,447.0
ASPINWALL,2025-12-24,231.5,231.5,230.66,230.86,259.0
ASPINWALL,2025-12-26,227.5,235.0,227.5,231.91,1199.0
ASPINWALL,2025-12-29,231.91,231.93,223.37,227.93,912.0
ASPINWALL,2025-12-30,227.93,234.0,209.3,217.57,15112.0
ASPINWALL,2025-12-31,228.74,261.08,225.01,261.08,195111.0
ASPINWALL,2026-01-01,294.8,299.8,251.15,257.15,261050.0
ASPINWALL,2026-01-02,252.05,257.15,238.35,241.05,28420.0
ASPINWALL,2026-01-05,242.0,248.95,233.95,238.05,17930.0
ASPINWALL,2026-01-06,238.0,238.65,225.9,228.1,23294.0
ASPINWALL,2026-01-07,226.1,244.0,226.1,240.75,18114.0
ASPINWALL,2026-01-08,240.8,242.15,227.0,230.25,5772.0
ASPINWALL,2026-01-09,227.1,233.75,224.1,225.35,3737.0
ASPINWALL,2026-01-12,225.35,225.35,218.0,219.25,4109.0
ASPINWALL,2026-01-13,224.8,229.4,221.0,223.45,2586.0
ASPINWALL,2026-01-14,223.55,224.8,221.05,221.95,1748.0
ASPINWALL,2026-01-16,221.95,224.95,209.1,216.0,14959.0
ASPINWALL,2026-01-19,211.55,238.8,211.55,221.8,25543.0
ASPINWALL,2026-01-20,220.45,228.6,219.95,225.55,8902.0
ASPINWALL,2026-01-21,220.2,223.9,218.75,219.55,2248.0
ASPINWALL,2026-01-22,219.5,228.0,219.5,225.85,3942.0
ASPINWALL,2026-01-23,221.65,223.6,218.5,219.5,1141.0
ASPINWALL,2026-01-27,238.0,238.0,208.0,214.75,12596.0
ASPINWALL,2026-01-28,215.95,223.8,210.4,216.45,7244.0
ASPINWALL,2026-01-29,213.0,218.45,209.3,210.65,6962.0
ASPINWALL,2026-01-30,213.35,213.7,209.1,211.2,2704.0
ASPINWALL,2026-02-01,213.54,218.99,210.5,212.44,2193.0
ASPINWALL,2026-02-02,213.13,213.13,210.0,210.51,1620.0
ASPINWALL,2026-02-03,213.0,221.89,212.25,216.63,2572.0
ASPINWALL,2026-02-04,216.64,216.64,212.01,215.78,2909.0
ASPINWALL,2026-02-05,216.85,218.05,215.85,216.95,754.0
ASPINWALL,2026-02-06,216.95,216.95,211.0,212.66,1008.0
ASPINWALL,2026-02-09,230.0,239.0,223.01,226.7,12927.0
ASPINWALL,2026-02-10,227.26,232.0,227.25,228.83,3388.0
ASPINWALL,2026-02-11,228.1,231.49,224.26,226.35,2274.0
ASPINWALL,2026-02-12,228.34,230.99,223.51,227.94,1105.0
ASPINWALL,2026-02-13,226.0,226.0,214.23,216.74,8058.0
ASPINWALL,2026-02-16,212.1,221.95,212.1,219.61,3138.0
ASPINWALL,2026-02-17,221.99,221.99,215.4,218.11,939.0
ASPINWALL,2026-02-18,218.23,219.0,216.0,216.07,422.0
ASPINWALL,2026-02-19,218.0,222.01,208.77,211.74,8855.0
ASPINWALL,2026-02-20,214.01,214.99,210.01,213.39,2315.0
ASPINWALL,2026-02-23,213.39,218.3,213.39,214.88,862.0
ASPINWALL,2026-02-24,214.11,218.0,213.3,213.77,1819.0
ASPINWALL,2026-02-25,216.99,218.0,212.0,216.51,6929.0
ASPINWALL,2026-02-26,216.94,216.94,213.52,216.04,1701.0
ASPINWALL,2026-02-27,216.04,217.49,214.0,215.57,2154.0
ASPINWALL,2026-03-02,217.0,217.01,208.21,211.65,4293.0
ASPINWALL,2026-03-04,212.01,212.01,205.1,211.14,3315.0
ASPINWALL,2026-03-05,214.89,214.9,210.37,213.44,683.0
ASPINWALL,2026-03-06,213.44,220.0,210.5,211.29,2014.0
ASPINWALL,2026-03-09,209.0,215.0,204.0,209.77,2570.0
ASPINWALL,2026-03-10,218.0,220.0,209.12,218.75,6334.0
ASPINWALL,2026-03-11,216.31,219.98,214.0,214.2,661.0
ASPINWALL,2026-03-12,213.06,215.3,211.0,213.01,1212.0
ASPINWALL,2026-03-13,212.35,215.84,210.0,211.24,2103.0
ASPINWALL,2026-03-16,211.25,212.5,205.0,206.0,1769.0
ASPINWALL,2026-03-17,216.59,216.59,201.0,206.35,4424.0
ASPINWALL,2026-03-18,206.4,211.95,205.65,208.61,1065.0
ASPINWALL,2026-03-19,203.0,207.95,203.0,207.0,1657.0
ASPINWALL,2026-03-20,207.0,211.35,207.0,207.83,1200.0
ASPINWALL,2026-03-23,200.25,208.0,200.25,205.01,18284.0
ASPINWALL,2026-03-24,205.51,207.0,202.0,202.5,4192.0
ASPINWALL,2026-03-25,205.13,234.0,204.0,227.76,31644.0
ASPINWALL,2026-03-27,223.21,231.0,214.25,218.76,9456.0
ASPINWALL,2026-03-30,210.0,215.0,206.0,209.09,12117.0
ASPINWALL,2026-04-01,213.01,220.8,211.4,213.09,4446.0
ASPINWALL,2026-04-02,212.0,215.0,203.52,211.18,7261.0
ASPINWALL,2026-04-06,213.01,217.0,209.6,216.64,1000.0
ASPINWALL,2026-04-07,208.9,222.61,208.9,218.8,1211.0
ASPINWALL,2026-04-08,223.3,223.3,213.0,216.49,8460.0
ASPINWALL,2026-04-09,216.61,219.99,211.2,214.08,1717.0
ASPINWALL,2026-04-10,218.8,225.07,216.0,220.9,2161.0
ASPINWALL,2026-04-13,216.0,226.9,215.99,225.06,6338.0
ASPINWALL,2026-04-15,229.95,229.95,222.19,228.45,704.0
ASPINWALL,2026-04-16,222.13,228.5,222.13,224.94,969.0
ASPINWALL,2026-04-17,224.11,230.0,224.0,226.49,5044.0
ASPINWALL,2026-04-20,232.95,232.95,224.0,225.09,1471.0
ASPINWALL,2026-04-21,226.49,231.9,226.49,231.85,1552.0
ASPINWALL,2026-04-22,231.82,234.9,228.51,231.84,1876.0
ASPINWALL,2026-04-23,232.99,240.0,230.5,234.99,12656.0
ASPINWALL,2026-04-24,238.0,238.0,226.0,226.3,1103.0
ASPINWALL,2026-04-27,227.01,233.0,226.3,228.6,1140.0
ASPINWALL,2026-04-28,232.99,232.99,228.21,232.84,444.0
ASPINWALL,2026-04-29,234.0,234.0,226.16,227.91,1866.0
ASPINWALL,2026-04-30,232.0,232.5,223.69,229.2,546.0
ASPINWALL,2026-05-04,234.5,234.5,227.0,230.0,3.0
ASPINWALL,2026-05-05,227.1,229.2,227.1,228.06,188.0
ASPINWALL,2026-05-06,225.01,244.99,225.01,239.7,5410.0
ASPINWALL,2026-05-07,247.0,247.0,236.34,238.22,2219.0
ASPINWALL,2026-05-08,239.99,256.0,239.99,252.25,7404.0
ASPINWALL,2026-05-11,254.95,254.95,243.8,244.68,5563.0
ASPINWALL,2026-05-12,245.0,245.0,226.6,234.91,1692.0
ASPINWALL,2026-05-13,230.0,241.8,230.0,235.9,1962.0
ASPINWALL,2026-05-14,227.5,240.65,227.5,234.8,966.0
ASPINWALL,2026-05-15,239.79,244.98,226.35,234.0,2504.0
ASPINWALL,2026-05-18,231.0,231.95,224.57,229.33,1614.0
ASPINWALL,2026-05-19,229.33,231.28,226.3,229.8,1209.0
ASPINWALL,2026-05-20,230.1,233.0,220.0,227.96,3643.0
ASPINWALL,2026-05-21,233.0,233.0,227.0,227.39,349.0
ASPINWALL,2026-05-22,224.05,227.75,222.99,226.96,1943.0
ASPINWALL,2026-05-25,227.0,233.95,227.0,230.93,4455.0
ASPINWALL,2026-05-26,229.1,236.5,229.1,234.2,1569.0
AUROPHARMA,2025-05-21,1187.2,1223.9,1187.2,1204.1,1378799.0
AUROPHARMA,2025-05-22,1208.0,1210.8,1176.0,1188.2,654454.0
AUROPHARMA,2025-05-23,1194.0,1200.8,1179.2,1197.1,395839.0
AUROPHARMA,2025-05-26,1200.0,1208.2,1175.5,1180.9,590169.0
AUROPHARMA,2025-05-27,1172.9,1207.7,1165.0,1191.2,2537489.0
AUROPHARMA,2025-05-28,1189.5,1190.7,1142.0,1147.8,1847701.0
AUROPHARMA,2025-05-29,1160.0,1176.2,1147.0,1172.9,1501372.0
AUROPHARMA,2025-05-30,1172.0,1174.0,1144.3,1147.8,2022281.0
AUROPHARMA,2025-06-02,1151.0,1155.0,1131.1,1136.8,1025524.0
AUROPHARMA,2025-06-03,1136.8,1152.9,1128.9,1143.8,1839557.0
AUROPHARMA,2025-06-04,1145.0,1152.8,1135.1,1138.7,1100538.0
AUROPHARMA,2025-06-05,1141.8,1161.5,1141.8,1159.5,709775.0
AUROPHARMA,2025-06-06,1160.9,1174.6,1150.0,1161.1,392642.0
AUROPHARMA,2025-06-09,1161.9,1173.9,1158.1,1161.1,412132.0
AUROPHARMA,2025-06-10,1162.0,1172.5,1152.5,1170.9,564177.0
AUROPHARMA,2025-06-11,1194.3,1194.3,1156.4,1161.0,1341981.0
AUROPHARMA,2025-06-12,1164.8,1180.2,1151.0,1155.2,973800.0
AUROPHARMA,2025-06-13,1141.0,1155.0,1135.6,1150.2,1133056.0
AUROPHARMA,2025-06-16,1152.1,1157.0,1137.6,1145.4,878308.0
AUROPHARMA,2025-06-17,1145.4,1149.8,1094.4,1109.7,2690978.0
AUROPHARMA,2025-06-18,1109.7,1123.9,1101.0,1105.3,860409.0
AUROPHARMA,2025-06-19,1106.0,1111.4,1078.5,1082.5,976481.0
AUROPHARMA,2025-06-20,1087.9,1103.0,1081.0,1097.2,2471302.0
AUROPHARMA,2025-06-23,1094.1,1105.4,1087.2,1099.7,344580.0
AUROPHARMA,2025-06-24,1102.0,1118.5,1101.1,1104.2,400107.0
AUROPHARMA,2025-06-25,1117.0,1122.1,1106.8,1120.2,816916.0
AUROPHARMA,2025-06-26,1132.0,1135.0,1114.1,1123.2,1110836.0
AUROPHARMA,2025-06-27,1128.7,1138.8,1119.0,1121.0,1627657.0
AUROPHARMA,2025-06-30,1150.0,1159.9,1130.0,1134.8,1653812.0
AUROPHARMA,2025-07-01,1137.1,1138.5,1112.0,1132.5,961883.0
AUROPHARMA,2025-07-02,1133.0,1167.6,1131.1,1158.0,1558073.0
AUROPHARMA,2025-07-03,1164.0,1164.0,1144.2,1156.1,1234364.0
AUROPHARMA,2025-07-04,1160.1,1197.0,1158.6,1191.3,1933477.0
AUROPHARMA,2025-07-07,1188.0,1193.0,1176.0,1185.1,697326.0
AUROPHARMA,2025-07-08,1169.1,1171.9,1130.7,1147.7,2226072.0
AUROPHARMA,2025-07-09,1152.0,1164.5,1135.3,1142.6,1453848.0
AUROPHARMA,2025-07-10,1143.0,1151.0,1127.1,1129.9,869017.0
AUROPHARMA,2025-07-11,1135.0,1139.0,1115.2,1124.8,1058994.0
AUROPHARMA,2025-07-14,1124.7,1147.7,1122.6,1138.6,819943.0
AUROPHARMA,2025-07-15,1140.1,1157.0,1134.0,1152.0,847119.0
AUROPHARMA,2025-07-16,1151.8,1156.9,1143.8,1152.9,580099.0
AUROPHARMA,2025-07-17,1153.0,1166.8,1151.3,1154.2,549875.0
AUROPHARMA,2025-07-18,1155.0,1155.8,1136.7,1139.5,421109.0
AUROPHARMA,2025-07-21,1139.0,1148.6,1132.1,1138.5,330975.0
AUROPHARMA,2025-07-22,1139.0,1142.3,1100.0,1101.4,1119858.0
AUROPHARMA,2025-07-23,1104.1,1119.1,1104.1,1117.4,547355.0
AUROPHARMA,2025-07-24,1120.1,1130.0,1111.8,1114.1,1069867.0
AUROPHARMA,2025-07-25,1120.1,1130.7,1107.0,1122.8,695747.0
AUROPHARMA,2025-07-28,1124.0,1135.0,1118.7,1127.0,740682.0
AUROPHARMA,2025-07-29,1122.1,1160.7,1121.9,1158.1,800744.0
AUROPHARMA,2025-07-30,1161.1,1162.7,1142.5,1158.0,672250.0
AUROPHARMA,2025-07-31,1150.0,1172.7,1135.0,1139.8,5490626.0
AUROPHARMA,2025-08-01,1142.0,1144.0,1075.3,1079.8,2025491.0
AUROPHARMA,2025-08-04,1085.1,1101.4,1076.0,1090.4,716719.0
AUROPHARMA,2025-08-05,1073.1,1109.4,1060.9,1079.3,2733423.0
AUROPHARMA,2025-08-06,1070.9,1085.0,1060.2,1072.3,1830084.0
AUROPHARMA,2025-08-07,1060.1,1084.3,1047.6,1069.6,947918.0
AUROPHARMA,2025-08-08,1070.1,1070.8,1039.2,1042.1,881747.0
AUROPHARMA,2025-08-11,1042.0,1056.4,1031.8,1052.9,796011.0
AUROPHARMA,2025-08-12,1052.5,1068.5,1045.1,1058.2,668937.0
AUROPHARMA,2025-08-13,1059.2,1083.6,1057.2,1078.2,444446.0
AUROPHARMA,2025-08-14,1081.0,1113.0,1070.0,1083.6,1154139.0
AUROPHARMA,2025-08-18,1093.7,1093.7,1070.8,1089.3,1030797.0
AUROPHARMA,2025-08-19,1092.0,1098.8,1086.0,1089.7,258816.0
AUROPHARMA,2025-08-20,1070.0,1078.0,1039.0,1046.4,4610136.0
AUROPHARMA,2025-08-21,1045.0,1054.6,1032.5,1041.0,1522514.0
AUROPHARMA,2025-08-22,1048.0,1056.6,1036.5,1050.4,1872943.0
AUROPHARMA,2025-08-25,1055.5,1075.9,1052.4,1067.4,763968.0
AUROPHARMA,2025-08-26,1065.0,1067.0,1042.7,1045.6,2586406.0
AUROPHARMA,2025-08-28,1046.7,1047.3,1021.7,1026.3,2342067.0
AUROPHARMA,2025-08-29,1035.1,1040.1,1020.0,1027.9,882168.0
AUROPHARMA,2025-09-01,1022.8,1035.8,1016.1,1025.0,1626317.0
AUROPHARMA,2025-09-02,1027.6,1032.9,1016.2,1022.2,947610.0
AUROPHARMA,2025-09-03,1025.0,1041.5,1021.0,1034.9,982554.0
AUROPHARMA,2025-09-04,1055.0,1055.0,1033.1,1036.0,422479.0
AUROPHARMA,2025-09-05,1038.3,1054.8,1033.2,1044.1,738814.0
AUROPHARMA,2025-09-08,1040.4,1052.6,1035.4,1040.2,415761.0
AUROPHARMA,2025-09-09,1041.0,1050.0,1036.0,1043.9,1036358.0
AUROPHARMA,2025-09-10,1053.0,1074.0,1048.0,1050.3,1684330.0
AUROPHARMA,2025-09-11,1065.0,1117.9,1061.3,1109.2,5850105.0
AUROPHARMA,2025-09-12,1103.1,1118.4,1091.0,1094.4,794187.0
AUROPHARMA,2025-09-15,1090.0,1105.9,1075.1,1100.1,1368536.0
AUROPHARMA,2025-09-16,1100.0,1109.0,1088.7,1091.6,1225324.0
AUROPHARMA,2025-09-17,1096.0,1103.8,1087.5,1095.7,796923.0
AUROPHARMA,2025-09-18,1100.5,1132.0,1095.8,1128.9,1829041.0
AUROPHARMA,2025-09-19,1130.0,1138.0,1116.9,1119.2,958952.0
AUROPHARMA,2025-09-22,1120.1,1127.0,1110.0,1117.4,1491052.0
AUROPHARMA,2025-09-23,1112.0,1124.0,1099.2,1109.9,1396979.0
AUROPHARMA,2025-09-24,1109.9,1112.6,1088.8,1090.9,1246781.0
AUROPHARMA,2025-09-25,1092.1,1108.7,1092.1,1097.0,1710962.0
AUROPHARMA,2025-09-26,1080.5,1100.3,1072.0,1090.0,2425821.0
AUROPHARMA,2025-09-29,1106.0,1106.1,1078.7,1089.5,1318867.0
AUROPHARMA,2025-09-30,1088.0,1097.9,1075.6,1083.9,588018.0
AUROPHARMA,2025-10-01,1086.9,1104.2,1083.9,1086.0,1043316.0
AUROPHARMA,2025-10-03,1095.0,1102.6,1086.8,1093.3,517528.0
AUROPHARMA,2025-10-06,1092.3,1100.0,1078.2,1096.5,645481.0
AUROPHARMA,2025-10-07,1099.0,1100.8,1074.9,1090.1,1177833.0
AUROPHARMA,2025-10-08,1091.5,1102.8,1066.8,1070.8,549749.0
AUROPHARMA,2025-10-09,1097.0,1126.3,1095.0,1119.9,4941010.0
AUROPHARMA,2025-10-10,1125.4,1143.8,1116.4,1130.3,1455177.0
AUROPHARMA,2025-10-13,1127.7,1139.9,1121.0,1136.8,1453641.0
AUROPHARMA,2025-10-14,1136.1,1137.7,1110.2,1124.8,1005434.0
AUROPHARMA,2025-10-15,1126.0,1129.4,1106.3,1109.0,543500.0
AUROPHARMA,2025-10-16,1107.0,1107.0,1107.0,1107.0,106228.0
AUROPHARMA,2025-10-16,1113.1,1116.7,1098.2,1106.3,1710790.0
AUROPHARMA,2025-10-17,1106.0,1113.5,1092.8,1101.0,938051.0
AUROPHARMA,2025-10-20,1106.0,1114.7,1098.0,1099.4,967532.0
AUROPHARMA,2025-10-21,1101.1,1106.7,1098.0,1100.5,64349.0
AUROPHARMA,2025-10-23,1120.0,1120.5,1096.2,1099.1,885643.0
AUROPHARMA,2025-10-24,1100.0,1108.0,1080.1,1085.0,761529.0
AUROPHARMA,2025-10-27,1094.4,1102.0,1085.1,1094.7,1423033.0
AUROPHARMA,2025-10-28,1094.0,1103.5,1081.4,1099.4,1130747.0
AUROPHARMA,2025-10-29,1104.0,1122.6,1098.7,1111.7,1369659.0
AUROPHARMA,2025-10-30,1113.1,1114.0,1091.2,1102.5,890530.0
AUROPHARMA,2025-10-31,1105.0,1155.8,1100.0,1138.9,3557298.0
AUROPHARMA,2025-11-03,1142.9,1163.8,1135.2,1158.6,2985845.0
AUROPHARMA,2025-11-04,1158.6,1162.9,1138.0,1149.1,1054886.0
AUROPHARMA,2025-11-06,1156.0,1157.8,1121.3,1140.6,1443663.0
AUROPHARMA,2025-11-07,1141.5,1143.8,1120.0,1123.8,363582.0
AUROPHARMA,2025-11-10,1126.1,1160.8,1123.8,1154.8,1384229.0
AUROPHARMA,2025-11-11,1158.0,1173.7,1153.5,1168.2,1481205.0
AUROPHARMA,2025-11-12,1170.0,1195.5,1160.9,1183.6,2367201.0
AUROPHARMA,2025-11-13,1191.0,1222.9,1185.6,1210.2,2637535.0
AUROPHARMA,2025-11-14,1210.2,1231.9,1202.9,1222.5,2055973.0
AUROPHARMA,2025-11-17,1222.5,1241.1,1218.3,1236.9,988088.0
AUROPHARMA,2025-11-18,1236.9,1249.9,1234.1,1239.3,1827771.0
AUROPHARMA,2025-11-19,1233.9,1244.3,1228.7,1235.8,744634.0
AUROPHARMA,2025-11-20,1236.1,1239.7,1203.8,1207.7,768820.0
AUROPHARMA,2025-11-21,1207.6,1218.8,1198.0,1205.9,497336.0
AUROPHARMA,2025-11-24,1205.9,1212.0,1189.6,1194.0,1266777.0
AUROPHARMA,2025-11-25,1192.0,1216.0,1190.6,1208.0,792811.0
AUROPHARMA,2025-11-26,1210.0,1237.3,1195.7,1227.4,1126656.0
AUROPHARMA,2025-11-27,1227.4,1239.0,1222.6,1235.8,667410.0
AUROPHARMA,2025-11-28,1238.0,1242.3,1216.0,1226.7,556120.0
AUROPHARMA,2025-12-01,1229.0,1229.0,1204.0,1216.2,692441.0
AUROPHARMA,2025-12-02,1216.0,1218.9,1207.4,1215.2,507178.0
AUROPHARMA,2025-12-03,1208.6,1214.0,1196.4,1208.9,718893.0
AUROPHARMA,2025-12-04,1215.4,1226.8,1209.1,1223.1,740597.0
AUROPHARMA,2025-12-05,1225.0,1226.4,1209.0,1217.6,394525.0
AUROPHARMA,2025-12-08,1217.6,1219.5,1173.3,1177.4,950895.0
AUROPHARMA,2025-12-09,1175.0,1178.3,1160.5,1163.6,585926.0
AUROPHARMA,2025-12-10,1161.0,1184.9,1161.0,1172.6,657177.0
AUROPHARMA,2025-12-11,1171.6,1185.7,1163.4,1172.2,704577.0
AUROPHARMA,2025-12-12,1175.1,1199.5,1170.4,1195.1,670100.0
AUROPHARMA,2025-12-15,1200.0,1200.2,1182.0,1186.3,458919.0
AUROPHARMA,2025-12-16,1182.2,1185.9,1172.1,1178.1,263419.0
AUROPHARMA,2025-12-17,1172.5,1196.8,1172.5,1193.0,736879.0
AUROPHARMA,2025-12-18,1190.0,1213.7,1176.6,1209.3,947784.0
AUROPHARMA,2025-12-19,1214.0,1240.7,1211.1,1225.1,1396499.0
AUROPHARMA,2025-12-22,1225.1,1234.9,1222.1,1224.5,476205.0
AUROPHARMA,2025-12-23,1230.0,1236.1,1206.2,1218.0,665122.0
AUROPHARMA,2025-12-24,1220.9,1226.7,1208.7,1211.4,253901.0
AUROPHARMA,2025-12-26,1213.7,1220.9,1203.8,1206.2,310348.0
AUROPHARMA,2025-12-29,1206.2,1214.1,1192.3,1200.1,1340558.0
AUROPHARMA,2025-12-30,1202.0,1208.9,1179.0,1186.3,1058434.0
AUROPHARMA,2025-12-31,1185.0,1193.8,1178.0,1183.0,928856.0
AUROPHARMA,2026-01-01,1190.0,1197.0,1170.2,1193.0,412064.0
AUROPHARMA,2026-01-02,1200.7,1217.5,1192.0,1215.4,516055.0
AUROPHARMA,2026-01-05,1220.0,1222.0,1199.0,1207.4,644075.0
AUROPHARMA,2026-01-06,1210.0,1238.8,1207.6,1231.3,1845753.0
AUROPHARMA,2026-01-07,1236.4,1270.8,1225.2,1235.4,2361570.0
AUROPHARMA,2026-01-08,1236.0,1236.0,1203.0,1206.1,879596.0
AUROPHARMA,2026-01-09,1206.0,1211.4,1188.0,1198.7,889120.0
AUROPHARMA,2026-01-12,1193.1,1197.8,1166.5,1172.9,689082.0
AUROPHARMA,2026-01-13,1185.0,1185.0,1154.4,1167.7,854954.0
AUROPHARMA,2026-01-14,1165.0,1189.1,1158.0,1180.1,726275.0
AUROPHARMA,2026-01-16,1174.2,1195.5,1166.3,1172.7,909022.0
AUROPHARMA,2026-01-19,1167.0,1177.0,1160.1,1167.6,546679.0
AUROPHARMA,2026-01-20,1167.6,1167.7,1137.1,1141.7,567180.0
AUROPHARMA,2026-01-21,1133.9,1160.6,1116.5,1121.7,810580.0
AUROPHARMA,2026-01-22,1130.1,1149.0,1130.1,1145.3,622804.0
AUROPHARMA,2026-01-23,1145.3,1150.5,1120.8,1132.5,511867.0
AUROPHARMA,2026-01-27,1139.8,1139.8,1116.2,1129.7,656428.0
AUROPHARMA,2026-01-28,1133.0,1143.0,1122.2,1139.9,614873.0
AUROPHARMA,2026-01-29,1140.4,1154.1,1127.2,1150.6,576780.0
AUROPHARMA,2026-01-30,1190.0,1219.0,1174.0,1207.7,8127226.0
AUROPHARMA,2026-02-01,1208.0,1209.1,1163.1,1172.1,744670.0
AUROPHARMA,2026-02-02,1172.1,1185.0,1152.3,1171.0,768352.0
AUROPHARMA,2026-02-03,1230.0,1247.3,1211.2,1226.1,2827489.0
AUROPHARMA,2026-02-04,1226.1,1237.4,1166.0,1212.7,1360345.0
AUROPHARMA,2026-02-05,1212.7,1212.7,1176.9,1181.6,1216222.0
AUROPHARMA,2026-02-06,1181.0,1195.9,1166.0,1191.0,805359.0
AUROPHARMA,2026-02-09,1191.0,1210.0,1171.5,1203.7,1101009.0
AUROPHARMA,2026-02-10,1208.0,1218.7,1106.0,1124.1,8584671.0
AUROPHARMA,2026-02-11,1136.0,1161.0,1124.2,1146.6,4070062.0
AUROPHARMA,2026-02-12,1146.6,1163.0,1132.1,1157.9,1090045.0
AUROPHARMA,2026-02-13,1149.1,1157.4,1126.8,1145.6,1682470.0
AUROPHARMA,2026-02-16,1142.0,1187.2,1141.9,1184.6,1559869.0
AUROPHARMA,2026-02-17,1184.6,1212.8,1167.7,1186.7,3068092.0
AUROPHARMA,2026-02-18,1188.6,1193.5,1129.2,1159.6,3294006.0
AUROPHARMA,2026-02-19,1156.4,1200.9,1156.4,1171.4,3474036.0
AUROPHARMA,2026-02-20,1173.8,1178.2,1149.1,1158.8,1071813.0
AUROPHARMA,2026-02-23,1166.1,1174.2,1143.3,1150.6,989992.0
AUROPHARMA,2026-02-24,1156.3,1167.2,1144.0,1164.4,988014.0
AUROPHARMA,2026-02-25,1166.0,1217.0,1162.4,1211.5,3039244.0
AUROPHARMA,2026-02-26,1217.1,1250.9,1213.5,1220.7,2372711.0
AUROPHARMA,2026-02-27,1225.3,1240.0,1214.3,1220.4,1781292.0
AUROPHARMA,2026-03-02,1186.2,1223.9,1186.2,1210.4,888443.0
AUROPHARMA,2026-03-04,1201.0,1202.9,1179.8,1195.4,909693.0
AUROPHARMA,2026-03-05,1198.0,1230.7,1198.0,1225.5,900601.0
AUROPHARMA,2026-03-06,1224.9,1244.7,1215.1,1231.9,804367.0
AUROPHARMA,2026-03-09,1202.3,1251.8,1182.1,1247.3,2180013.0
AUROPHARMA,2026-03-10,1260.0,1291.8,1249.0,1285.9,2197827.0
AUROPHARMA,2026-03-11,1291.0,1318.5,1290.0,1304.8,2541782.0
AUROPHARMA,2026-03-12,1308.0,1319.8,1289.4,1311.9,2110239.0
AUROPHARMA,2026-03-13,1304.3,1317.8,1288.1,1296.5,1634716.0
AUROPHARMA,2026-03-16,1302.0,1314.0,1265.8,1279.6,1436685.0
AUROPHARMA,2026-03-17,1284.9,1295.0,1275.1,1286.0,635152.0
AUROPHARMA,2026-03-18,1278.0,1290.5,1265.3,1269.0,1700454.0
AUROPHARMA,2026-03-19,1255.0,1269.0,1240.0,1247.5,816613.0
AUROPHARMA,2026-03-20,1262.0,1297.8,1258.3,1291.4,1395687.0
AUROPHARMA,2026-03-23,1291.6,1299.0,1268.3,1278.7,1758274.0
AUROPHARMA,2026-03-24,1303.0,1310.0,1255.4,1281.6,1769183.0
AUROPHARMA,2026-03-25,1290.4,1330.0,1282.1,1307.8,1891714.0
AUROPHARMA,2026-03-27,1307.8,1327.0,1296.0,1314.2,1923752.0
AUROPHARMA,2026-03-30,1300.0,1320.0,1298.1,1304.4,2474751.0
AUROPHARMA,2026-04-01,1332.2,1359.9,1325.9,1342.1,2595497.0
AUROPHARMA,2026-04-02,1335.5,1338.9,1266.1,1333.7,1870240.0
AUROPHARMA,2026-04-06,1344.0,1357.9,1318.5,1340.4,1519668.0
AUROPHARMA,2026-04-07,1345.0,1357.5,1316.0,1330.0,1557945.0
AUROPHARMA,2026-04-08,1362.7,1363.0,1316.8,1335.7,3256118.0
AUROPHARMA,2026-04-09,1335.0,1346.7,1321.6,1340.4,938616.0
AUROPHARMA,2026-04-10,1345.0,1355.0,1336.8,1349.4,907020.0
AUROPHARMA,2026-04-13,1340.0,1353.0,1333.0,1339.8,1378435.0
AUROPHARMA,2026-04-15,1350.0,1379.2,1345.8,1373.9,1829958.0
AUROPHARMA,2026-04-16,1389.9,1389.9,1368.0,1386.5,2253671.0
AUROPHARMA,2026-04-17,1388.9,1394.9,1375.3,1386.0,1612415.0
AUROPHARMA,2026-04-20,1392.0,1392.0,1363.5,1367.8,707108.0
AUROPHARMA,2026-04-21,1368.9,1401.1,1367.1,1391.7,1362848.0
AUROPHARMA,2026-04-22,1389.5,1425.1,1382.4,1421.2,1703571.0
AUROPHARMA,2026-04-23,1420.0,1459.5,1409.1,1435.4,2238307.0
AUROPHARMA,2026-04-24,1436.9,1446.0,1411.7,1413.8,967660.0
AUROPHARMA,2026-04-27,1414.9,1433.4,1386.6,1416.7,998030.0
AUROPHARMA,2026-04-28,1415.0,1430.0,1410.3,1422.6,847634.0
AUROPHARMA,2026-04-29,1425.9,1433.0,1389.3,1396.8,1738923.0
AUROPHARMA,2026-04-30,1392.0,1404.0,1378.6,1389.5,606347.0
AUROPHARMA,2026-05-04,1398.0,1398.0,1367.1,1376.0,777740.0
AUROPHARMA,2026-05-05,1373.9,1431.0,1367.0,1428.1,1811658.0
AUROPHARMA,2026-05-06,1431.0,1489.7,1426.1,1484.0,2420846.0
AUROPHARMA,2026-05-07,1475.1,1498.5,1469.3,1478.7,1228324.0
AUROPHARMA,2026-05-08,1485.0,1513.4,1480.1,1487.3,1018078.0
AUROPHARMA,2026-05-11,1487.3,1505.5,1477.4,1486.6,925400.0
AUROPHARMA,2026-05-12,1486.6,1504.0,1478.6,1488.2,1343339.0
AUROPHARMA,2026-05-13,1490.0,1509.8,1483.6,1497.5,1821805.0
AUROPHARMA,2026-05-14,1504.4,1525.9,1497.0,1510.9,1206993.0
AUROPHARMA,2026-05-15,1519.0,1528.0,1503.3,1511.8,707047.0
AUROPHARMA,2026-05-18,1514.3,1525.0,1491.6,1500.5,939496.0
AUROPHARMA,2026-05-19,1500.5,1530.0,1499.8,1512.8,1538969.0
AUROPHARMA,2026-05-20,1510.1,1539.0,1505.1,1517.5,1068558.0
AUROPHARMA,2026-05-21,1523.0,1550.0,1515.5,1546.7,1013775.0
AUROPHARMA,2026-05-22,1520.0,1520.0,1445.8,1463.5,3038819.0
AUROPHARMA,2026-05-25,1455.2,1465.0,1428.0,1454.6,2684468.0
AUROPHARMA,2026-05-26,1450.0,1467.8,1449.3,1461.2,950593.0
BAJAJ-AUTO,2025-05-21,8608.0,8765.0,8535.5,8687.5,572628.0
BAJAJ-AUTO,2025-05-22,8660.0,8775.5,8512.5,8733.5,916615.0
BAJAJ-AUTO,2025-05-23,8765.0,8838.0,8714.0,8741.0,321989.0
BAJAJ-AUTO,2025-05-26,8784.5,8978.5,8770.0,8958.5,440577.0
BAJAJ-AUTO,2025-05-27,8945.0,9004.5,8900.5,8963.0,401273.0
BAJAJ-AUTO,2025-05-28,8990.0,9007.0,8775.0,8849.0,312080.0
BAJAJ-AUTO,2025-05-29,8907.0,8940.0,8802.0,8874.5,330341.0
BAJAJ-AUTO,2025-05-30,8787.0,8865.0,8585.0,8607.0,1434828.0
BAJAJ-AUTO,2025-06-02,8621.5,8621.5,8415.0,8513.5,457251.0
BAJAJ-AUTO,2025-06-03,8513.0,8600.0,8490.0,8563.0,566074.0
BAJAJ-AUTO,2025-06-04,8550.5,8640.5,8527.0,8563.5,431009.0
BAJAJ-AUTO,2025-06-05,8614.0,8614.0,8509.5,8557.5,381642.0
BAJAJ-AUTO,2025-06-06,8608.0,8685.0,8541.0,8637.0,435024.0
BAJAJ-AUTO,2025-06-09,8680.0,8705.0,8599.5,8641.0,443544.0
BAJAJ-AUTO,2025-06-10,8645.0,8664.0,8574.0,8626.0,350288.0
BAJAJ-AUTO,2025-06-11,8635.5,8770.0,8610.0,8719.0,462124.0
BAJAJ-AUTO,2025-06-12,8732.5,8756.0,8540.0,8567.0,368162.0
BAJAJ-AUTO,2025-06-13,8460.0,8485.5,8350.0,8463.5,250910.0
BAJAJ-AUTO,2025-06-16,8486.5,8595.0,8451.0,8529.5,203598.0
BAJAJ-AUTO,2025-06-17,8490.0,8554.0,8455.0,8494.5,286217.0
BAJAJ-AUTO,2025-06-18,8505.0,8657.5,8440.5,8468.0,561114.0
BAJAJ-AUTO,2025-06-18,8530.0,8530.0,8530.0,8530.0,12000.0
BAJAJ-AUTO,2025-06-19,8480.0,8555.0,8451.5,8496.0,332303.0
BAJAJ-AUTO,2025-06-20,8315.0,8403.0,8250.0,8371.0,567646.0
BAJAJ-AUTO,2025-06-23,8275.0,8328.5,8255.0,8286.5,271619.0
BAJAJ-AUTO,2025-06-24,8363.0,8424.5,8331.5,8377.0,214129.0
BAJAJ-AUTO,2025-06-25,8407.0,8437.0,8371.0,8389.5,276176.0
BAJAJ-AUTO,2025-06-26,8370.0,8465.0,8361.0,8433.0,371685.0
BAJAJ-AUTO,2025-06-27,8468.0,8507.0,8414.0,8436.0,504248.0
BAJAJ-AUTO,2025-06-30,8470.0,8496.0,8360.0,8376.0,303799.0
BAJAJ-AUTO,2025-07-01,8370.0,8409.0,8300.0,8399.0,363782.0
BAJAJ-AUTO,2025-07-02,8350.0,8409.5,8314.5,8356.5,267604.0
BAJAJ-AUTO,2025-07-03,8378.0,8464.5,8350.0,8382.5,175619.0
BAJAJ-AUTO,2025-07-04,8382.0,8450.0,8364.5,8433.0,183720.0
BAJAJ-AUTO,2025-07-07,8433.0,8484.0,8404.0,8463.5,123117.0
BAJAJ-AUTO,2025-07-08,8463.0,8474.0,8291.0,8339.5,253579.0
BAJAJ-AUTO,2025-07-09,8350.0,8376.0,8310.5,8361.0,157280.0
BAJAJ-AUTO,2025-07-10,8394.0,8394.0,8268.0,8285.0,229552.0
BAJAJ-AUTO,2025-07-11,8285.5,8300.0,8045.5,8067.0,539579.0
BAJAJ-AUTO,2025-07-14,8067.0,8067.0,8067.0,8067.0,14762.0
BAJAJ-AUTO,2025-07-14,8090.0,8120.0,8035.5,8087.5,248351.0
BAJAJ-AUTO,2025-07-15,8128.0,8326.0,8090.0,8311.0,366546.0
BAJAJ-AUTO,2025-07-16,8311.0,8345.0,8184.5,8302.5,275493.0
BAJAJ-AUTO,2025-07-17,8278.5,8355.0,8262.5,8330.0,249880.0
BAJAJ-AUTO,2025-07-18,8305.0,8365.0,8305.0,8347.5,268313.0
BAJAJ-AUTO,2025-07-21,8306.0,8450.0,8306.0,8438.5,253964.0
BAJAJ-AUTO,2025-07-22,8470.0,8470.0,8277.0,8295.0,302466.0
BAJAJ-AUTO,2025-07-23,8313.5,8405.0,8290.5,8397.0,194644.0
BAJAJ-AUTO,2025-07-24,8409.5,8435.0,8276.0,8288.5,298692.0
BAJAJ-AUTO,2025-07-25,8275.0,8280.0,8044.5,8075.5,554118.0
BAJAJ-AUTO,2025-07-28,8075.5,8158.0,8075.0,8089.5,232171.0
BAJAJ-AUTO,2025-07-29,8089.5,8146.0,8056.0,8127.5,209998.0
BAJAJ-AUTO,2025-07-30,8090.5,8132.5,8025.0,8043.5,222804.0
BAJAJ-AUTO,2025-07-31,7990.0,8094.0,7930.5,8008.0,297025.0
BAJAJ-AUTO,2025-08-01,8008.0,8091.0,7951.5,8044.5,329818.0
BAJAJ-AUTO,2025-08-04,8044.5,8205.0,8044.5,8187.5,221221.0
BAJAJ-AUTO,2025-08-05,8176.0,8236.5,8130.0,8230.5,194083.0
BAJAJ-AUTO,2025-08-06,8269.0,8269.0,8120.0,8178.5,515934.0
BAJAJ-AUTO,2025-08-07,8070.0,8249.0,7858.5,8229.0,456168.0
BAJAJ-AUTO,2025-08-08,8229.0,8277.0,8185.0,8224.0,282679.0
BAJAJ-AUTO,2025-08-11,8235.0,8300.0,8132.5,8275.0,180274.0
BAJAJ-AUTO,2025-08-12,8275.5,8321.5,8180.0,8196.5,184529.0
BAJAJ-AUTO,2025-08-13,8214.5,8309.5,8189.0,8248.5,367519.0
BAJAJ-AUTO,2025-08-14,8250.0,8280.0,8198.0,8213.5,364270.0
BAJAJ-AUTO,2025-08-18,8400.0,8629.5,8400.0,8588.5,995976.0
BAJAJ-AUTO,2025-08-19,8609.0,8856.0,8586.0,8795.5,1052384.0
BAJAJ-AUTO,2025-08-20,8794.5,8872.5,8763.5,8827.5,490202.0
BAJAJ-AUTO,2025-08-21,8835.0,8869.0,8630.0,8684.5,510564.0
BAJAJ-AUTO,2025-08-22,8684.5,8715.0,8581.0,8679.5,369875.0
BAJAJ-AUTO,2025-08-25,8750.0,8764.0,8633.5,8750.5,360880.0
BAJAJ-AUTO,2025-08-26,8730.0,8825.0,8646.0,8691.5,778390.0
BAJAJ-AUTO,2025-08-28,8798.0,8798.0,8661.0,8689.5,394657.0
BAJAJ-AUTO,2025-08-29,8714.0,8730.0,8571.5,8631.5,344340.0
BAJAJ-AUTO,2025-09-01,8665.0,9037.5,8665.0,8967.0,658701.0
BAJAJ-AUTO,2025-09-02,8970.0,9109.5,8926.0,9030.5,548186.0
BAJAJ-AUTO,2025-09-03,9052.0,9129.5,8992.0,9116.0,322758.0
BAJAJ-AUTO,2025-09-04,9350.0,9353.5,9046.5,9071.0,652617.0
BAJAJ-AUTO,2025-09-05,9117.0,9172.0,9053.0,9084.5,231190.0
BAJAJ-AUTO,2025-09-08,9102.0,9490.0,9073.0,9433.5,713087.0
BAJAJ-AUTO,2025-09-09,9390.5,9428.5,9236.5,9383.0,505482.0
BAJAJ-AUTO,2025-09-10,9425.0,9440.0,9180.0,9244.0,454231.0
BAJAJ-AUTO,2025-09-11,9243.5,9243.5,9075.0,9113.5,472941.0
BAJAJ-AUTO,2025-09-12,9115.0,9205.0,8979.5,8999.5,481492.0
BAJAJ-AUTO,2025-09-15,9026.5,9091.5,8964.0,9025.0,325549.0
BAJAJ-AUTO,2025-09-16,9032.0,9099.0,9020.0,9072.5,219134.0
BAJAJ-AUTO,2025-09-17,9076.5,9136.0,9070.0,9084.0,172732.0
BAJAJ-AUTO,2025-09-18,9099.5,9115.0,9025.0,9075.0,183574.0
BAJAJ-AUTO,2025-09-19,9050.0,9063.5,8950.5,8971.5,467648.0
BAJAJ-AUTO,2025-09-22,8971.5,9195.0,8959.5,9054.5,525239.0
BAJAJ-AUTO,2025-09-23,9079.0,9225.0,8950.0,8984.5,451186.0
BAJAJ-AUTO,2025-09-24,8990.0,8999.0,8804.0,8839.0,240914.0
BAJAJ-AUTO,2025-09-25,8821.0,8910.0,8758.0,8842.5,441002.0
BAJAJ-AUTO,2025-09-26,8830.0,8880.0,8668.0,8702.0,335841.0
BAJAJ-AUTO,2025-09-29,8745.0,8829.0,8675.5,8717.5,394174.0
BAJAJ-AUTO,2025-09-30,8721.0,8769.0,8640.0,8678.5,285609.0
BAJAJ-AUTO,2025-10-01,8720.0,8846.5,8586.5,8626.5,551282.0
BAJAJ-AUTO,2025-10-03,8626.5,8698.5,8491.5,8679.5,915075.0
BAJAJ-AUTO,2025-10-06,8698.0,8803.5,8651.0,8792.0,300715.0
BAJAJ-AUTO,2025-10-07,8800.0,8915.0,8785.5,8904.0,490577.0
BAJAJ-AUTO,2025-10-08,8903.0,8903.0,8750.5,8792.0,408647.0
BAJAJ-AUTO,2025-10-09,8775.0,8817.5,8701.5,8810.0,217161.0
BAJAJ-AUTO,2025-10-10,8816.0,8955.0,8781.5,8946.5,228686.0
BAJAJ-AUTO,2025-10-13,8947.0,9084.0,8917.0,9066.0,374531.0
BAJAJ-AUTO,2025-10-14,9100.0,9120.0,9032.5,9102.5,297332.0
BAJAJ-AUTO,2025-10-15,9106.5,9180.0,8955.5,8998.0,300055.0
BAJAJ-AUTO,2025-10-16,9030.0,9177.0,9022.0,9151.5,334619.0
BAJAJ-AUTO,2025-10-17,9150.0,9194.5,9090.5,9150.5,466036.0
BAJAJ-AUTO,2025-10-20,9194.5,9236.5,9100.5,9124.5,303686.0
BAJAJ-AUTO,2025-10-21,9159.5,9165.0,9081.0,9118.0,27642.0
BAJAJ-AUTO,2025-10-23,9136.0,9157.0,9017.0,9047.0,249420.0
BAJAJ-AUTO,2025-10-24,9070.0,9099.0,9012.0,9076.5,332130.0
BAJAJ-AUTO,2025-10-27,9099.5,9115.0,9055.0,9095.5,310061.0
BAJAJ-AUTO,2025-10-28,9100.0,9130.0,9019.0,9057.5,459991.0
BAJAJ-AUTO,2025-10-29,9090.0,9090.0,8960.0,9034.0,226605.0
BAJAJ-AUTO,2025-10-30,9034.0,9065.0,8904.5,8923.0,250532.0
BAJAJ-AUTO,2025-10-31,8939.5,9051.0,8802.0,8892.5,261013.0
BAJAJ-AUTO,2025-11-03,8900.0,8957.5,8855.0,8922.5,206987.0
BAJAJ-AUTO,2025-11-04,8920.0,8920.0,8713.0,8751.0,517334.0
BAJAJ-AUTO,2025-11-06,8755.0,8820.5,8702.5,8720.5,326774.0
BAJAJ-AUTO,2025-11-07,8720.0,8749.5,8605.0,8721.5,290120.0
BAJAJ-AUTO,2025-11-10,8795.0,8838.0,8685.5,8772.0,992874.0
BAJAJ-AUTO,2025-11-11,8819.0,8945.0,8726.0,8895.0,380748.0
BAJAJ-AUTO,2025-11-12,8935.0,8935.0,8800.0,8868.0,439922.0
BAJAJ-AUTO,2025-11-13,8888.0,8895.5,8842.0,8867.5,276001.0
BAJAJ-AUTO,2025-11-14,8867.5,8867.5,8781.5,8843.0,550371.0
BAJAJ-AUTO,2025-11-17,8850.0,9025.0,8850.0,8945.5,457995.0
BAJAJ-AUTO,2025-11-18,8975.5,8999.0,8900.0,8921.0,276172.0
BAJAJ-AUTO,2025-11-19,8950.0,8975.0,8863.5,8884.5,326292.0
BAJAJ-AUTO,2025-11-20,8924.0,9005.0,8890.0,8979.5,189991.0
BAJAJ-AUTO,2025-11-21,8950.0,8957.5,8862.0,8892.0,320271.0
BAJAJ-AUTO,2025-11-24,8905.0,9049.0,8857.5,9007.5,466198.0
BAJAJ-AUTO,2025-11-25,9025.0,9145.0,9001.0,9048.0,482151.0
BAJAJ-AUTO,2025-11-26,9054.0,9180.0,9028.0,9164.0,354143.0
BAJAJ-AUTO,2025-11-27,9194.0,9254.5,8996.0,9022.5,602295.0
BAJAJ-AUTO,2025-11-28,9031.0,9106.0,8922.0,9073.5,432445.0
BAJAJ-AUTO,2025-12-01,9129.0,9189.5,9055.5,9096.0,449503.0
BAJAJ-AUTO,2025-12-02,9100.0,9142.0,8988.0,9085.5,319833.0
BAJAJ-AUTO,2025-12-03,9085.5,9105.0,8950.0,9000.5,412081.0
BAJAJ-AUTO,2025-12-04,9005.0,9095.0,8988.0,9085.0,275604.0
BAJAJ-AUTO,2025-12-05,9054.0,9130.0,9045.5,9109.0,279893.0
BAJAJ-AUTO,2025-12-08,9115.0,9124.5,8956.5,9026.0,299426.0
BAJAJ-AUTO,2025-12-09,8990.0,9034.5,8880.0,8961.0,373015.0
BAJAJ-AUTO,2025-12-10,8961.0,9001.5,8904.0,8991.0,307300.0
BAJAJ-AUTO,2025-12-11,8991.0,9084.0,8961.0,9053.5,136142.0
BAJAJ-AUTO,2025-12-12,9065.0,9089.5,8960.0,9015.0,356060.0
BAJAJ-AUTO,2025-12-15,9040.0,9042.5,8884.0,8940.0,507849.0
BAJAJ-AUTO,2025-12-16,8940.0,9028.0,8891.0,9008.0,278902.0
BAJAJ-AUTO,2025-12-17,9008.0,9009.0,8859.0,8895.0,256364.0
BAJAJ-AUTO,2025-12-18,8891.0,8891.0,8735.0,8831.0,338487.0
BAJAJ-AUTO,2025-12-19,8830.5,9011.0,8827.0,9002.0,215196.0
BAJAJ-AUTO,2025-12-22,9010.0,9185.0,8997.5,9164.0,377385.0
BAJAJ-AUTO,2025-12-23,9184.0,9184.0,9080.0,9099.0,215559.0
BAJAJ-AUTO,2025-12-24,9100.0,9194.5,9070.0,9170.0,167717.0
BAJAJ-AUTO,2025-12-26,9182.5,9185.5,9052.0,9064.5,105815.0
BAJAJ-AUTO,2025-12-29,9069.5,9127.0,9055.5,9087.0,263943.0
BAJAJ-AUTO,2025-12-29,9110.0,9110.0,9110.0,9110.0,708485.0
BAJAJ-AUTO,2025-12-30,9087.0,9299.0,9025.5,9282.0,464922.0
BAJAJ-AUTO,2025-12-31,9320.0,9398.0,9296.5,9343.0,319864.0
BAJAJ-AUTO,2026-01-01,9365.0,9585.0,9318.5,9558.0,306936.0
BAJAJ-AUTO,2026-01-02,9550.0,9633.0,9310.5,9502.5,733651.0
BAJAJ-AUTO,2026-01-05,9520.0,9684.0,9465.0,9497.5,304245.0
BAJAJ-AUTO,2026-01-06,9575.0,9783.5,9543.0,9661.0,503002.0
BAJAJ-AUTO,2026-01-07,9668.0,9807.0,9608.0,9789.5,334802.0
BAJAJ-AUTO,2026-01-08,9799.5,9888.0,9725.0,9760.5,534086.0
BAJAJ-AUTO,2026-01-09,9760.5,9830.0,9538.0,9562.5,250994.0
BAJAJ-AUTO,2026-01-12,9562.5,9588.5,9360.0,9491.0,332453.0
BAJAJ-AUTO,2026-01-13,9506.0,9576.5,9458.5,9554.0,229215.0
BAJAJ-AUTO,2026-01-14,9576.0,9610.0,9494.0,9579.5,335206.0
BAJAJ-AUTO,2026-01-16,9540.0,9616.5,9389.5,9489.0,528450.0
BAJAJ-AUTO,2026-01-19,9489.0,9489.0,9393.5,9429.5,403445.0
BAJAJ-AUTO,2026-01-20,9468.0,9468.0,9155.0,9180.0,385253.0
BAJAJ-AUTO,2026-01-21,9150.0,9255.0,9072.0,9179.0,323092.0
BAJAJ-AUTO,2026-01-22,9225.0,9391.5,9185.5,9370.0,193757.0
BAJAJ-AUTO,2026-01-23,9390.0,9548.0,9335.0,9413.5,204212.0
BAJAJ-AUTO,2026-01-27,9422.0,9506.0,9330.0,9492.0,302065.0
BAJAJ-AUTO,2026-01-28,9500.0,9533.5,9250.0,9433.5,342407.0
BAJAJ-AUTO,2026-01-29,9475.0,9533.0,9381.5,9512.0,390096.0
BAJAJ-AUTO,2026-01-30,9497.0,9626.0,9382.5,9597.5,283660.0
BAJAJ-AUTO,2026-02-01,9788.5,9855.0,9175.5,9499.5,504289.0
BAJAJ-AUTO,2026-02-02,9454.5,9523.0,9250.5,9496.5,327240.0
BAJAJ-AUTO,2026-02-03,9933.0,9941.0,9515.0,9595.5,573385.0
BAJAJ-AUTO,2026-02-04,9594.0,9725.0,9529.5,9639.0,201083.0
BAJAJ-AUTO,2026-02-05,9640.0,9679.0,9600.0,9647.0,155663.0
BAJAJ-AUTO,2026-02-06,9620.0,9668.0,9471.5,9518.5,198790.0
BAJAJ-AUTO,2026-02-09,9598.0,9626.5,9505.0,9590.0,171033.0
BAJAJ-AUTO,2026-02-10,9605.0,9833.5,9582.5,9774.0,347018.0
BAJAJ-AUTO,2026-02-11,9818.0,9905.5,9796.0,9869.5,324008.0
BAJAJ-AUTO,2026-02-12,9876.5,9930.0,9809.5,9840.0,372062.0
BAJAJ-AUTO,2026-02-13,9800.5,9900.5,9720.0,9760.0,120688.0
BAJAJ-AUTO,2026-02-16,9710.0,9774.5,9643.0,9697.5,88321.0
BAJAJ-AUTO,2026-02-17,9651.0,9869.0,9632.5,9826.5,159113.0
BAJAJ-AUTO,2026-02-18,9826.5,10009.0,9804.5,9980.0,334455.0
BAJAJ-AUTO,2026-02-19,9991.0,10059.5,9701.0,9729.0,310761.0
BAJAJ-AUTO,2026-02-20,9725.0,9823.0,9670.5,9807.0,291070.0
BAJAJ-AUTO,2026-02-23,9851.0,9930.0,9814.0,9905.5,145464.0
BAJAJ-AUTO,2026-02-24,9875.0,9875.0,9660.0,9829.0,259761.0
BAJAJ-AUTO,2026-02-25,9859.5,10160.0,9839.5,10097.0,334366.0
BAJAJ-AUTO,2026-02-26,10146.5,10187.0,10029.5,10110.0,177814.0
BAJAJ-AUTO,2026-02-27,10072.5,10091.5,9940.0,9972.5,231926.0
BAJAJ-AUTO,2026-03-02,9725.5,9941.5,9565.0,9776.0,330330.0
BAJAJ-AUTO,2026-03-04,9516.5,9704.5,9516.5,9652.5,319652.0
BAJAJ-AUTO,2026-03-05,9674.5,9853.0,9641.0,9804.5,300749.0
BAJAJ-AUTO,2026-03-06,9780.0,9884.5,9690.0,9816.0,386552.0
BAJAJ-AUTO,2026-03-09,9600.0,9645.5,9351.0,9383.0,334501.0
BAJAJ-AUTO,2026-03-10,9449.5,9637.5,9349.0,9610.0,463535.0
BAJAJ-AUTO,2026-03-11,9575.0,9666.0,9270.0,9327.5,489382.0
BAJAJ-AUTO,2026-03-12,9280.0,9280.0,9080.0,9162.0,390062.0
BAJAJ-AUTO,2026-03-13,9075.0,9119.5,8832.5,8875.0,435631.0
BAJAJ-AUTO,2026-03-16,8866.0,9103.5,8742.5,9073.0,580318.0
BAJAJ-AUTO,2026-03-17,9100.0,9250.0,9006.5,9110.0,245258.0
BAJAJ-AUTO,2026-03-18,9150.0,9288.0,9136.5,9271.0,247437.0
BAJAJ-AUTO,2026-03-19,9113.5,9150.0,8811.0,8868.5,288162.0
BAJAJ-AUTO,2026-03-20,8957.5,9110.0,8931.5,9051.0,356410.0
BAJAJ-AUTO,2026-03-23,8989.5,8989.5,8752.0,8776.0,375189.0
BAJAJ-AUTO,2026-03-24,8900.0,9022.5,8792.0,8898.0,438132.0
BAJAJ-AUTO,2026-03-25,9020.0,9149.5,8981.0,9048.5,438761.0
BAJAJ-AUTO,2026-03-27,8971.5,9004.0,8840.0,8901.0,326675.0
BAJAJ-AUTO,2026-03-30,8810.0,8889.0,8745.0,8781.5,325094.0
BAJAJ-AUTO,2026-04-01,8993.5,9170.0,8870.0,8895.5,416423.0
BAJAJ-AUTO,2026-04-02,8835.5,8835.5,8624.0,8758.5,254975.0
BAJAJ-AUTO,2026-04-06,8778.5,8984.5,8755.0,8942.5,313792.0
BAJAJ-AUTO,2026-04-07,8900.0,9088.0,8800.5,9049.5,376810.0
BAJAJ-AUTO,2026-04-08,9365.0,9501.0,9262.0,9366.0,474100.0
BAJAJ-AUTO,2026-04-09,9455.0,9625.0,9366.0,9517.0,539407.0
BAJAJ-AUTO,2026-04-10,9400.0,9844.0,9399.5,9813.5,738971.0
BAJAJ-AUTO,2026-04-13,9701.5,9851.0,9700.0,9816.0,363886.0
BAJAJ-AUTO,2026-04-15,9901.5,9976.0,9830.0,9865.0,551624.0
BAJAJ-AUTO,2026-04-16,9871.0,9918.5,9746.0,9825.0,479220.0
BAJAJ-AUTO,2026-04-17,9810.0,9830.0,9722.0,9773.5,264575.0
BAJAJ-AUTO,2026-04-20,9773.5,9862.5,9690.0,9803.0,349985.0
BAJAJ-AUTO,2026-04-21,9803.0,9874.0,9741.0,9793.0,291287.0
BAJAJ-AUTO,2026-04-22,9770.5,9790.5,9585.0,9602.0,301870.0
BAJAJ-AUTO,2026-04-23,9575.0,9591.0,9477.0,9550.5,444028.0
BAJAJ-AUTO,2026-04-24,9600.0,9663.0,9528.0,9576.0,190469.0
BAJAJ-AUTO,2026-04-27,9642.5,9715.0,9617.0,9662.0,147736.0
BAJAJ-AUTO,2026-04-28,9622.0,9662.5,9475.0,9495.5,256811.0
BAJAJ-AUTO,2026-04-29,9510.0,9709.5,9496.0,9543.5,261656.0
BAJAJ-AUTO,2026-04-30,9515.0,10045.0,9355.0,9994.0,1209264.0
BAJAJ-AUTO,2026-05-04,10244.0,10477.5,10067.0,10132.0,721598.0
BAJAJ-AUTO,2026-05-05,10131.0,10175.0,10016.0,10046.0,233441.0
BAJAJ-AUTO,2026-05-06,10180.0,10390.0,10141.0,10319.0,393486.0
BAJAJ-AUTO,2026-05-07,10582.0,10740.0,10324.5,10605.0,1498254.0
BAJAJ-AUTO,2026-05-08,10625.0,10785.0,10540.0,10711.5,375627.0
BAJAJ-AUTO,2026-05-11,10599.0,10650.0,10511.0,10595.5,256703.0
BAJAJ-AUTO,2026-05-12,10550.0,10684.5,10366.0,10397.0,409439.0
BAJAJ-AUTO,2026-05-13,10370.5,10455.0,10220.0,10262.0,367905.0
BAJAJ-AUTO,2026-05-14,10380.0,10517.0,10251.5,10451.0,426187.0
BAJAJ-AUTO,2026-05-15,10500.0,10540.5,10296.0,10377.5,227162.0
BAJAJ-AUTO,2026-05-18,10325.0,10326.0,10144.5,10198.5,295753.0
BAJAJ-AUTO,2026-05-19,10198.5,10285.0,10143.0,10205.0,151592.0
BAJAJ-AUTO,2026-05-20,10158.0,10483.0,10078.5,10462.5,379649.0
BAJAJ-AUTO,2026-05-21,10544.5,10735.0,10493.5,10667.0,522986.0
BAJAJ-AUTO,2026-05-22,10667.0,10753.0,10537.0,10549.5,207805.0
BAJAJ-AUTO,2026-05-25,10700.0,10770.0,10431.0,10491.0,564521.0
BAJAJ-AUTO,2026-05-26,10530.0,10641.5,10449.0,10593.0,559535.0
BAJFINANCE,2025-05-21,9100.0,9280.0,9028.5,9197.5,732150.0
BAJFINANCE,2025-05-22,9197.5,9199.0,9070.5,9139.0,615974.0
BAJFINANCE,2025-05-23,9139.0,9286.5,9111.0,9243.5,425169.0
BAJFINANCE,2025-05-26,9255.0,9336.5,9250.0,9269.5,547679.0
BAJFINANCE,2025-05-27,9270.0,9290.0,9143.0,9171.0,715000.0
BAJFINANCE,2025-05-28,9245.0,9294.5,9141.0,9267.5,650740.0
BAJFINANCE,2025-05-29,9250.0,9279.5,9160.0,9204.0,708175.0
BAJFINANCE,2025-05-30,9170.0,9203.5,9121.0,9180.5,1504174.0
BAJFINANCE,2025-06-02,9130.0,9165.0,9040.0,9118.5,661963.0
BAJFINANCE,2025-06-03,9106.0,9128.0,8970.0,8979.0,908027.0
BAJFINANCE,2025-06-04,8975.0,9039.5,8964.5,8987.0,554493.0
BAJFINANCE,2025-06-05,8987.0,8987.0,8869.5,8934.0,785332.0
BAJFINANCE,2025-06-06,8945.0,9434.0,8876.0,9371.5,1978386.0
BAJFINANCE,2025-06-09,9550.0,9788.0,9403.0,9607.5,2349601.0
BAJFINANCE,2025-06-10,9700.0,9700.0,9485.5,9497.5,904404.0
BAJFINANCE,2025-06-10,9703.0,9703.0,9703.0,9703.0,175000.0
BAJFINANCE,2025-06-11,9490.0,9570.0,9404.0,9425.0,1186081.0
BAJFINANCE,2025-06-11,9592.0,9592.0,9592.0,9592.0,175000.0
BAJFINANCE,2025-06-12,9519.0,9519.0,9519.0,9519.0,175000.0
BAJFINANCE,2025-06-12,9449.0,9533.0,9355.0,9368.5,1238833.0
BAJFINANCE,2025-06-13,9419.5,9419.5,9419.5,9419.5,148000.0
BAJFINANCE,2025-06-13,9150.0,9365.5,9147.0,9331.0,1018202.0
BAJFINANCE,2025-06-16,956.0,956.0,925.0,938.0,7016290.0
BAJFINANCE,2025-06-17,941.5,943.5,917.5,923.0,6110175.0
BAJFINANCE,2025-06-18,927.0,932.5,915.0,919.0,5002923.0
BAJFINANCE,2025-06-19,919.0,922.5,894.0,900.5,6585940.0
BAJFINANCE,2025-06-20,897.0,907.5,886.0,905.0,14320241.0
BAJFINANCE,2025-06-23,899.0,918.0,890.5,915.5,5870597.0
BAJFINANCE,2025-06-24,920.0,936.0,914.5,916.5,11555634.0
BAJFINANCE,2025-06-25,918.0,930.0,916.0,928.0,6623799.0
BAJFINANCE,2025-06-26,930.0,953.5,928.5,951.5,11677790.0
BAJFINANCE,2025-06-27,950.0,959.5,936.0,947.0,21637194.0
BAJFINANCE,2025-06-30,956.0,956.0,934.0,936.5,6086081.0
BAJFINANCE,2025-07-01,932.5,941.8,928.0,936.65,5381327.0
BAJFINANCE,2025-07-02,933.0,939.85,914.0,923.0,9394493.0
BAJFINANCE,2025-07-03,922.0,924.5,905.2,910.15,7606558.0
BAJFINANCE,2025-07-04,922.0,940.7,919.0,925.3,10613046.0
BAJFINANCE,2025-07-07,925.0,929.3,918.1,924.65,3383973.0
BAJFINANCE,2025-07-08,918.8,929.5,918.8,927.65,3851432.0
BAJFINANCE,2025-07-09,926.5,946.0,924.0,940.6,5341529.0
BAJFINANCE,2025-07-10,943.0,951.7,942.25,947.65,5409906.0
BAJFINANCE,2025-07-11,938.7,947.15,931.55,933.5,4278038.0
BAJFINANCE,2025-07-14,933.5,933.5,933.5,933.5,685074.0
BAJFINANCE,2025-07-14,932.0,932.0,911.3,918.85,6657978.0
BAJFINANCE,2025-07-15,919.0,930.6,918.0,928.4,3892075.0
BAJFINANCE,2025-07-16,924.0,927.0,919.4,921.75,3952491.0
BAJFINANCE,2025-07-17,925.95,926.25,916.0,923.3,4583882.0
BAJFINANCE,2025-07-18,920.5,944.9,920.0,942.0,7893820.0
BAJFINANCE,2025-07-21,938.9,951.0,937.35,948.45,4660232.0
BAJFINANCE,2025-07-22,955.0,962.0,940.0,952.55,6237382.0
BAJFINANCE,2025-07-23,954.0,970.95,953.65,968.3,9694991.0
BAJFINANCE,2025-07-24,970.0,970.0,954.0,958.95,5189112.0
BAJFINANCE,2025-07-25,906.4,924.9,898.0,913.75,24415481.0
BAJFINANCE,2025-07-28,909.25,913.75,879.0,880.5,14011284.0
BAJFINANCE,2025-07-29,875.05,894.0,873.5,886.55,11323854.0
BAJFINANCE,2025-07-30,890.95,892.6,875.0,884.85,5054496.0
BAJFINANCE,2025-07-31,872.0,887.85,868.0,881.2,6999179.0
BAJFINANCE,2025-08-01,884.8,895.85,873.0,875.6,5300299.0
BAJFINANCE,2025-08-04,874.0,886.75,873.7,885.3,3969985.0
BAJFINANCE,2025-08-05,889.0,893.6,882.4,891.9,4446791.0
BAJFINANCE,2025-08-06,888.0,895.5,874.6,876.65,4212648.0
BAJFINANCE,2025-08-07,871.0,882.0,867.25,879.1,5998002.0
BAJFINANCE,2025-08-08,877.0,888.3,876.0,877.15,3736916.0
BAJFINANCE,2025-08-11,877.15,888.3,872.75,877.8,5367926.0
BAJFINANCE,2025-08-12,877.2,884.9,851.5,853.0,8257312.0
BAJFINANCE,2025-08-13,854.55,864.0,849.0,860.0,10117225.0
BAJFINANCE,2025-08-14,860.0,866.9,855.45,861.45,5379250.0
BAJFINANCE,2025-08-18,875.0,919.65,875.0,905.2,16277779.0
BAJFINANCE,2025-08-19,905.95,909.9,890.5,902.3,5764382.0
BAJFINANCE,2025-08-20,900.55,902.0,886.05,887.8,5561646.0
BAJFINANCE,2025-08-21,888.0,901.3,884.0,895.6,6697533.0
BAJFINANCE,2025-08-22,895.0,903.9,892.0,894.5,6424895.0
BAJFINANCE,2025-08-25,902.1,908.0,898.15,900.8,5837876.0
BAJFINANCE,2025-08-26,899.95,901.9,873.5,876.25,6712926.0
BAJFINANCE,2025-08-28,870.2,884.5,869.7,876.85,8349342.0
BAJFINANCE,2025-08-29,870.85,888.0,870.85,877.85,5672446.0
BAJFINANCE,2025-09-01,877.85,894.8,877.85,889.35,4101526.0
BAJFINANCE,2025-09-02,895.0,899.55,886.15,890.1,6103185.0
BAJFINANCE,2025-09-03,892.7,898.85,880.05,896.3,5493809.0
BAJFINANCE,2025-09-04,915.0,948.0,912.25,934.75,21738706.0
BAJFINANCE,2025-09-05,942.0,942.35,932.0,937.6,5467260.0
BAJFINANCE,2025-09-08,937.6,949.65,935.65,944.3,5657331.0
BAJFINANCE,2025-09-09,944.0,949.4,940.0,948.4,5417393.0
BAJFINANCE,2025-09-10,951.05,969.65,947.7,967.95,6836239.0
BAJFINANCE,2025-09-11,968.0,975.9,965.6,970.25,5982627.0
BAJFINANCE,2025-09-12,972.25,1004.6,970.85,1003.25,11412561.0
BAJFINANCE,2025-09-15,999.0,1025.7,998.1,1009.85,9989753.0
BAJFINANCE,2025-09-16,1005.85,1015.3,1000.0,1003.25,7602155.0
BAJFINANCE,2025-09-17,1010.0,1011.8,1000.35,1007.5,6995023.0
BAJFINANCE,2025-09-18,1007.0,1009.8,990.0,996.5,9738376.0
BAJFINANCE,2025-09-19,991.0,996.0,988.6,992.45,6736440.0
BAJFINANCE,2025-09-22,989.95,1010.9,989.0,1006.5,4250045.0
BAJFINANCE,2025-09-23,999.0,1028.8,999.0,1025.5,10230040.0
BAJFINANCE,2025-09-24,1021.5,1036.0,1020.4,1029.75,6433184.0
BAJFINANCE,2025-09-25,1020.0,1031.1,1008.0,1012.75,16731453.0
BAJFINANCE,2025-09-26,1008.05,1010.5,981.05,985.1,9109737.0
BAJFINANCE,2025-09-29,990.0,997.8,981.1,990.95,5804877.0
BAJFINANCE,2025-09-30,990.0,1002.3,989.45,998.9,7182200.0
BAJFINANCE,2025-10-01,991.5,1000.0,977.75,987.7,6932272.0
BAJFINANCE,2025-10-03,975.0,992.2,972.0,989.75,7692197.0
BAJFINANCE,2025-10-06,993.0,1023.0,992.1,1008.9,9299635.0
BAJFINANCE,2025-10-07,1008.9,1029.5,1008.9,1016.55,7991437.0
BAJFINANCE,2025-10-08,1012.05,1028.0,1012.05,1023.15,4448915.0
BAJFINANCE,2025-10-09,1023.0,1029.0,1014.95,1024.1,4444154.0
BAJFINANCE,2025-10-10,1018.1,1027.5,1017.0,1023.85,3714548.0
BAJFINANCE,2025-10-13,1023.85,1040.0,1021.5,1036.75,7684523.0
BAJFINANCE,2025-10-14,1040.0,1042.1,1011.35,1019.15,7668358.0
BAJFINANCE,2025-10-15,1026.0,1063.0,1018.4,1059.9,10205158.0
BAJFINANCE,2025-10-16,1062.0,1081.1,1058.85,1065.75,9901992.0
BAJFINANCE,2025-10-17,1056.1,1076.45,1056.1,1070.1,5761670.0
BAJFINANCE,2025-10-20,1081.5,1086.5,1072.2,1081.0,5700858.0
BAJFINANCE,2025-10-21,1084.9,1089.0,1081.0,1086.5,911624.0
BAJFINANCE,2025-10-23,1090.0,1102.5,1083.9,1094.15,11143407.0
BAJFINANCE,2025-10-24,1093.5,1098.6,1087.4,1089.75,6440277.0
BAJFINANCE,2025-10-27,1090.95,1094.0,1075.75,1084.4,7366175.0
BAJFINANCE,2025-10-28,1078.0,1092.4,1063.05,1072.75,12324341.0
BAJFINANCE,2025-10-29,1072.0,1079.15,1061.25,1062.95,5386803.0
BAJFINANCE,2025-10-30,1063.0,1066.8,1045.0,1052.3,4271927.0
BAJFINANCE,2025-10-31,1052.0,1069.45,1041.4,1042.8,5315632.0
BAJFINANCE,2025-11-03,1037.0,1048.0,1031.0,1043.1,4135617.0
BAJFINANCE,2025-11-04,1040.0,1060.4,1035.0,1057.0,6202540.0
BAJFINANCE,2025-11-06,1037.0,1052.8,1035.0,1041.9,5776277.0
BAJFINANCE,2025-11-07,1039.0,1076.9,1034.2,1066.6,6940923.0
BAJFINANCE,2025-11-10,1066.6,1088.0,1062.9,1085.0,5692236.0
BAJFINANCE,2025-11-11,1043.7,1043.7,997.0,1005.2,23762890.0
BAJFINANCE,2025-11-12,1011.0,1018.4,1008.8,1013.2,11131278.0
BAJFINANCE,2025-11-13,1012.5,1019.4,1003.5,1005.4,8503994.0
BAJFINANCE,2025-11-14,1004.9,1019.9,1002.6,1018.5,4381122.0
BAJFINANCE,2025-11-17,1021.0,1033.0,1017.0,1026.8,6011603.0
BAJFINANCE,2025-11-18,1021.2,1024.1,1011.7,1013.6,4562185.0
BAJFINANCE,2025-11-19,1009.0,1016.1,1004.6,1005.6,5158832.0
BAJFINANCE,2025-11-20,1015.0,1031.7,1007.3,1028.6,5459073.0
BAJFINANCE,2025-11-21,1020.0,1027.6,1001.5,1004.1,6304584.0
BAJFINANCE,2025-11-24,1005.0,1009.3,990.0,994.0,9574900.0
BAJFINANCE,2025-11-25,995.0,996.9,984.5,986.2,6376983.0
BAJFINANCE,2025-11-26,986.2,1012.8,981.3,1010.7,9772235.0
BAJFINANCE,2025-11-27,1015.6,1044.9,1010.9,1033.8,12076038.0
BAJFINANCE,2025-11-28,1038.0,1043.5,1031.0,1037.5,4983147.0
BAJFINANCE,2025-12-01,1041.9,1042.0,1018.8,1021.1,6459837.0
BAJFINANCE,2025-12-02,1014.5,1036.0,1013.9,1025.5,6706145.0
BAJFINANCE,2025-12-03,1021.0,1026.3,1014.2,1021.4,5895670.0
BAJFINANCE,2025-12-04,1018.0,1032.3,1016.0,1029.1,5404918.0
BAJFINANCE,2025-12-05,1028.9,1061.0,1026.5,1048.0,13123572.0
BAJFINANCE,2025-12-08,1048.0,1049.8,1023.0,1026.4,5189635.0
BAJFINANCE,2025-12-09,1025.0,1026.0,1013.7,1016.7,5968501.0
BAJFINANCE,2025-12-10,1016.0,1021.7,1007.3,1010.3,4990527.0
BAJFINANCE,2025-12-11,1011.9,1020.5,1000.1,1006.4,4670539.0
BAJFINANCE,2025-12-12,1000.0,1020.8,1000.0,1017.3,4381711.0
BAJFINANCE,2025-12-15,1015.0,1016.5,1008.0,1012.7,3958977.0
BAJFINANCE,2025-12-16,1007.5,1010.6,996.5,998.4,3861617.0
BAJFINANCE,2025-12-17,1000.0,1011.2,995.3,999.6,4695550.0
BAJFINANCE,2025-12-18,1002.1,1009.7,995.0,1000.3,3103997.0
BAJFINANCE,2025-12-19,1003.2,1014.0,1002.5,1008.3,5126009.0
BAJFINANCE,2025-12-22,1008.3,1015.4,1005.0,1007.8,3921237.0
BAJFINANCE,2025-12-23,1013.5,1018.0,1005.7,1011.4,4712043.0
BAJFINANCE,2025-12-24,1011.0,1037.4,1006.0,1011.7,5984816.0
BAJFINANCE,2025-12-26,1011.7,1011.7,998.0,1000.0,5211460.0
BAJFINANCE,2025-12-29,1003.0,1003.9,989.6,998.0,6715489.0
BAJFINANCE,2025-12-30,994.1,997.6,987.1,989.3,7473887.0
BAJFINANCE,2025-12-31,990.0,994.2,978.4,986.8,9895270.0
BAJFINANCE,2026-01-01,988.2,989.0,969.0,973.1,7118751.0
BAJFINANCE,2026-01-02,972.9,994.2,960.6,990.45,6206869.0
BAJFINANCE,2026-01-05,979.7,999.15,975.0,978.75,10564157.0
BAJFINANCE,2026-01-06,978.0,987.0,973.3,977.35,8380183.0
BAJFINANCE,2026-01-07,973.05,976.45,965.05,968.8,7048491.0
BAJFINANCE,2026-01-08,968.5,978.35,965.3,971.95,4410256.0
BAJFINANCE,2026-01-09,970.1,983.0,953.7,959.6,7598970.0
BAJFINANCE,2026-01-12,958.8,961.4,939.85,951.9,5640136.0
BAJFINANCE,2026-01-13,950.0,955.85,939.0,949.0,6765116.0
BAJFINANCE,2026-01-14,947.0,953.9,943.15,945.95,4452202.0
BAJFINANCE,2026-01-16,940.2,963.0,936.8,950.25,10710080.0
BAJFINANCE,2026-01-19,950.5,972.9,948.85,969.45,7000442.0
BAJFINANCE,2026-01-20,975.7,975.7,927.9,933.2,9001207.0
BAJFINANCE,2026-01-21,925.0,947.3,921.0,936.25,5375254.0
BAJFINANCE,2026-01-22,947.0,947.0,934.25,942.85,5518756.0
BAJFINANCE,2026-01-23,942.85,951.4,926.3,927.85,6535035.0
BAJFINANCE,2026-01-27,930.0,931.95,907.7,914.7,15312488.0
BAJFINANCE,2026-01-28,914.7,936.9,914.7,935.15,6046468.0
BAJFINANCE,2026-01-29,935.15,939.8,923.7,935.15,6430445.0
BAJFINANCE,2026-01-30,928.35,938.0,925.15,929.85,10151379.0
BAJFINANCE,2026-02-01,930.8,935.0,888.55,902.35,3830308.0
BAJFINANCE,2026-02-02,887.0,909.4,887.0,903.7,11874989.0
BAJFINANCE,2026-02-03,960.0,972.8,941.9,964.4,15261370.0
BAJFINANCE,2026-02-04,965.0,975.7,944.15,963.3,17489015.0
BAJFINANCE,2026-02-05,964.0,968.5,953.0,964.75,6020258.0
BAJFINANCE,2026-02-06,973.95,986.5,966.1,981.7,13742927.0
BAJFINANCE,2026-02-09,988.0,988.0,971.6,983.15,4852548.0
BAJFINANCE,2026-02-10,983.15,985.15,961.3,965.6,6166752.0
BAJFINANCE,2026-02-11,965.3,974.5,961.4,968.95,3597342.0
BAJFINANCE,2026-02-12,968.3,1002.0,965.0,999.1,10346853.0
BAJFINANCE,2026-02-13,995.0,1032.0,992.8,1024.75,21613987.0
BAJFINANCE,2026-02-16,1023.05,1029.3,1003.3,1012.75,4460636.0
BAJFINANCE,2026-02-17,1012.75,1016.35,1004.0,1014.15,2913899.0
BAJFINANCE,2026-02-18,1014.55,1025.7,1007.05,1023.8,4929647.0
BAJFINANCE,2026-02-19,1024.0,1024.5,1007.0,1017.05,9866245.0
BAJFINANCE,2026-02-20,1015.9,1036.6,1008.75,1030.2,6922705.0
BAJFINANCE,2026-02-23,1032.45,1046.0,1029.05,1031.0,9452225.0
BAJFINANCE,2026-02-24,1026.3,1028.75,1010.3,1023.55,6610984.0
BAJFINANCE,2026-02-25,1028.0,1034.0,1013.4,1021.05,3182612.0
BAJFINANCE,2026-02-26,1020.75,1031.2,1006.05,1012.95,4336261.0
BAJFINANCE,2026-02-27,1008.95,1014.9,993.1,995.9,8145772.0
BAJFINANCE,2026-03-02,971.0,990.4,968.0,978.25,8493269.0
BAJFINANCE,2026-03-04,967.0,967.0,941.3,945.1,8964293.0
BAJFINANCE,2026-03-05,958.0,968.25,945.9,962.4,6181254.0
BAJFINANCE,2026-03-06,960.0,961.5,946.6,950.2,6560051.0
BAJFINANCE,2026-03-09,921.8,941.1,909.05,938.05,9182152.0
BAJFINANCE,2026-03-10,950.0,952.15,931.85,939.8,8474956.0
BAJFINANCE,2026-03-11,932.2,941.25,890.0,893.65,11172537.0
BAJFINANCE,2026-03-12,880.1,888.2,858.35,863.1,15508258.0
BAJFINANCE,2026-03-13,861.0,868.35,848.8,855.05,6668639.0
BAJFINANCE,2026-03-16,850.1,881.9,850.1,878.15,8982957.0
BAJFINANCE,2026-03-17,878.15,881.05,859.55,868.6,7941385.0
BAJFINANCE,2026-03-18,876.1,893.95,858.2,880.1,12375517.0
BAJFINANCE,2026-03-19,868.2,869.9,826.7,832.2,11585591.0
BAJFINANCE,2026-03-20,836.7,841.95,819.25,830.55,14881843.0
BAJFINANCE,2026-03-23,818.1,818.8,787.9,812.6,15835828.0
BAJFINANCE,2026-03-24,830.0,854.0,817.6,849.0,18828248.0
BAJFINANCE,2026-03-25,862.05,888.8,853.3,882.75,15995501.0
BAJFINANCE,2026-03-27,875.0,875.15,841.25,843.8,11282824.0
BAJFINANCE,2026-03-30,831.0,834.9,799.0,801.55,20377282.0
BAJFINANCE,2026-04-01,832.8,842.05,814.8,817.3,15094026.0
BAJFINANCE,2026-04-02,809.0,830.05,792.45,826.85,9113618.0
BAJFINANCE,2026-04-06,828.9,853.0,814.25,850.85,12504591.0
BAJFINANCE,2026-04-07,848.0,862.8,844.45,855.1,11569047.0
BAJFINANCE,2026-04-08,890.0,926.0,881.0,915.05,13826150.0
BAJFINANCE,2026-04-09,902.0,913.4,891.4,903.25,9457820.0
BAJFINANCE,2026-04-10,915.75,927.3,912.3,924.55,9491544.0
BAJFINANCE,2026-04-13,896.15,905.9,881.1,898.95,10723313.0
BAJFINANCE,2026-04-15,925.0,925.0,911.1,913.15,5975197.0
BAJFINANCE,2026-04-16,919.0,932.6,904.0,905.9,11805227.0
BAJFINANCE,2026-04-17,902.15,910.45,895.8,908.25,6035241.0
BAJFINANCE,2026-04-20,908.25,920.9,898.0,917.75,6184179.0
BAJFINANCE,2026-04-21,919.5,945.95,919.0,938.85,6713975.0
BAJFINANCE,2026-04-22,938.0,946.35,930.15,934.75,5759028.0
BAJFINANCE,2026-04-23,926.1,929.85,909.35,918.35,9143598.0
BAJFINANCE,2026-04-24,920.0,924.7,909.8,921.55,3982355.0
BAJFINANCE,2026-04-27,923.05,928.95,908.3,921.8,7813458.0
BAJFINANCE,2026-04-28,921.8,929.9,914.35,923.65,7119135.0
BAJFINANCE,2026-04-29,925.0,937.0,916.6,930.0,5438997.0
BAJFINANCE,2026-04-30,945.0,975.0,933.9,937.0,27364272.0
BAJFINANCE,2026-05-04,938.1,966.0,938.1,950.2,7503756.0
BAJFINANCE,2026-05-05,950.2,961.1,933.15,958.6,7290077.0
BAJFINANCE,2026-05-06,965.0,984.0,965.0,980.75,7771237.0
BAJFINANCE,2026-05-07,992.25,992.25,969.0,972.75,7873561.0
BAJFINANCE,2026-05-08,971.0,971.95,951.0,955.35,5555386.0
BAJFINANCE,2026-05-11,946.0,956.0,933.55,936.05,5581022.0
BAJFINANCE,2026-05-12,928.0,932.65,901.75,904.2,7174645.0
BAJFINANCE,2026-05-13,902.0,907.4,890.05,896.15,7422952.0
BAJFINANCE,2026-05-14,902.9,915.0,889.0,912.15,6815238.0
BAJFINANCE,2026-05-15,913.0,921.6,907.35,910.45,5012279.0
BAJFINANCE,2026-05-18,900.0,925.0,890.7,921.1,6387223.0
BAJFINANCE,2026-05-19,927.6,930.0,920.1,923.55,8313548.0
BAJFINANCE,2026-05-20,910.0,926.3,908.45,923.1,5864990.0
BAJFINANCE,2026-05-21,933.0,934.9,903.25,907.65,9713326.0
BAJFINANCE,2026-05-22,908.1,924.0,908.1,916.55,4811990.0
BAJFINANCE,2026-05-25,926.1,944.0,924.45,941.9,7065528.0
BAJFINANCE,2026-05-26,943.95,948.4,928.1,930.2,8489543.0
BALKRISIND,2025-05-21,2653.9,2690.2,2638.4,2665.6,502954.0
BALKRISIND,2025-05-22,2678.4,2687.7,2626.8,2649.6,376080.0
BALKRISIND,2025-05-23,2666.0,2685.8,2630.1,2660.2,343247.0
BALKRISIND,2025-05-26,2460.0,2508.9,2383.0,2492.0,5053005.0
BALKRISIND,2025-05-27,2510.9,2524.8,2467.5,2478.6,1506038.0
BALKRISIND,2025-05-28,2492.0,2495.0,2451.7,2478.0,508542.0
BALKRISIND,2025-05-29,2488.0,2513.4,2471.0,2488.0,426994.0
BALKRISIND,2025-05-30,2488.0,2496.2,2460.2,2472.2,518888.0
BALKRISIND,2025-06-02,2472.5,2479.3,2437.1,2450.1,494551.0
BALKRISIND,2025-06-03,2464.9,2469.8,2440.5,2449.0,408472.0
BALKRISIND,2025-06-04,2450.0,2481.9,2425.5,2471.4,700256.0
BALKRISIND,2025-06-05,2478.0,2484.2,2455.0,2460.2,224091.0
BALKRISIND,2025-06-06,2460.1,2500.0,2453.1,2492.7,168337.0
BALKRISIND,2025-06-09,2512.0,2512.0,2493.0,2502.7,195356.0
BALKRISIND,2025-06-10,2510.0,2527.2,2500.1,2507.6,184160.0
BALKRISIND,2025-06-11,2517.0,2555.7,2489.0,2496.2,263851.0
BALKRISIND,2025-06-12,2496.0,2502.4,2458.6,2469.0,248130.0
BALKRISIND,2025-06-13,2450.0,2472.3,2421.1,2463.8,473465.0
BALKRISIND,2025-06-16,2463.4,2467.9,2417.0,2458.2,204331.0
BALKRISIND,2025-06-17,2466.9,2481.6,2441.0,2447.7,127269.0
BALKRISIND,2025-06-18,2454.0,2454.8,2431.0,2443.9,198705.0
BALKRISIND,2025-06-19,2444.5,2467.5,2400.0,2403.7,195547.0
BALKRISIND,2025-06-20,2400.0,2435.5,2391.0,2420.4,370213.0
BALKRISIND,2025-06-23,2401.0,2412.0,2391.9,2398.2,290119.0
BALKRISIND,2025-06-24,2425.0,2425.1,2388.2,2393.8,176516.0
BALKRISIND,2025-06-25,2406.0,2411.4,2388.2,2399.5,351031.0
BALKRISIND,2025-06-26,2399.5,2439.0,2386.1,2433.3,203299.0
BALKRISIND,2025-06-27,2445.7,2468.9,2430.2,2463.8,178550.0
BALKRISIND,2025-06-30,2475.0,2494.7,2435.8,2445.3,803443.0
BALKRISIND,2025-07-01,2445.3,2484.4,2436.0,2476.8,1086266.0
BALKRISIND,2025-07-02,2484.0,2586.9,2483.0,2566.2,1363309.0
BALKRISIND,2025-07-03,2566.0,2592.0,2542.2,2550.3,188962.0
BALKRISIND,2025-07-04,2555.5,2622.2,2550.1,2607.9,359789.0
BALKRISIND,2025-07-07,2607.8,2618.3,2587.3,2602.8,127405.0
BALKRISIND,2025-07-08,2602.8,2626.0,2598.0,2622.5,167327.0
BALKRISIND,2025-07-09,2616.0,2632.8,2609.3,2620.9,108777.0
BALKRISIND,2025-07-10,2620.0,2640.0,2615.0,2636.3,141487.0
BALKRISIND,2025-07-11,2636.3,2663.0,2622.1,2655.5,249530.0
BALKRISIND,2025-07-14,2661.9,2678.6,2629.3,2649.8,400590.0
BALKRISIND,2025-07-15,2649.8,2677.8,2649.6,2672.0,927036.0
BALKRISIND,2025-07-16,2679.0,2684.7,2633.2,2652.9,200466.0
BALKRISIND,2025-07-17,2643.0,2779.0,2643.0,2742.1,1207633.0
BALKRISIND,2025-07-18,2728.6,2761.3,2710.5,2745.3,341791.0
BALKRISIND,2025-07-21,2747.0,2778.5,2711.1,2774.0,297175.0
BALKRISIND,2025-07-22,2774.0,2801.3,2730.1,2756.9,221399.0
BALKRISIND,2025-07-23,2750.0,2755.9,2719.0,2740.4,206170.0
BALKRISIND,2025-07-24,2740.6,2770.7,2720.0,2727.0,819543.0
BALKRISIND,2025-07-25,2719.1,2735.1,2660.0,2685.8,294012.0
BALKRISIND,2025-07-28,2629.0,2741.6,2590.8,2692.9,576744.0
BALKRISIND,2025-07-29,2679.4,2750.0,2668.7,2735.6,593468.0
BALKRISIND,2025-07-30,2735.6,2762.0,2712.1,2759.1,375440.0
BALKRISIND,2025-07-31,2725.0,2728.0,2652.9,2676.2,388204.0
BALKRISIND,2025-08-01,2698.1,2698.1,2556.0,2575.8,370249.0
BALKRISIND,2025-08-04,2578.3,2608.8,2551.0,2579.0,310342.0
BALKRISIND,2025-08-05,2580.0,2585.8,2510.6,2545.1,532752.0
BALKRISIND,2025-08-06,2540.0,2540.0,2390.0,2400.2,346497.0
BALKRISIND,2025-08-07,2397.1,2438.0,2362.1,2425.0,335816.0
BALKRISIND,2025-08-08,2430.0,2441.9,2397.9,2428.4,71460.0
BALKRISIND,2025-08-11,2448.3,2448.3,2391.1,2416.2,210938.0
BALKRISIND,2025-08-12,2429.0,2429.0,2381.3,2411.6,117087.0
BALKRISIND,2025-08-13,2424.9,2425.0,2391.1,2412.3,121774.0
BALKRISIND,2025-08-14,2432.4,2435.0,2387.0,2399.7,60859.0
BALKRISIND,2025-08-18,2430.4,2456.1,2395.6,2436.5,377614.0
BALKRISIND,2025-08-19,2428.1,2446.1,2402.2,2425.6,161493.0
BALKRISIND,2025-08-20,2443.0,2447.0,2411.3,2421.1,40830.0
BALKRISIND,2025-08-21,2440.5,2444.4,2393.0,2414.0,195842.0
BALKRISIND,2025-08-22,2415.1,2433.4,2388.2,2396.1,175280.0
BALKRISIND,2025-08-25,2404.6,2404.6,2361.0,2367.1,84278.0
BALKRISIND,2025-08-26,2376.8,2377.0,2303.0,2324.3,574342.0
BALKRISIND,2025-08-28,2324.0,2357.4,2307.4,2318.9,179320.0
BALKRISIND,2025-08-29,2332.4,2332.4,2255.1,2289.4,263321.0
BALKRISIND,2025-09-01,2302.9,2332.0,2267.0,2323.0,396559.0
BALKRISIND,2025-09-02,2342.5,2378.0,2322.0,2360.6,267893.0
BALKRISIND,2025-09-03,2379.5,2391.4,2337.5,2363.5,190293.0
BALKRISIND,2025-09-04,2400.0,2431.8,2330.6,2337.9,123615.0
BALKRISIND,2025-09-05,2357.1,2357.1,2304.0,2309.1,133849.0
BALKRISIND,2025-09-08,2305.0,2358.3,2297.3,2320.9,117741.0
BALKRISIND,2025-09-09,2339.5,2350.0,2295.1,2299.8,140929.0
BALKRISIND,2025-09-10,2320.0,2390.0,2295.9,2383.5,306475.0
BALKRISIND,2025-09-11,2383.0,2419.0,2358.3,2411.5,204861.0
BALKRISIND,2025-09-12,2414.5,2450.6,2370.0,2388.7,270845.0
BALKRISIND,2025-09-15,2390.0,2419.1,2383.1,2403.6,84132.0
BALKRISIND,2025-09-16,2409.9,2479.5,2408.1,2466.2,276970.0
BALKRISIND,2025-09-17,2478.0,2517.0,2460.0,2510.7,198387.0
BALKRISIND,2025-09-18,2518.0,2534.8,2491.2,2508.6,178054.0
BALKRISIND,2025-09-19,2500.6,2550.0,2490.0,2522.7,160221.0
BALKRISIND,2025-09-22,2525.0,2545.0,2479.9,2536.0,83835.0
BALKRISIND,2025-09-23,2540.0,2551.8,2475.3,2496.5,68337.0
BALKRISIND,2025-09-24,2489.0,2489.2,2400.5,2416.3,216496.0
BALKRISIND,2025-09-25,2416.1,2451.0,2378.2,2386.0,97649.0
BALKRISIND,2025-09-26,2385.1,2386.9,2344.0,2352.2,39308.0
BALKRISIND,2025-09-29,2370.0,2370.0,2273.0,2286.3,220889.0
BALKRISIND,2025-09-30,2307.4,2322.3,2284.3,2294.8,147091.0
BALKRISIND,2025-10-01,2270.0,2313.0,2270.0,2305.6,88479.0
BALKRISIND,2025-10-03,2315.0,2317.0,2295.0,2302.8,71524.0
BALKRISIND,2025-10-06,2309.9,2311.5,2284.0,2296.5,34460.0
BALKRISIND,2025-10-07,2296.5,2296.5,2296.5,2296.5,106539.0
BALKRISIND,2025-10-07,2298.6,2312.0,2274.3,2279.6,171438.0
BALKRISIND,2025-10-08,2281.5,2345.0,2272.9,2284.3,159035.0
BALKRISIND,2025-10-09,2294.0,2305.0,2270.2,2275.4,97984.0
BALKRISIND,2025-10-10,2292.0,2306.7,2277.4,2287.3,68858.0
BALKRISIND,2025-10-13,2287.2,2287.3,2214.1,2218.2,142559.0
BALKRISIND,2025-10-14,2238.2,2245.0,2200.0,2232.0,318022.0
BALKRISIND,2025-10-15,2225.0,2232.5,2207.0,2211.9,78536.0
BALKRISIND,2025-10-16,2215.0,2294.5,2214.8,2274.7,202210.0
BALKRISIND,2025-10-17,2280.0,2298.4,2253.6,2268.5,137144.0
BALKRISIND,2025-10-20,2273.0,2325.0,2262.6,2283.0,223692.0
BALKRISIND,2025-10-21,2299.0,2329.0,2286.2,2311.5,36071.0
BALKRISIND,2025-10-23,2325.0,2363.6,2300.0,2348.4,217822.0
BALKRISIND,2025-10-24,2348.0,2349.3,2319.2,2326.5,104864.0
BALKRISIND,2025-10-27,2331.9,2347.0,2305.0,2327.5,190402.0
BALKRISIND,2025-10-28,2339.0,2373.0,2315.0,2336.4,145725.0
BALKRISIND,2025-10-29,2347.8,2354.4,2321.4,2329.4,68601.0
BALKRISIND,2025-10-30,2346.3,2349.0,2306.0,2326.6,95329.0
BALKRISIND,2025-10-31,2326.6,2344.4,2270.2,2279.8,186483.0
BALKRISIND,2025-11-03,2259.9,2321.0,2175.2,2296.9,369951.0
BALKRISIND,2025-11-04,2298.0,2372.5,2284.4,2364.3,252932.0
BALKRISIND,2025-11-06,2364.3,2364.3,2288.4,2340.8,153013.0
BALKRISIND,2025-11-07,2338.2,2339.4,2291.0,2321.6,81220.0
BALKRISIND,2025-11-10,2321.1,2346.4,2291.0,2318.6,114804.0
BALKRISIND,2025-11-11,2305.0,2349.0,2298.2,2341.5,89352.0
BALKRISIND,2025-11-12,2342.0,2386.2,2340.8,2368.8,102408.0
BALKRISIND,2025-11-13,2379.8,2395.0,2330.0,2338.3,69203.0
BALKRISIND,2025-11-14,2339.0,2352.4,2320.0,2329.6,37646.0
BALKRISIND,2025-11-17,2348.4,2375.0,2336.9,2361.8,87309.0
BALKRISIND,2025-11-18,2360.0,2360.0,2301.2,2308.6,80740.0
BALKRISIND,2025-11-19,2290.9,2333.8,2290.9,2317.6,89635.0
BALKRISIND,2025-11-20,2336.0,2336.0,2262.2,2299.7,275808.0
BALKRISIND,2025-11-21,2305.8,2372.0,2295.2,2319.5,239909.0
BALKRISIND,2025-11-24,2326.0,2348.0,2256.8,2265.0,380797.0
BALKRISIND,2025-11-25,2272.0,2318.0,2257.5,2304.8,125025.0
BALKRISIND,2025-11-26,2323.0,2328.7,2273.0,2313.0,103409.0
BALKRISIND,2025-11-27,2320.0,2350.8,2291.0,2300.4,81802.0
BALKRISIND,2025-11-28,2300.0,2324.9,2258.4,2308.9,135265.0
BALKRISIND,2025-12-01,2322.9,2322.9,2290.1,2300.1,236377.0
BALKRISIND,2025-12-02,2307.4,2466.0,2297.4,2445.6,1912517.0
BALKRISIND,2025-12-03,2422.0,2429.9,2390.3,2408.6,447022.0
BALKRISIND,2025-12-04,2381.0,2420.0,2378.2,2403.8,77893.0
BALKRISIND,2025-12-05,2395.4,2409.6,2358.8,2383.0,150389.0
BALKRISIND,2025-12-08,2383.0,2387.8,2343.7,2356.7,221495.0
BALKRISIND,2025-12-09,2343.0,2357.0,2307.0,2324.6,55431.0
BALKRISIND,2025-12-10,2326.0,2332.2,2301.0,2314.8,42649.0
BALKRISIND,2025-12-11,2324.9,2327.4,2300.2,2317.2,37081.0
BALKRISIND,2025-12-12,2330.0,2356.0,2310.2,2349.0,39400.0
BALKRISIND,2025-12-15,2340.0,2391.8,2337.8,2380.6,47746.0
BALKRISIND,2025-12-16,2380.2,2396.8,2355.4,2377.1,105414.0
BALKRISIND,2025-12-17,2373.0,2418.8,2370.0,2396.6,98368.0
BALKRISIND,2025-12-18,2390.6,2390.6,2340.3,2366.7,95449.0
BALKRISIND,2025-12-19,2375.0,2385.5,2348.0,2365.4,108298.0
BALKRISIND,2025-12-22,2352.5,2361.4,2320.5,2340.0,111185.0
BALKRISIND,2025-12-23,2340.2,2348.8,2299.5,2309.9,106481.0
BALKRISIND,2025-12-24,2310.0,2310.6,2292.0,2299.2,68924.0
BALKRISIND,2025-12-26,2300.9,2308.0,2290.0,2293.4,36589.0
BALKRISIND,2025-12-29,2293.4,2316.0,2290.0,2307.3,55904.0
BALKRISIND,2025-12-30,2309.0,2328.4,2291.8,2309.7,63911.0
BALKRISIND,2025-12-31,2300.0,2326.9,2292.0,2319.7,92837.0
BALKRISIND,2026-01-01,2315.1,2337.9,2305.0,2316.3,23501.0
BALKRISIND,2026-01-02,2310.0,2380.0,2310.0,2368.6,81569.0
BALKRISIND,2026-01-05,2361.0,2407.0,2328.0,2398.9,145909.0
BALKRISIND,2026-01-06,2399.5,2400.8,2375.0,2387.3,59732.0
BALKRISIND,2026-01-07,2387.0,2413.7,2375.9,2397.6,68466.0
BALKRISIND,2026-01-08,2397.6,2413.5,2370.7,2375.7,176616.0
BALKRISIND,2026-01-09,2364.0,2384.4,2341.4,2360.1,186141.0
BALKRISIND,2026-01-12,2340.0,2418.0,2340.0,2413.4,88855.0
BALKRISIND,2026-01-13,2413.5,2427.5,2382.0,2395.9,164064.0
BALKRISIND,2026-01-14,2391.4,2433.0,2388.3,2426.5,334361.0
BALKRISIND,2026-01-16,2438.5,2454.2,2399.8,2447.4,166001.0
BALKRISIND,2026-01-19,2445.4,2468.0,2400.4,2431.6,267844.0
BALKRISIND,2026-01-20,2403.0,2428.4,2385.0,2412.1,71552.0
BALKRISIND,2026-01-21,2401.0,2431.5,2382.0,2417.2,63910.0
BALKRISIND,2026-01-22,2436.0,2439.7,2415.0,2426.5,42174.0
BALKRISIND,2026-01-23,2437.0,2437.0,2396.6,2408.4,45883.0
BALKRISIND,2026-01-27,2410.0,2475.0,2402.7,2418.2,205686.0
BALKRISIND,2026-01-28,2420.0,2455.0,2400.7,2410.3,149142.0
BALKRISIND,2026-01-29,2419.5,2424.2,2348.1,2364.2,106826.0
BALKRISIND,2026-01-30,2364.0,2380.4,2289.9,2305.8,606036.0
BALKRISIND,2026-02-01,2314.6,2319.0,2275.3,2298.2,80502.0
BALKRISIND,2026-02-02,2290.2,2327.3,2226.1,2293.8,173624.0
BALKRISIND,2026-02-03,2522.5,2752.5,2406.8,2571.9,2320342.0
BALKRISIND,2026-02-04,2487.8,2687.6,2478.0,2663.5,325950.0
BALKRISIND,2026-02-05,2648.0,2744.9,2570.4,2687.8,511866.0
BALKRISIND,2026-02-06,2660.9,2745.0,2591.0,2704.8,178896.0
BALKRISIND,2026-02-09,2708.0,2724.5,2644.9,2678.6,233651.0
BALKRISIND,2026-02-10,2678.2,2775.0,2668.0,2716.3,236311.0
BALKRISIND,2026-02-11,2719.0,2754.3,2651.0,2679.6,100643.0
BALKRISIND,2026-02-12,2679.6,2694.6,2609.0,2641.3,111780.0
BALKRISIND,2026-02-13,2641.3,2641.3,2571.1,2611.8,200893.0
BALKRISIND,2026-02-16,2613.0,2613.0,2548.5,2575.7,130560.0
BALKRISIND,2026-02-17,2576.1,2587.0,2520.0,2547.4,114832.0
BALKRISIND,2026-02-18,2553.2,2561.3,2519.8,2539.3,71073.0
BALKRISIND,2026-02-19,2535.0,2630.0,2513.7,2534.1,172303.0
BALKRISIND,2026-02-20,2530.0,2539.0,2483.2,2494.8,65423.0
BALKRISIND,2026-02-23,2519.6,2535.0,2488.1,2509.0,187765.0
BALKRISIND,2026-02-24,2509.0,2568.7,2475.2,2518.5,544353.0
BALKRISIND,2026-02-25,2518.5,2525.4,2476.2,2517.0,241035.0
BALKRISIND,2026-02-26,2508.1,2508.1,2432.4,2462.4,137623.0
BALKRISIND,2026-02-27,2464.8,2464.8,2375.0,2383.9,169884.0
BALKRISIND,2026-03-02,2299.9,2337.4,2275.4,2302.6,146832.0
BALKRISIND,2026-03-04,2270.0,2281.3,2245.1,2256.8,114580.0
BALKRISIND,2026-03-05,2260.0,2366.7,2205.5,2308.6,155723.0
BALKRISIND,2026-03-06,2280.0,2283.4,2230.0,2249.7,77512.0
BALKRISIND,2026-03-09,2220.0,2253.7,2146.8,2242.8,118689.0
BALKRISIND,2026-03-10,2255.9,2280.5,2236.5,2242.4,108794.0
BALKRISIND,2026-03-11,2245.1,2247.0,2170.1,2175.6,83539.0
BALKRISIND,2026-03-12,2162.2,2308.8,2152.1,2280.2,204206.0
BALKRISIND,2026-03-13,2274.8,2296.1,2211.0,2225.7,105894.0
BALKRISIND,2026-03-16,2193.0,2225.7,2113.4,2165.8,228941.0
BALKRISIND,2026-03-17,2165.8,2180.9,2139.2,2150.9,118968.0
BALKRISIND,2026-03-18,2165.0,2185.0,2130.0,2172.2,123075.0
BALKRISIND,2026-03-19,2145.0,2178.2,2098.5,2120.8,102348.0
BALKRISIND,2026-03-20,2131.4,2159.9,2090.3,2105.1,128499.0
BALKRISIND,2026-03-23,2090.0,2094.0,2032.4,2040.2,106792.0
BALKRISIND,2026-03-24,2094.0,2094.2,2015.4,2057.6,211705.0
BALKRISIND,2026-03-25,2079.0,2229.0,2064.1,2207.8,187325.0
BALKRISIND,2026-03-27,2174.8,2180.0,2117.0,2150.5,132801.0
BALKRISIND,2026-03-30,2108.0,2131.8,2045.0,2083.0,336244.0
BALKRISIND,2026-04-01,2172.5,2172.6,2095.1,2127.6,128406.0
BALKRISIND,2026-04-02,2085.2,2100.0,2018.0,2067.2,194886.0
BALKRISIND,2026-04-06,2067.2,2149.2,2043.9,2128.1,142315.0
BALKRISIND,2026-04-07,2100.0,2139.9,2076.3,2127.4,84345.0
BALKRISIND,2026-04-08,2210.0,2245.0,2190.1,2222.7,323695.0
BALKRISIND,2026-04-09,2200.0,2248.7,2175.0,2220.9,232676.0
BALKRISIND,2026-04-10,2247.0,2291.0,2232.1,2268.9,238026.0
BALKRISIND,2026-04-13,2236.0,2273.4,2214.2,2234.3,134847.0
BALKRISIND,2026-04-15,2270.0,2364.1,2238.1,2322.1,102416.0
BALKRISIND,2026-04-16,2333.0,2360.0,2280.0,2342.4,80523.0
BALKRISIND,2026-04-17,2347.9,2365.0,2308.0,2329.8,729753.0
BALKRISIND,2026-04-20,2341.0,2344.0,2272.0,2282.0,168809.0
BALKRISIND,2026-04-21,2275.0,2314.7,2260.0,2304.1,139527.0
BALKRISIND,2026-04-22,2304.1,2319.9,2288.5,2309.7,63978.0
BALKRISIND,2026-04-23,2300.0,2311.1,2256.2,2265.4,84308.0
BALKRISIND,2026-04-24,2275.0,2284.0,2187.0,2225.4,134893.0
BALKRISIND,2026-04-27,2249.9,2255.9,2215.5,2223.4,113788.0
BALKRISIND,2026-04-28,2237.0,2247.6,2185.0,2189.3,83857.0
BALKRISIND,2026-04-29,2216.0,2247.9,2193.2,2199.9,158595.0
BALKRISIND,2026-04-30,2199.9,2199.9,2136.3,2160.8,138178.0
BALKRISIND,2026-05-04,2182.5,2215.4,2172.5,2205.0,84821.0
BALKRISIND,2026-05-05,2201.1,2227.9,2164.9,2172.0,58790.0
BALKRISIND,2026-05-06,2193.5,2238.6,2188.0,2230.3,68805.0
BALKRISIND,2026-05-07,2255.0,2283.0,2228.7,2258.4,90321.0
BALKRISIND,2026-05-08,2264.0,2300.0,2237.3,2262.5,154989.0
BALKRISIND,2026-05-11,2250.0,2250.0,2148.5,2181.9,344913.0
BALKRISIND,2026-05-12,2181.9,2205.0,2084.1,2110.6,130998.0
BALKRISIND,2026-05-13,2114.4,2151.8,2063.7,2105.1,502422.0
BALKRISIND,2026-05-14,2120.0,2197.1,2120.0,2191.1,124061.0
BALKRISIND,2026-05-15,2192.8,2209.1,2132.0,2148.3,39566.0
BALKRISIND,2026-05-18,2131.2,2148.3,2094.0,2117.1,196600.0
BALKRISIND,2026-05-19,2119.0,2147.9,2105.1,2128.0,129225.0
BALKRISIND,2026-05-20,2119.0,2169.9,2107.9,2155.0,316780.0
BALKRISIND,2026-05-21,2177.0,2220.0,2170.0,2205.4,79073.0
BALKRISIND,2026-05-22,2211.0,2218.0,2202.3,2208.3,42717.0
BALKRISIND,2026-05-25,2229.4,2248.9,2210.1,2219.1,94164.0
BALKRISIND,2026-05-26,2216.9,2242.7,2188.0,2202.7,97457.0
BALMLAWRIE,2025-05-21,210.25,216.62,210.25,215.36,353339.0
BALMLAWRIE,2025-05-22,213.0,216.37,211.21,212.85,288717.0
BALMLAWRIE,2025-05-23,214.8,214.8,210.85,211.84,231622.0
BALMLAWRIE,2025-05-26,212.35,214.64,212.35,213.44,170907.0
BALMLAWRIE,2025-05-27,213.8,214.29,212.1,212.87,115323.0
BALMLAWRIE,2025-05-28,213.0,214.25,211.8,212.14,152748.0
BALMLAWRIE,2025-05-29,212.5,214.0,211.75,212.5,126661.0
BALMLAWRIE,2025-05-30,211.5,214.11,211.5,212.42,167577.0
BALMLAWRIE,2025-06-02,212.0,213.0,210.38,211.07,186002.0
BALMLAWRIE,2025-06-03,212.35,213.85,210.21,210.63,178821.0
BALMLAWRIE,2025-06-04,211.44,213.74,210.24,213.26,177454.0
BALMLAWRIE,2025-06-05,214.9,216.68,213.01,214.03,329068.0
BALMLAWRIE,2025-06-06,214.02,214.9,212.61,213.69,155381.0
BALMLAWRIE,2025-06-09,213.9,217.99,213.9,216.81,224011.0
BALMLAWRIE,2025-06-10,217.69,219.0,214.24,216.12,269650.0
BALMLAWRIE,2025-06-11,216.5,222.9,215.71,218.95,497789.0
BALMLAWRIE,2025-06-12,220.0,222.6,213.1,214.3,356082.0
BALMLAWRIE,2025-06-13,213.0,214.92,210.3,213.09,207601.0
BALMLAWRIE,2025-06-16,212.0,215.0,208.35,212.44,227676.0
BALMLAWRIE,2025-06-17,212.3,214.0,209.0,209.28,199580.0
BALMLAWRIE,2025-06-18,209.01,210.26,205.62,206.24,174076.0
BALMLAWRIE,2025-06-19,206.24,207.7,202.53,203.5,184474.0
BALMLAWRIE,2025-06-20,203.51,205.5,201.7,203.26,142375.0
BALMLAWRIE,2025-06-23,204.5,206.0,201.31,205.54,158758.0
BALMLAWRIE,2025-06-24,206.6,209.0,206.0,207.95,169580.0
BALMLAWRIE,2025-06-25,208.6,213.48,208.6,212.63,229421.0
BALMLAWRIE,2025-06-26,213.0,214.01,209.98,211.02,156920.0
BALMLAWRIE,2025-06-27,212.4,215.9,211.49,213.9,327743.0
BALMLAWRIE,2025-06-30,214.5,214.9,212.5,214.04,138068.0
BALMLAWRIE,2025-07-01,214.04,215.98,212.1,212.93,127510.0
BALMLAWRIE,2025-07-02,214.0,214.89,212.1,213.63,115127.0
BALMLAWRIE,2025-07-03,214.65,215.93,213.77,214.67,141681.0
BALMLAWRIE,2025-07-04,215.0,220.95,214.05,214.78,468370.0
BALMLAWRIE,2025-07-07,214.65,215.36,212.04,212.73,143587.0
BALMLAWRIE,2025-07-08,212.5,216.89,211.1,214.2,176269.0
BALMLAWRIE,2025-07-09,215.4,219.85,213.78,217.95,429265.0
BALMLAWRIE,2025-07-10,219.04,220.5,217.62,218.65,287637.0
BALMLAWRIE,2025-07-11,218.4,218.49,214.81,216.1,141735.0
BALMLAWRIE,2025-07-14,215.5,215.8,213.2,214.62,108449.0
BALMLAWRIE,2025-07-15,213.55,220.0,213.55,216.96,212030.0
BALMLAWRIE,2025-07-16,216.96,218.45,215.1,215.75,692481.0
BALMLAWRIE,2025-07-17,216.2,218.4,215.1,215.39,129450.0
BALMLAWRIE,2025-07-18,215.4,221.55,214.0,219.91,485629.0
BALMLAWRIE,2025-07-21,221.0,222.87,220.0,221.27,432468.0
BALMLAWRIE,2025-07-22,221.9,225.0,220.6,224.16,465661.0
BALMLAWRIE,2025-07-23,224.16,226.79,219.5,220.18,295498.0
BALMLAWRIE,2025-07-24,220.0,222.0,219.21,220.95,190838.0
BALMLAWRIE,2025-07-25,219.5,221.0,215.4,215.9,186780.0
BALMLAWRIE,2025-07-28,214.55,218.79,210.51,211.13,180130.0
BALMLAWRIE,2025-07-29,211.0,215.5,210.11,214.69,135369.0
BALMLAWRIE,2025-07-30,214.2,215.91,213.0,213.37,100793.0
BALMLAWRIE,2025-07-31,209.0,213.09,209.0,210.36,127262.0
BALMLAWRIE,2025-08-01,209.06,212.59,207.83,208.15,160487.0
BALMLAWRIE,2025-08-04,208.25,215.04,207.33,212.31,224128.0
BALMLAWRIE,2025-08-05,211.52,213.4,211.0,212.11,63572.0
BALMLAWRIE,2025-08-06,212.12,213.25,208.8,209.99,100669.0
BALMLAWRIE,2025-08-07,209.1,210.4,205.5,208.14,219401.0
BALMLAWRIE,2025-08-08,209.0,211.31,207.0,207.72,112439.0
BALMLAWRIE,2025-08-11,208.5,211.95,207.0,211.13,117396.0
BALMLAWRIE,2025-08-12,211.13,214.29,211.13,213.3,113259.0
BALMLAWRIE,2025-08-13,213.45,214.79,212.75,212.88,128496.0
BALMLAWRIE,2025-08-14,213.5,218.19,211.8,213.58,231758.0
BALMLAWRIE,2025-08-18,215.0,216.94,214.5,214.93,168719.0
BALMLAWRIE,2025-08-19,215.0,221.31,214.4,218.92,431128.0
BALMLAWRIE,2025-08-20,219.0,219.68,218.01,218.96,111971.0
BALMLAWRIE,2025-08-21,220.5,230.75,220.2,226.92,1156883.0
BALMLAWRIE,2025-08-22,226.92,228.14,223.3,224.11,290134.0
BALMLAWRIE,2025-08-25,224.11,225.9,222.25,222.57,200344.0
BALMLAWRIE,2025-08-26,222.0,222.38,218.05,218.6,196203.0
BALMLAWRIE,2025-08-28,220.99,220.99,215.0,217.35,249693.0
BALMLAWRIE,2025-08-29,217.5,219.6,216.26,218.07,183336.0
BALMLAWRIE,2025-09-01,219.12,221.0,218.07,219.92,265552.0
BALMLAWRIE,2025-09-02,222.0,235.79,220.5,232.81,2089872.0
BALMLAWRIE,2025-09-03,233.4,236.0,231.12,231.91,711019.0
BALMLAWRIE,2025-09-04,232.8,234.66,228.0,228.93,446525.0
BALMLAWRIE,2025-09-05,229.53,231.09,226.44,227.01,322862.0
BALMLAWRIE,2025-09-08,228.0,232.4,227.5,229.29,270120.0
BALMLAWRIE,2025-09-09,231.6,233.0,229.31,230.52,332059.0
BALMLAWRIE,2025-09-10,231.2,232.74,229.12,229.53,326893.0
BALMLAWRIE,2025-09-11,231.0,234.0,230.0,230.46,683640.0
BALMLAWRIE,2025-09-12,231.01,233.3,230.46,231.48,514818.0
BALMLAWRIE,2025-09-15,233.48,238.2,232.32,235.7,1668293.0
BALMLAWRIE,2025-09-16,225.5,226.87,221.6,223.83,793351.0
BALMLAWRIE,2025-09-17,223.0,223.79,219.11,220.01,497698.0
BALMLAWRIE,2025-09-18,219.01,220.71,213.1,214.91,426992.0
BALMLAWRIE,2025-09-19,214.02,216.95,213.6,216.26,220378.0
BALMLAWRIE,2025-09-22,216.26,218.6,214.36,214.75,239129.0
BALMLAWRIE,2025-09-23,215.0,215.28,210.6,211.15,268332.0
BALMLAWRIE,2025-09-24,211.0,212.4,209.58,211.89,205959.0
BALMLAWRIE,2025-09-25,211.89,212.39,210.0,210.26,133054.0
BALMLAWRIE,2025-09-26,209.99,210.25,203.0,203.8,259801.0
BALMLAWRIE,2025-09-29,202.58,212.4,202.58,210.83,335897.0
BALMLAWRIE,2025-09-30,210.99,212.76,208.85,210.62,179928.0
BALMLAWRIE,2025-10-01,210.85,212.7,209.9,210.3,159525.0
BALMLAWRIE,2025-10-03,210.3,212.3,209.4,210.54,169010.0
BALMLAWRIE,2025-10-06,210.2,211.59,206.01,206.73,166711.0
BALMLAWRIE,2025-10-07,206.73,208.42,206.08,207.28,130631.0
BALMLAWRIE,2025-10-08,207.0,208.48,205.89,206.49,105680.0
BALMLAWRIE,2025-10-09,206.06,208.23,205.1,205.87,124138.0
BALMLAWRIE,2025-10-10,206.0,207.7,205.62,205.92,71813.0
BALMLAWRIE,2025-10-13,205.75,206.2,199.97,200.72,258225.0
BALMLAWRIE,2025-10-14,202.98,203.5,201.1,201.67,147455.0
BALMLAWRIE,2025-10-15,204.0,204.0,198.0,198.92,341870.0
BALMLAWRIE,2025-10-16,199.75,203.42,199.63,201.96,159399.0
BALMLAWRIE,2025-10-17,202.3,202.7,199.21,200.52,180272.0
BALMLAWRIE,2025-10-20,201.02,201.89,198.01,199.42,176475.0
BALMLAWRIE,2025-10-21,198.75,201.9,198.75,200.71,59278.0
BALMLAWRIE,2025-10-23,201.3,202.9,199.95,200.28,150317.0
BALMLAWRIE,2025-10-24,201.2,201.2,199.0,199.45,87994.0
BALMLAWRIE,2025-10-27,199.55,200.0,198.03,199.13,87395.0
BALMLAWRIE,2025-10-28,199.13,200.54,198.6,199.56,81023.0
BALMLAWRIE,2025-10-29,200.9,206.1,198.65,203.2,293794.0
BALMLAWRIE,2025-10-30,203.2,205.44,201.55,202.47,124414.0
BALMLAWRIE,2025-10-31,202.13,202.99,201.16,202.13,73810.0
BALMLAWRIE,2025-11-03,202.13,203.13,200.51,201.59,75564.0
BALMLAWRIE,2025-11-04,201.9,202.41,200.9,201.43,46604.0
BALMLAWRIE,2025-11-06,202.0,202.14,198.1,199.2,97316.0
BALMLAWRIE,2025-11-07,197.0,198.72,192.21,194.66,207958.0
BALMLAWRIE,2025-11-10,195.05,195.89,192.3,193.06,101173.0
BALMLAWRIE,2025-11-11,193.06,193.73,191.26,192.49,75950.0
BALMLAWRIE,2025-11-12,192.51,194.9,192.3,193.66,80620.0
BALMLAWRIE,2025-11-13,193.79,195.3,192.19,192.53,86296.0
BALMLAWRIE,2025-11-14,192.6,192.96,191.01,191.87,97904.0
BALMLAWRIE,2025-11-17,191.0,199.29,191.0,196.61,168923.0
BALMLAWRIE,2025-11-18,196.0,196.4,193.9,195.25,103768.0
BALMLAWRIE,2025-11-19,195.0,195.01,192.05,193.2,88111.0
BALMLAWRIE,2025-11-20,193.55,194.5,191.9,192.22,52695.0
BALMLAWRIE,2025-11-21,192.0,192.14,189.9,190.19,76271.0
BALMLAWRIE,2025-11-24,191.11,191.11,186.0,186.34,121025.0
BALMLAWRIE,2025-11-25,185.0,186.96,182.41,185.21,159137.0
BALMLAWRIE,2025-11-26,185.31,190.17,185.31,186.98,104930.0
BALMLAWRIE,2025-11-27,186.98,189.9,185.11,186.36,98980.0
BALMLAWRIE,2025-11-28,186.4,186.4,184.1,185.17,70561.0
BALMLAWRIE,2025-12-01,184.31,187.22,182.31,182.99,151580.0
BALMLAWRIE,2025-12-02,183.1,183.15,181.35,182.26,80654.0
BALMLAWRIE,2025-12-03,182.0,183.0,180.2,181.83,79208.0
BALMLAWRIE,2025-12-04,181.0,183.79,181.0,182.62,89691.0
BALMLAWRIE,2025-12-05,182.0,182.75,180.0,181.33,75617.0
BALMLAWRIE,2025-12-08,181.0,181.33,175.68,176.74,131090.0
BALMLAWRIE,2025-12-09,176.74,178.19,172.5,176.16,230531.0
BALMLAWRIE,2025-12-10,176.16,181.0,176.0,176.62,139865.0
BALMLAWRIE,2025-12-11,177.0,177.1,173.62,176.83,83536.0
BALMLAWRIE,2025-12-12,177.21,178.35,176.66,177.81,48780.0
BALMLAWRIE,2025-12-15,177.5,181.89,176.11,178.15,130848.0
BALMLAWRIE,2025-12-16,178.15,179.1,175.76,176.18,84098.0
BALMLAWRIE,2025-12-17,176.18,177.04,172.1,173.07,184233.0
BALMLAWRIE,2025-12-18,173.07,173.29,170.81,171.7,185580.0
BALMLAWRIE,2025-12-19,171.7,174.84,171.7,174.32,137781.0
BALMLAWRIE,2025-12-22,174.0,183.0,174.0,179.34,194103.0
BALMLAWRIE,2025-12-23,180.04,184.0,179.66,183.06,161652.0
BALMLAWRIE,2025-12-24,185.0,187.8,183.0,184.04,250524.0
BALMLAWRIE,2025-12-26,183.0,186.0,181.35,184.36,106192.0
BALMLAWRIE,2025-12-29,184.0,187.48,181.16,182.09,169717.0
BALMLAWRIE,2025-12-30,182.09,183.99,179.59,181.52,90298.0
BALMLAWRIE,2025-12-31,181.52,183.99,181.02,183.46,77108.0
BALMLAWRIE,2026-01-01,184.4,187.11,183.58,184.76,221239.0
BALMLAWRIE,2026-01-02,184.0,185.5,182.41,184.43,134151.0
BALMLAWRIE,2026-01-05,184.45,186.76,183.66,185.18,116939.0
BALMLAWRIE,2026-01-06,185.39,186.0,183.2,183.75,77192.0
BALMLAWRIE,2026-01-07,183.55,184.04,181.42,182.94,79434.0
BALMLAWRIE,2026-01-08,181.5,182.81,178.0,178.69,114699.0
BALMLAWRIE,2026-01-09,177.66,182.9,176.0,179.95,191263.0
BALMLAWRIE,2026-01-12,178.0,178.45,174.73,176.45,136746.0
BALMLAWRIE,2026-01-13,177.4,177.67,172.86,173.66,149456.0
BALMLAWRIE,2026-01-14,172.6,174.39,172.6,173.89,98080.0
BALMLAWRIE,2026-01-16,174.0,175.84,173.3,174.13,73417.0
BALMLAWRIE,2026-01-19,173.0,173.61,170.85,171.87,101984.0
BALMLAWRIE,2026-01-20,171.0,172.03,166.0,166.82,176272.0
BALMLAWRIE,2026-01-21,166.0,168.98,163.08,166.72,221922.0
BALMLAWRIE,2026-01-22,167.08,173.89,167.08,172.27,100876.0
BALMLAWRIE,2026-01-23,173.39,173.42,166.0,167.01,134081.0
BALMLAWRIE,2026-01-27,166.1,168.04,164.01,165.02,192795.0
BALMLAWRIE,2026-01-28,165.1,169.84,165.1,168.02,132533.0
BALMLAWRIE,2026-01-29,168.0,171.28,167.01,170.81,91849.0
BALMLAWRIE,2026-01-30,171.0,173.0,168.01,172.13,123755.0
BALMLAWRIE,2026-02-01,171.3,179.07,171.3,175.1,263985.0
BALMLAWRIE,2026-02-02,175.99,176.3,171.71,174.64,111895.0
BALMLAWRIE,2026-02-03,178.0,179.01,174.1,176.74,132078.0
BALMLAWRIE,2026-02-04,176.74,181.8,174.56,181.31,167327.0
BALMLAWRIE,2026-02-05,180.6,183.59,177.6,179.97,194693.0
BALMLAWRIE,2026-02-06,179.65,181.14,177.0,180.31,110628.0
BALMLAWRIE,2026-02-09,181.25,184.9,178.0,182.92,231055.0
BALMLAWRIE,2026-02-10,183.2,184.79,182.59,183.07,115555.0
BALMLAWRIE,2026-02-11,182.92,183.82,180.45,181.1,81571.0
BALMLAWRIE,2026-02-12,180.75,180.91,178.52,179.23,50156.0
BALMLAWRIE,2026-02-13,177.5,178.85,175.0,177.49,97579.0
BALMLAWRIE,2026-02-16,176.0,177.1,175.05,176.25,100062.0
BALMLAWRIE,2026-02-17,175.0,181.0,175.0,179.68,101551.0
BALMLAWRIE,2026-02-18,179.68,181.0,178.2,180.54,101419.0
BALMLAWRIE,2026-02-19,181.5,182.7,177.2,178.48,138616.0
BALMLAWRIE,2026-02-20,177.01,181.46,177.01,180.43,94042.0
BALMLAWRIE,2026-02-23,182.0,184.4,180.82,181.65,142260.0
BALMLAWRIE,2026-02-24,180.85,181.99,179.03,180.34,112122.0
BALMLAWRIE,2026-02-25,180.05,181.29,179.51,180.14,84288.0
BALMLAWRIE,2026-02-26,180.0,181.59,179.51,180.81,100677.0
BALMLAWRIE,2026-02-27,180.1,182.3,179.8,181.37,110426.0
BALMLAWRIE,2026-03-02,176.0,180.0,175.6,177.04,174593.0
BALMLAWRIE,2026-03-04,176.5,177.04,169.51,170.33,246076.0
BALMLAWRIE,2026-03-05,174.4,177.0,171.1,173.45,347209.0
BALMLAWRIE,2026-03-06,174.26,177.0,174.01,175.27,249650.0
BALMLAWRIE,2026-03-09,174.99,175.99,172.0,174.83,458511.0
BALMLAWRIE,2026-03-10,176.0,179.0,175.1,178.25,484256.0
BALMLAWRIE,2026-03-11,172.1,173.36,170.74,171.17,249476.0
BALMLAWRIE,2026-03-12,170.0,170.44,166.1,167.96,291884.0
BALMLAWRIE,2026-03-13,167.35,167.73,165.0,165.13,184483.0
BALMLAWRIE,2026-03-16,165.0,165.36,158.4,159.74,321286.0
BALMLAWRIE,2026-03-17,159.75,161.7,159.75,160.69,141876.0
BALMLAWRIE,2026-03-18,161.97,165.99,161.18,164.56,223265.0
BALMLAWRIE,2026-03-19,161.0,164.37,160.31,162.17,146019.0
BALMLAWRIE,2026-03-20,162.98,165.0,161.8,162.19,133771.0
BALMLAWRIE,2026-03-23,161.0,161.0,156.11,157.64,256871.0
BALMLAWRIE,2026-03-24,159.98,165.45,159.98,162.95,299001.0
BALMLAWRIE,2026-03-25,164.45,165.7,162.0,162.16,205359.0
BALMLAWRIE,2026-03-27,161.89,161.89,156.92,157.41,292167.0
BALMLAWRIE,2026-03-30,156.0,157.41,148.36,149.08,476467.0
BALMLAWRIE,2026-04-01,157.1,160.55,153.17,158.49,219798.0
BALMLAWRIE,2026-04-02,156.01,159.7,153.0,159.23,134769.0
BALMLAWRIE,2026-04-06,159.23,162.0,156.72,160.83,167633.0
BALMLAWRIE,2026-04-07,160.83,162.75,159.83,160.83,155629.0
BALMLAWRIE,2026-04-08,165.0,168.35,163.71,167.56,214677.0
BALMLAWRIE,2026-04-09,167.56,169.29,165.11,167.25,163355.0
BALMLAWRIE,2026-04-10,169.0,170.5,167.5,169.9,182741.0
BALMLAWRIE,2026-04-13,166.73,169.28,163.1,168.12,103849.0
BALMLAWRIE,2026-04-15,170.1,172.72,169.51,172.09,136622.0
BALMLAWRIE,2026-04-16,173.9,174.47,171.78,173.49,127969.0
BALMLAWRIE,2026-04-17,173.8,178.2,172.95,176.25,257046.0
BALMLAWRIE,2026-04-20,176.24,180.3,173.32,177.06,263631.0
BALMLAWRIE,2026-04-21,177.9,179.5,177.0,177.71,127892.0
BALMLAWRIE,2026-04-22,177.0,180.6,177.0,178.45,88960.0
BALMLAWRIE,2026-04-23,177.7,183.55,176.99,179.61,340783.0
BALMLAWRIE,2026-04-24,179.6,181.79,175.07,180.51,281875.0
BALMLAWRIE,2026-04-27,183.0,184.09,180.67,183.17,190013.0
BALMLAWRIE,2026-04-28,182.7,184.61,180.96,181.42,134041.0
BALMLAWRIE,2026-04-29,182.3,197.94,182.3,184.85,1659817.0
BALMLAWRIE,2026-04-30,184.85,188.7,180.9,187.99,298703.0
BALMLAWRIE,2026-05-04,191.04,192.99,188.0,190.48,281840.0
BALMLAWRIE,2026-05-05,191.0,193.88,185.3,186.92,191275.0
BALMLAWRIE,2026-05-06,193.0,199.2,192.5,196.28,724214.0
BALMLAWRIE,2026-05-07,196.0,197.68,193.91,196.77,288408.0
BALMLAWRIE,2026-05-08,197.0,199.5,195.98,196.3,226329.0
BALMLAWRIE,2026-05-11,197.25,198.3,193.51,195.53,239677.0
BALMLAWRIE,2026-05-12,195.53,195.53,189.5,189.83,224551.0
BALMLAWRIE,2026-05-13,188.0,196.9,188.0,195.44,268229.0
BALMLAWRIE,2026-05-14,197.0,197.44,193.1,194.05,239807.0
BALMLAWRIE,2026-05-15,195.25,199.41,193.76,194.54,473577.0
BALMLAWRIE,2026-05-18,188.65,189.0,182.64,184.74,389028.0
BALMLAWRIE,2026-05-19,185.74,187.21,183.7,184.49,209650.0
BALMLAWRIE,2026-05-20,182.65,183.2,181.5,182.12,138231.0
BALMLAWRIE,2026-05-21,183.8,184.33,182.21,183.24,107467.0
BALMLAWRIE,2026-05-22,184.65,184.65,180.0,180.85,142002.0
BALMLAWRIE,2026-05-25,181.05,188.92,181.05,183.39,256159.0
BALMLAWRIE,2026-05-26,182.15,184.32,181.5,182.02,86652.0
BASML,2025-05-21,31.4,35.0,31.19,32.62,713894.0
BASML,2025-05-22,31.98,32.27,31.3,31.54,160628.0
BASML,2025-05-23,31.3,32.35,31.19,31.51,271542.0
BASML,2025-05-26,31.51,32.31,31.51,32.02,155315.0
BASML,2025-05-27,32.34,33.24,31.79,32.77,158851.0
BASML,2025-05-28,32.77,35.89,32.74,35.53,917684.0
BASML,2025-05-29,35.87,36.39,34.34,35.16,472030.0
BASML,2025-05-30,34.93,35.18,31.82,32.54,741128.0
BASML,2025-06-02,32.54,34.23,31.92,33.1,206348.0
BASML,2025-06-03,33.0,33.29,32.51,32.85,142294.0
BASML,2025-06-04,32.5,33.7,32.31,33.03,163630.0
BASML,2025-06-05,33.35,34.33,32.65,33.2,472342.0
BASML,2025-06-06,32.25,33.2,31.7,32.16,470752.0
BASML,2025-06-09,32.03,35.5,32.03,34.02,649368.0
BASML,2025-06-10,34.35,34.84,33.92,34.15,260167.0
BASML,2025-06-11,34.5,38.2,34.0,36.81,2512360.0
BASML,2025-06-12,37.35,37.99,35.68,36.47,536738.0
BASML,2025-06-13,35.99,36.43,35.11,35.63,349260.0
BASML,2025-06-16,35.25,35.88,34.6,34.75,238628.0
BASML,2025-06-17,34.6,35.47,34.25,34.36,204710.0
BASML,2025-06-18,34.0,34.98,33.02,33.44,248210.0
BASML,2025-06-19,33.75,34.18,32.6,32.88,237537.0
BASML,2025-06-20,32.88,34.0,32.71,33.82,118438.0
BASML,2025-06-23,33.82,33.86,32.97,33.52,122058.0
BASML,2025-06-24,34.0,34.56,33.71,33.87,150785.0
BASML,2025-06-25,33.95,36.38,33.95,35.7,424570.0
BASML,2025-06-26,36.3,37.05,34.76,35.13,232625.0
BASML,2025-06-27,35.99,35.99,34.5,34.67,169181.0
BASML,2025-06-30,35.4,35.44,34.55,34.84,149649.0
BASML,2025-07-01,35.2,35.94,34.05,34.26,305590.0
BASML,2025-07-02,34.6,34.87,34.1,34.46,190732.0
BASML,2025-07-03,34.46,34.65,33.56,33.78,159819.0
BASML,2025-07-04,33.8,34.18,32.96,33.61,282920.0
BASML,2025-07-07,33.61,34.79,33.4,33.58,277673.0
BASML,2025-07-08,34.5,34.5,33.41,33.85,171596.0
BASML,2025-07-09,34.3,34.3,33.1,33.34,112414.0
BASML,2025-07-10,33.8,33.8,32.9,33.21,103264.0
BASML,2025-07-11,33.0,33.4,32.61,32.93,112162.0
BASML,2025-07-14,32.94,33.53,32.41,32.76,101856.0
BASML,2025-07-15,33.69,33.69,32.78,32.93,96590.0
BASML,2025-07-16,33.5,33.5,32.31,32.76,122451.0
BASML,2025-07-17,33.19,33.19,32.62,32.78,85054.0
BASML,2025-07-18,32.93,33.24,32.49,32.57,87525.0
BASML,2025-07-21,32.57,33.28,32.12,32.62,214569.0
BASML,2025-07-22,33.25,33.25,32.05,32.11,85451.0
BASML,2025-07-23,32.16,32.16,30.55,31.7,244141.0
BASML,2025-07-24,31.11,32.14,31.11,31.74,156639.0
BASML,2025-07-25,31.65,31.95,31.35,31.41,97693.0
BASML,2025-07-28,31.99,31.99,29.6,29.96,176131.0
BASML,2025-07-29,30.84,31.4,29.84,30.38,146858.0
BASML,2025-07-30,31.39,31.62,30.5,30.56,85333.0
BASML,2025-07-31,30.01,30.55,29.56,30.41,87589.0
BASML,2025-08-01,31.0,31.0,29.91,30.0,52578.0
BASML,2025-08-04,31.02,31.02,29.19,29.34,124272.0
BASML,2025-08-05,29.48,30.28,29.0,29.06,58914.0
BASML,2025-08-06,28.91,29.5,28.49,28.96,55017.0
BASML,2025-08-07,29.11,29.18,27.72,28.53,98521.0
BASML,2025-08-08,28.63,29.52,28.63,29.23,52171.0
BASML,2025-08-11,29.05,30.92,28.5,28.82,245583.0
BASML,2025-08-12,31.5,31.8,29.51,29.77,404805.0
BASML,2025-08-13,30.2,30.3,29.73,29.86,62250.0
BASML,2025-08-14,30.3,30.3,28.7,29.64,91991.0
BASML,2025-08-18,29.99,30.15,29.0,29.08,131280.0
BASML,2025-08-19,28.66,31.39,28.66,30.66,219732.0
BASML,2025-08-20,30.69,30.78,29.46,29.69,263657.0
BASML,2025-08-21,30.49,30.8,29.98,30.18,88332.0
BASML,2025-08-22,30.3,31.31,29.5,29.76,76315.0
BASML,2025-08-25,29.91,30.23,29.2,29.66,74945.0
BASML,2025-08-26,29.68,29.75,29.07,29.39,23960.0
BASML,2025-08-28,29.39,29.74,28.5,28.81,70189.0
BASML,2025-08-29,29.0,29.5,28.86,29.05,37093.0
BASML,2025-09-01,29.05,29.98,28.26,29.03,55439.0
BASML,2025-09-02,29.28,30.12,29.0,29.06,206091.0
BASML,2025-09-03,29.02,29.59,28.74,29.44,61826.0
BASML,2025-09-04,29.99,29.99,27.6,28.42,287929.0
BASML,2025-09-05,28.26,29.14,28.26,28.54,47680.0
BASML,2025-09-08,28.8,28.94,27.91,28.26,137264.0
BASML,2025-09-09,28.0,28.62,27.93,28.21,113932.0
BASML,2025-09-10,28.67,29.64,28.32,28.7,69388.0
BASML,2025-09-11,29.1,29.25,28.43,28.62,130037.0
BASML,2025-09-12,28.3,28.82,28.0,28.13,174646.0
BASML,2025-09-15,28.0,28.55,27.59,27.77,209019.0
BASML,2025-09-16,27.61,28.05,27.11,27.63,560740.0
BASML,2025-09-17,27.2,28.29,27.2,27.86,226433.0
BASML,2025-09-18,28.75,28.79,27.5,27.66,151669.0
BASML,2025-09-19,27.66,27.86,27.07,27.58,133841.0
BASML,2025-09-22,27.15,28.0,27.03,27.16,122785.0
BASML,2025-09-23,27.5,27.73,26.66,26.84,333934.0
BASML,2025-09-24,26.8,27.62,26.55,26.67,148421.0
BASML,2025-09-25,27.0,27.05,26.74,26.89,103762.0
BASML,2025-09-26,26.98,26.98,25.69,26.35,144904.0
BASML,2025-09-29,26.9,26.9,25.8,25.93,62250.0
BASML,2025-09-30,26.7,26.7,25.71,25.92,61150.0
BASML,2025-10-01,25.53,26.5,25.5,25.81,159399.0
BASML,2025-10-03,25.64,27.03,25.64,26.96,240177.0
BASML,2025-10-06,27.14,27.2,25.64,26.0,517982.0
BASML,2025-10-07,26.01,26.5,25.8,25.86,80309.0
BASML,2025-10-08,25.85,26.25,25.65,26.0,47662.0
BASML,2025-10-09,26.0,26.38,25.75,26.27,50324.0
BASML,2025-10-10,26.36,26.68,26.11,26.44,48670.0
BASML,2025-10-13,26.1,26.49,25.82,26.12,55743.0
BASML,2025-10-14,26.49,26.49,25.62,25.77,37917.0
BASML,2025-10-15,26.25,26.25,25.6,25.65,73252.0
BASML,2025-10-16,25.65,26.37,25.65,26.14,67237.0
BASML,2025-10-17,26.28,26.53,25.8,25.84,61717.0
BASML,2025-10-20,26.16,26.16,25.6,25.8,81996.0
BASML,2025-10-21,25.8,26.2,25.0,26.01,35628.0
BASML,2025-10-23,26.5,27.94,26.3,27.45,226374.0
BASML,2025-10-24,27.75,27.95,26.85,27.19,64894.0
BASML,2025-10-27,26.76,27.1,26.51,26.81,43742.0
BASML,2025-10-28,26.54,27.28,26.5,26.56,69875.0
BASML,2025-10-29,26.73,29.0,26.51,28.79,264959.0
BASML,2025-10-30,28.7,29.3,28.15,28.42,146035.0
BASML,2025-10-31,28.9,29.32,27.84,28.16,85745.0
BASML,2025-11-03,27.7,28.27,27.4,27.82,80189.0
BASML,2025-11-04,28.28,28.28,27.31,27.44,65290.0
BASML,2025-11-06,27.45,27.7,26.41,26.57,152121.0
BASML,2025-11-07,27.5,27.5,26.76,26.89,70715.0
BASML,2025-11-10,27.5,27.5,26.1,26.28,56853.0
BASML,2025-11-11,27.0,27.25,26.03,26.19,37646.0
BASML,2025-11-12,26.19,26.63,25.3,25.77,113070.0
BASML,2025-11-13,26.69,26.69,25.4,25.5,127302.0
BASML,2025-11-14,25.5,25.71,24.9,25.05,190558.0
BASML,2025-11-17,26.0,29.5,25.82,29.03,830245.0
BASML,2025-11-18,29.5,29.86,28.17,29.09,282358.0
BASML,2025-11-19,29.41,30.98,28.91,29.49,418538.0
BASML,2025-11-20,29.31,30.9,29.3,29.66,406892.0
BASML,2025-11-21,29.66,30.02,28.51,28.84,153755.0
BASML,2025-11-24,29.35,29.35,27.71,27.94,168718.0
BASML,2025-11-25,27.94,28.56,27.94,28.29,67211.0
BASML,2025-11-26,28.49,29.55,28.21,29.3,217299.0
BASML,2025-11-27,29.2,31.9,29.0,30.8,903362.0
BASML,2025-11-28,30.79,31.39,30.0,30.19,441742.0
BASML,2025-12-01,30.31,31.53,30.01,31.25,346445.0
BASML,2025-12-02,31.55,31.55,30.59,30.84,341140.0
BASML,2025-12-03,31.15,31.15,30.01,30.03,195855.0
BASML,2025-12-04,30.23,30.5,29.3,29.69,107367.0
BASML,2025-12-05,29.69,30.25,29.13,29.32,69183.0
BASML,2025-12-08,30.0,30.89,27.52,27.96,251437.0
BASML,2025-12-09,28.4,28.4,27.5,27.93,152167.0
BASML,2025-12-10,27.62,28.77,27.2,27.64,205076.0
BASML,2025-12-11,27.64,28.34,27.64,27.95,99903.0
BASML,2025-12-12,28.09,28.25,27.75,27.85,96361.0
BASML,2025-12-15,27.75,27.89,27.57,27.73,47690.0
BASML,2025-12-16,27.25,27.99,27.01,27.12,49743.0
BASML,2025-12-17,27.1,27.49,26.51,26.75,54971.0
BASML,2025-12-18,26.76,26.8,26.1,26.23,79015.0
BASML,2025-12-19,26.7,27.47,26.46,26.94,135634.0
BASML,2025-12-22,27.48,27.48,26.82,27.06,47808.0
BASML,2025-12-23,27.45,27.45,26.8,26.96,38578.0
BASML,2025-12-24,27.17,27.27,26.67,26.81,37836.0
BASML,2025-12-26,27.96,27.96,26.56,26.81,36328.0
BASML,2025-12-29,26.3,27.8,26.3,26.53,35221.0
BASML,2025-12-30,27.0,27.0,25.9,26.0,60339.0
BASML,2025-12-31,26.5,26.5,25.8,25.9,103043.0
BASML,2026-01-01,26.7,26.7,25.96,26.31,42675.0
BASML,2026-01-02,26.01,26.55,26.01,26.19,46306.0
BASML,2026-01-05,26.01,26.34,25.75,25.9,83861.0
BASML,2026-01-06,26.13,26.34,25.8,25.91,48982.0
BASML,2026-01-07,26.43,26.43,25.61,25.69,70970.0
BASML,2026-01-08,26.5,26.7,24.99,25.12,198662.0
BASML,2026-01-09,25.09,25.6,24.03,24.17,181961.0
BASML,2026-01-12,24.17,25.45,23.1,24.26,129370.0
BASML,2026-01-13,24.26,25.11,24.26,24.79,97581.0
BASML,2026-01-14,25.74,25.74,24.4,24.54,83379.0
BASML,2026-01-16,25.6,26.0,24.75,25.03,85191.0
BASML,2026-01-19,24.55,24.88,24.16,24.25,52328.0
BASML,2026-01-20,24.0,24.01,21.65,22.38,233232.0
BASML,2026-01-21,22.4,22.56,19.81,21.34,723350.0
BASML,2026-01-22,21.9,22.77,21.89,22.45,213678.0
BASML,2026-01-23,22.6,22.69,21.2,21.36,86747.0
BASML,2026-01-27,21.37,22.54,21.37,22.2,130485.0
BASML,2026-01-28,22.99,23.4,22.72,23.15,150539.0
BASML,2026-01-29,23.99,23.99,22.47,23.06,81972.0
BASML,2026-01-30,23.0,24.7,22.86,24.37,276563.0
BASML,2026-02-01,24.0,24.97,22.86,23.81,104702.0
BASML,2026-02-02,24.9,25.0,22.51,23.46,94688.0
BASML,2026-02-03,25.6,26.0,24.83,25.49,216497.0
BASML,2026-02-04,24.65,26.42,24.55,25.02,124046.0
BASML,2026-02-05,25.02,25.26,24.37,24.49,51329.0
BASML,2026-02-06,25.0,25.4,24.01,24.92,43261.0
BASML,2026-02-09,25.94,26.4,24.92,26.08,85764.0
BASML,2026-02-10,25.9,27.05,25.89,25.98,108399.0
BASML,2026-02-11,26.1,26.1,24.0,24.8,124405.0
BASML,2026-02-12,25.3,25.3,24.5,24.59,61737.0
BASML,2026-02-13,24.55,25.5,24.37,25.06,162925.0
BASML,2026-02-16,25.06,25.06,23.74,24.11,122162.0
BASML,2026-02-17,23.92,24.36,23.7,23.84,64490.0
BASML,2026-02-18,24.3,24.3,23.75,23.89,53020.0
BASML,2026-02-19,24.01,24.27,23.8,23.92,21497.0
BASML,2026-02-20,23.66,24.87,23.55,24.37,134823.0
BASML,2026-02-23,24.95,24.95,23.5,23.72,66628.0
BASML,2026-02-24,23.64,24.19,23.0,23.06,25646.0
BASML,2026-02-25,23.3,23.47,22.77,22.98,95112.0
BASML,2026-02-26,23.7,23.98,22.99,23.04,81577.0
BASML,2026-02-27,23.39,23.39,22.9,23.0,67357.0
BASML,2026-03-02,22.5,22.88,21.05,21.71,148624.0
BASML,2026-03-04,21.16,21.39,20.9,20.98,151311.0
BASML,2026-03-05,21.0,21.99,20.99,21.2,160763.0
BASML,2026-03-06,21.3,21.59,21.01,21.04,114618.0
BASML,2026-03-09,20.8,20.9,20.02,20.18,147222.0
BASML,2026-03-10,21.43,21.43,20.36,20.78,172765.0
BASML,2026-03-11,21.39,21.39,20.52,20.7,256804.0
BASML,2026-03-12,21.38,21.38,19.8,20.49,246009.0
BASML,2026-03-13,20.05,20.98,19.75,19.9,168863.0
BASML,2026-03-16,19.75,20.11,18.35,19.05,471384.0
BASML,2026-03-17,19.11,19.3,18.7,19.09,579647.0
BASML,2026-03-18,19.11,20.5,19.11,20.06,418882.0
BASML,2026-03-19,19.5,20.98,19.5,19.67,300147.0
BASML,2026-03-20,19.52,20.24,19.52,20.01,188178.0
BASML,2026-03-23,20.16,20.19,18.52,18.95,348152.0
BASML,2026-03-24,19.0,19.8,18.7,19.39,371678.0
BASML,2026-03-25,19.45,20.19,19.43,19.5,352169.0
BASML,2026-03-27,19.6,19.6,18.02,18.2,485449.0
BASML,2026-03-30,18.02,18.39,17.05,17.27,579654.0
BASML,2026-04-01,17.95,19.75,17.69,19.3,296718.0
BASML,2026-04-02,19.3,20.95,18.7,20.55,222789.0
BASML,2026-04-06,20.85,21.45,20.02,21.04,98815.0
BASML,2026-04-07,21.04,21.65,20.8,20.97,62682.0
BASML,2026-04-08,21.6,22.19,21.5,22.02,77272.0
BASML,2026-04-09,22.44,22.44,21.63,22.25,68494.0
BASML,2026-04-10,22.73,23.5,22.16,22.71,113574.0
BASML,2026-04-13,22.5,22.5,22.0,22.18,65047.0
BASML,2026-04-15,22.5,22.79,21.55,22.29,161183.0
BASML,2026-04-16,22.5,22.9,21.75,22.21,89063.0
BASML,2026-04-17,22.11,23.98,22.11,23.67,241556.0
BASML,2026-04-20,24.25,24.25,23.05,23.19,69573.0
BASML,2026-04-21,23.03,23.75,23.03,23.58,55541.0
BASML,2026-04-22,23.06,23.74,22.81,23.16,80841.0
BASML,2026-04-23,23.25,23.47,22.63,22.95,178138.0
BASML,2026-04-24,22.95,22.95,22.25,22.37,55155.0
BASML,2026-04-27,22.05,23.39,22.05,23.24,84983.0
BASML,2026-04-28,23.5,23.79,23.01,23.65,56766.0
BASML,2026-04-29,23.25,24.75,23.25,24.54,109602.0
BASML,2026-04-30,23.5,24.89,23.5,24.6,100123.0
BASML,2026-05-04,24.6,25.94,24.51,24.98,274247.0
BASML,2026-05-05,24.99,25.5,24.27,25.04,92593.0
BASML,2026-05-06,25.11,25.66,24.7,25.43,160837.0
BASML,2026-05-07,25.7,26.24,25.5,25.88,96840.0
BASML,2026-05-08,26.0,26.19,25.16,25.37,62781.0
BASML,2026-05-11,25.39,25.5,24.78,25.01,78800.0
BASML,2026-05-12,25.55,25.6,23.75,23.87,101110.0
BASML,2026-05-13,24.87,24.87,23.85,24.17,111920.0
BASML,2026-05-14,24.19,24.42,23.5,23.96,34911.0
BASML,2026-05-15,23.75,24.78,23.73,23.98,31150.0
BASML,2026-05-18,24.0,24.0,23.4,23.68,38161.0
BASML,2026-05-19,24.19,24.19,23.06,23.62,49696.0
BASML,2026-05-20,23.55,23.99,23.25,23.52,36108.0
BASML,2026-05-21,24.09,24.09,21.98,23.45,124188.0
BASML,2026-05-22,23.49,25.0,23.49,24.17,64243.0
BASML,2026-05-25,25.0,25.0,24.13,24.42,53553.0
BASML,2026-05-26,24.35,25.75,24.35,25.33,203138.0
CAMS,2025-05-21,3854.1,3924.0,3838.6,3887.5,241324.0
CAMS,2025-05-22,3889.0,3943.7,3847.9,3882.6,297645.0
CAMS,2025-05-23,3905.0,3908.4,3849.6,3884.5,392855.0
CAMS,2025-05-26,3889.6,3989.0,3889.6,3977.7,403184.0
CAMS,2025-05-27,4010.0,4015.0,3953.0,3976.4,355913.0
CAMS,2025-05-28,3980.0,4041.7,3975.0,3982.4,335592.0
CAMS,2025-05-29,4009.8,4020.0,3953.3,3972.7,188759.0
CAMS,2025-05-30,3971.9,4036.8,3946.0,3961.1,351803.0
CAMS,2025-06-02,3960.0,4170.0,3921.0,4139.2,1427290.0
CAMS,2025-06-03,4193.0,4247.0,4141.1,4194.4,1429249.0
CAMS,2025-06-04,4199.0,4222.0,4105.2,4173.4,511172.0
CAMS,2025-06-05,4194.0,4270.0,4171.0,4248.3,877563.0
CAMS,2025-06-06,4275.0,4317.0,4228.3,4262.1,797136.0
CAMS,2025-06-09,4294.0,4324.4,4249.0,4271.3,443747.0
CAMS,2025-06-10,4289.9,4330.0,4250.0,4261.1,350539.0
CAMS,2025-06-11,4250.1,4329.9,4180.2,4228.8,650139.0
CAMS,2025-06-12,4237.0,4254.5,4058.5,4072.7,521222.0
CAMS,2025-06-13,3930.0,4005.8,3926.0,3980.7,537298.0
CAMS,2025-06-16,3980.7,4127.8,3904.4,4118.9,508484.0
CAMS,2025-06-17,4118.9,4247.0,4096.3,4181.4,861312.0
CAMS,2025-06-18,4181.0,4198.0,4121.1,4146.1,321584.0
CAMS,2025-06-19,4131.0,4145.2,3991.0,4014.8,418951.0
CAMS,2025-06-20,4020.0,4199.0,4020.0,4167.4,630921.0
CAMS,2025-06-23,4155.0,4244.0,4114.6,4203.5,566572.0
CAMS,2025-06-24,4259.0,4314.0,4219.5,4227.0,557835.0
CAMS,2025-06-25,4240.0,4325.0,4217.0,4224.2,619050.0
CAMS,2025-06-26,4240.2,4255.0,4150.0,4212.8,532397.0
CAMS,2025-06-27,4234.7,4334.0,4218.7,4292.9,634902.0
CAMS,2025-06-30,4313.0,4375.0,4278.0,4290.2,589571.0
CAMS,2025-07-01,4314.0,4318.3,4232.0,4243.1,355443.0
CAMS,2025-07-02,4243.1,4284.0,4219.0,4231.0,177377.0
CAMS,2025-07-03,4240.0,4273.2,4232.6,4258.4,165606.0
CAMS,2025-07-04,4258.0,4282.1,4170.6,4231.8,269209.0
CAMS,2025-07-07,4212.2,4214.9,4135.0,4142.0,299909.0
CAMS,2025-07-08,4143.0,4165.7,4090.5,4121.8,494117.0
CAMS,2025-07-09,4144.0,4201.4,4111.4,4190.8,495037.0
CAMS,2025-07-10,4207.0,4249.0,4171.8,4187.9,254430.0
CAMS,2025-07-11,4189.0,4189.0,4025.0,4069.6,673573.0
CAMS,2025-07-14,4084.9,4168.0,4065.2,4127.5,346737.0
CAMS,2025-07-15,4127.0,4262.5,4121.0,4248.4,499170.0
CAMS,2025-07-16,4250.0,4289.0,4190.9,4207.2,254303.0
CAMS,2025-07-17,4214.2,4276.0,4212.1,4239.6,222467.0
CAMS,2025-07-18,4238.5,4265.0,4202.5,4211.5,179497.0
CAMS,2025-07-21,4211.6,4254.0,4183.0,4247.7,167287.0
CAMS,2025-07-22,4263.9,4263.9,4200.0,4247.5,230608.0
CAMS,2025-07-23,4251.0,4258.0,4191.0,4242.0,190695.0
CAMS,2025-07-24,4242.0,4242.0,4171.1,4196.7,242942.0
CAMS,2025-07-25,4191.5,4191.5,4026.9,4034.3,368790.0
CAMS,2025-07-28,3999.0,4025.5,3882.0,3896.1,393757.0
CAMS,2025-07-29,3889.0,3951.7,3872.0,3915.6,286479.0
CAMS,2025-07-30,3924.9,3938.5,3883.0,3890.2,275882.0
CAMS,2025-07-31,3773.4,3797.8,3685.4,3736.8,996782.0
CAMS,2025-08-01,3737.0,3748.8,3636.1,3644.4,557332.0
CAMS,2025-08-04,3660.0,3820.0,3632.4,3798.7,962269.0
CAMS,2025-08-05,3791.9,3823.6,3742.0,3796.6,551606.0
CAMS,2025-08-06,3797.8,3848.0,3764.8,3816.4,385667.0
CAMS,2025-08-07,3794.0,3834.4,3736.1,3818.9,313562.0
CAMS,2025-08-08,3818.0,3835.0,3735.1,3745.0,267753.0
CAMS,2025-08-11,3743.1,3804.6,3705.1,3798.1,273893.0
CAMS,2025-08-12,3814.0,3818.8,3760.0,3769.0,249739.0
CAMS,2025-08-13,3804.9,3886.7,3789.7,3821.4,612177.0
CAMS,2025-08-14,3838.2,3892.0,3830.0,3868.6,347043.0
CAMS,2025-08-18,3915.0,3918.0,3834.8,3896.8,621979.0
CAMS,2025-08-19,3897.0,3897.0,3820.0,3835.8,228874.0
CAMS,2025-08-20,3840.9,3859.7,3815.4,3841.8,180894.0
CAMS,2025-08-21,3870.0,3920.0,3853.0,3895.4,527787.0
CAMS,2025-08-22,3898.0,3917.0,3882.0,3905.0,250655.0
CAMS,2025-08-25,3908.9,3923.9,3832.0,3839.6,244820.0
CAMS,2025-08-26,3833.0,3843.9,3721.0,3726.2,281776.0
CAMS,2025-08-28,3726.2,3730.0,3650.0,3657.7,378392.0
CAMS,2025-08-29,3654.9,3758.9,3645.0,3705.2,334539.0
CAMS,2025-09-01,3722.9,3850.0,3712.1,3839.8,254665.0
CAMS,2025-09-02,3867.9,3867.9,3772.1,3802.0,248745.0
CAMS,2025-09-03,3817.7,3825.0,3791.5,3803.6,151092.0
CAMS,2025-09-04,3852.4,3852.4,3757.0,3764.7,255679.0
CAMS,2025-09-05,3780.0,3848.0,3776.9,3832.4,235542.0
CAMS,2025-09-08,3850.0,3877.1,3830.2,3845.3,108605.0
CAMS,2025-09-09,3854.9,3886.2,3845.3,3852.6,141774.0
CAMS,2025-09-10,3861.0,3909.0,3861.0,3891.1,156572.0
CAMS,2025-09-11,3908.9,3921.0,3838.0,3850.5,234882.0
CAMS,2025-09-12,3867.9,3889.3,3826.5,3858.8,194265.0
CAMS,2025-09-15,3865.0,3879.9,3831.4,3859.9,184303.0
CAMS,2025-09-16,3872.0,3899.1,3852.5,3890.3,189786.0
CAMS,2025-09-17,3907.0,4029.3,3882.2,4013.7,531586.0
CAMS,2025-09-18,4040.0,4084.8,4020.1,4075.2,699731.0
CAMS,2025-09-19,4095.0,4147.0,4072.1,4100.9,457702.0
CAMS,2025-09-22,4100.9,4116.0,4002.0,4014.0,294882.0
CAMS,2025-09-23,4014.0,4041.8,3964.6,3986.1,210754.0
CAMS,2025-09-24,3980.0,3987.3,3875.9,3883.1,242028.0
CAMS,2025-09-25,3881.7,3944.9,3857.1,3868.4,206346.0
CAMS,2025-09-26,3858.0,3865.0,3786.0,3800.0,195526.0
CAMS,2025-09-29,3800.0,3827.3,3775.0,3785.4,175990.0
CAMS,2025-09-30,3785.4,3799.0,3716.1,3758.6,237625.0
CAMS,2025-10-01,3740.0,3835.0,3724.7,3823.2,340944.0
CAMS,2025-10-03,3858.0,3865.0,3788.5,3811.3,242553.0
CAMS,2025-10-06,3827.8,3855.9,3792.2,3825.5,400368.0
CAMS,2025-10-07,3844.2,3908.6,3790.0,3800.6,645663.0
CAMS,2025-10-08,3820.0,3831.0,3766.6,3780.1,239314.0
CAMS,2025-10-09,3782.0,3840.0,3771.5,3831.1,197286.0
CAMS,2025-10-10,3849.0,3888.0,3841.1,3860.8,339052.0
CAMS,2025-10-13,3875.0,3888.0,3825.0,3868.3,520894.0
CAMS,2025-10-14,3887.2,3924.0,3770.0,3780.0,469567.0
CAMS,2025-10-15,3800.0,3867.0,3792.0,3836.2,277047.0
CAMS,2025-10-16,3850.0,3885.0,3824.7,3830.8,284210.0
CAMS,2025-10-17,3837.5,3864.8,3787.0,3795.7,288960.0
CAMS,2025-10-20,3825.0,3838.2,3789.9,3828.1,160181.0
CAMS,2025-10-21,3840.0,3855.0,3828.2,3838.0,61695.0
CAMS,2025-10-23,3855.0,3890.0,3822.6,3873.4,294023.0
CAMS,2025-10-24,3880.0,3912.6,3866.2,3880.2,412374.0
CAMS,2025-10-27,3884.0,3977.8,3882.0,3965.4,491553.0
CAMS,2025-10-28,3980.0,4020.0,3966.0,3985.2,388568.0
CAMS,2025-10-29,3885.0,3885.0,3718.1,3855.5,1373940.0
CAMS,2025-10-30,3874.3,3980.0,3860.0,3957.1,663840.0
CAMS,2025-10-31,3965.0,3975.0,3914.4,3941.3,266911.0
CAMS,2025-11-03,3924.1,3932.6,3877.4,3897.4,248008.0
CAMS,2025-11-04,3897.4,3899.9,3790.0,3801.1,281643.0
CAMS,2025-11-06,3801.1,3809.0,3722.2,3739.8,277136.0
CAMS,2025-11-07,3719.8,3819.0,3667.6,3795.3,336099.0
CAMS,2025-11-10,3803.0,3854.0,3788.6,3817.4,240658.0
CAMS,2025-11-11,3817.0,3845.0,3779.0,3838.4,189736.0
CAMS,2025-11-12,3852.5,4019.8,3850.0,3964.0,825692.0
CAMS,2025-11-13,3954.5,3970.0,3914.9,3944.0,214742.0
CAMS,2025-11-14,3911.2,3988.0,3906.9,3938.0,218668.0
CAMS,2025-11-17,3940.0,4003.9,3929.1,3964.3,192395.0
CAMS,2025-11-18,3958.0,3966.7,3918.8,3945.8,170901.0
CAMS,2025-11-19,3959.0,3968.7,3915.6,3929.0,159483.0
CAMS,2025-11-20,3949.0,4065.0,3924.0,4014.5,711449.0
CAMS,2025-11-21,4014.5,4014.6,3938.2,3948.1,338051.0
CAMS,2025-11-24,3960.0,3968.4,3891.0,3906.8,328873.0
CAMS,2025-11-25,3900.0,3948.0,3847.6,3894.4,297282.0
CAMS,2025-11-26,3911.0,3970.0,3902.5,3933.8,312422.0
CAMS,2025-11-27,3957.8,3963.0,3880.0,3894.4,183418.0
CAMS,2025-11-28,3905.9,3914.9,3862.3,3870.3,282178.0
CAMS,2025-12-01,3893.3,3978.0,3876.0,3908.1,495134.0
CAMS,2025-12-02,3908.1,3911.4,3825.0,3850.8,329233.0
CAMS,2025-12-03,3855.0,3899.0,3810.0,3859.6,276151.0
CAMS,2025-12-04,3859.6,3969.0,3859.6,3956.7,643528.0
CAMS,2025-12-05,791.4,795.0,758.7,775.7,3467783.0
CAMS,2025-12-08,770.0,776.1,746.3,753.4,1513063.0
CAMS,2025-12-09,745.9,754.5,733.0,749.5,1307977.0
CAMS,2025-12-10,750.9,753.4,733.0,737.2,811193.0
CAMS,2025-12-11,722.0,758.5,722.0,756.7,956959.0
CAMS,2025-12-12,762.4,764.8,750.7,755.2,632623.0
CAMS,2025-12-15,755.2,758.0,747.3,755.2,395222.0
CAMS,2025-12-16,750.0,756.8,747.1,753.8,539086.0
CAMS,2025-12-17,754.1,756.5,730.1,733.8,712907.0
CAMS,2025-12-18,742.3,758.0,732.6,752.3,2495229.0
CAMS,2025-12-19,755.1,759.9,745.1,758.1,787312.0
CAMS,2025-12-22,759.7,769.0,756.1,762.2,623956.0
CAMS,2025-12-23,766.0,767.0,755.0,760.2,573531.0
CAMS,2025-12-24,759.0,774.9,755.1,760.1,1018580.0
CAMS,2025-12-26,758.0,762.0,746.7,748.8,725045.0
CAMS,2025-12-29,748.8,749.0,735.8,737.7,534717.0
CAMS,2025-12-30,738.7,740.1,729.7,731.8,792833.0
CAMS,2025-12-31,737.2,745.0,735.5,740.9,592158.0
CAMS,2026-01-01,743.15,744.1,734.0,735.1,335302.0
CAMS,2026-01-02,737.0,758.0,735.7,756.55,773532.0
CAMS,2026-01-05,756.95,757.1,745.9,752.05,549379.0
CAMS,2026-01-06,755.0,755.0,742.9,749.75,638355.0
CAMS,2026-01-07,749.75,765.9,746.8,756.8,767439.0
CAMS,2026-01-08,756.8,761.9,742.5,745.9,844354.0
CAMS,2026-01-09,744.7,747.55,721.05,727.3,1229863.0
CAMS,2026-01-12,727.3,728.0,703.75,710.5,1662637.0
CAMS,2026-01-13,715.0,715.9,699.0,711.0,1503619.0
CAMS,2026-01-14,712.0,734.0,711.0,721.15,1114112.0
CAMS,2026-01-16,721.15,735.5,715.1,727.8,1312452.0
CAMS,2026-01-19,722.25,728.7,715.1,724.2,1269201.0
CAMS,2026-01-20,724.0,728.8,706.3,710.1,1130050.0
CAMS,2026-01-21,706.5,714.0,686.55,700.6,1280105.0
CAMS,2026-01-22,710.95,743.0,703.0,707.75,3818736.0
CAMS,2026-01-23,709.2,717.95,675.1,679.4,2007665.0
CAMS,2026-01-27,685.0,711.4,683.15,697.7,1676044.0
CAMS,2026-01-28,698.05,712.95,698.05,709.4,853242.0
CAMS,2026-01-29,711.9,714.0,698.1,708.0,848267.0
CAMS,2026-01-30,706.75,706.8,693.0,695.05,774625.0
CAMS,2026-02-01,695.1,703.0,652.05,676.1,896900.0
CAMS,2026-02-02,669.0,696.95,662.0,693.9,976799.0
CAMS,2026-02-03,727.0,740.0,718.7,728.45,1800342.0
CAMS,2026-02-04,728.45,738.6,721.15,735.7,946621.0
CAMS,2026-02-05,732.05,733.0,721.0,731.4,518026.0
CAMS,2026-02-06,727.25,728.5,710.0,722.4,997082.0
CAMS,2026-02-09,732.55,741.65,725.05,736.4,1253751.0
CAMS,2026-02-10,739.85,746.9,736.45,742.6,794626.0
CAMS,2026-02-11,744.75,748.5,738.8,747.1,560346.0
CAMS,2026-02-12,743.3,744.75,727.0,730.4,822033.0
CAMS,2026-02-13,726.0,728.8,715.0,721.05,487002.0
CAMS,2026-02-16,713.95,738.8,710.5,737.15,884300.0
CAMS,2026-02-17,738.0,744.55,725.8,734.6,545311.0
CAMS,2026-02-18,735.05,741.05,730.1,736.95,545305.0
CAMS,2026-02-19,736.0,737.15,718.0,721.3,471815.0
CAMS,2026-02-20,719.45,725.4,715.9,720.25,407454.0
CAMS,2026-02-23,724.8,729.8,711.2,718.0,621904.0
CAMS,2026-02-24,714.0,717.15,703.0,709.2,624360.0
CAMS,2026-02-25,709.35,718.85,707.0,713.75,669618.0
CAMS,2026-02-26,717.0,717.0,702.1,708.6,539943.0
CAMS,2026-02-27,710.0,710.0,673.6,677.6,2005279.0
CAMS,2026-03-02,653.6,673.65,641.1,651.3,2715604.0
CAMS,2026-03-04,640.3,642.0,624.15,629.9,3113387.0
CAMS,2026-03-05,639.4,655.35,635.45,652.35,4749237.0
CAMS,2026-03-06,646.15,661.8,642.5,648.85,1623932.0
CAMS,2026-03-09,633.5,654.95,625.75,649.1,2730624.0
CAMS,2026-03-10,663.3,673.95,656.95,671.1,2489071.0
CAMS,2026-03-11,674.0,682.0,671.9,676.2,1921511.0
CAMS,2026-03-12,670.0,670.8,655.25,663.75,1585361.0
CAMS,2026-03-13,657.2,662.15,641.7,644.5,878478.0
CAMS,2026-03-16,644.5,647.95,623.25,639.5,1631304.0
CAMS,2026-03-17,645.5,645.5,630.1,632.8,1424250.0
CAMS,2026-03-18,633.9,660.8,632.5,658.15,1505706.0
CAMS,2026-03-19,648.2,649.0,635.1,639.9,981137.0
CAMS,2026-03-20,645.0,652.3,635.1,640.7,830229.0
CAMS,2026-03-23,636.0,638.05,611.4,622.45,1805078.0
CAMS,2026-03-24,641.6,645.0,622.5,638.65,985794.0
CAMS,2026-03-25,648.1,656.9,640.2,643.9,1218177.0
CAMS,2026-03-27,640.9,651.0,635.35,637.5,2013843.0
CAMS,2026-03-30,625.55,633.35,620.0,625.8,2569464.0
CAMS,2026-04-01,642.0,669.3,640.0,655.35,1705026.0
CAMS,2026-04-02,650.0,664.1,630.45,660.9,1687195.0
CAMS,2026-04-06,663.0,672.8,646.6,668.1,876484.0
CAMS,2026-04-07,666.0,674.25,654.7,672.7,645796.0
CAMS,2026-04-08,700.0,708.6,690.0,704.85,1392636.0
CAMS,2026-04-09,710.0,720.0,695.0,699.05,1473424.0
CAMS,2026-04-10,708.0,719.75,704.6,715.8,778688.0
CAMS,2026-04-13,700.05,711.95,691.65,705.3,890516.0
CAMS,2026-04-15,717.15,729.5,712.3,728.05,1918073.0
CAMS,2026-04-16,735.0,741.7,726.6,738.4,1395926.0
CAMS,2026-04-17,741.0,758.0,731.05,750.15,2273576.0
CAMS,2026-04-20,751.0,752.0,735.25,749.25,1023700.0
CAMS,2026-04-21,749.25,759.9,745.85,748.65,1164463.0
CAMS,2026-04-22,744.95,758.2,742.95,755.6,833621.0
CAMS,2026-04-23,750.0,778.05,745.8,770.4,2996865.0
CAMS,2026-04-24,773.0,775.85,755.0,760.8,1458679.0
CAMS,2026-04-27,762.95,774.7,757.4,759.85,1158441.0
CAMS,2026-04-28,760.0,769.0,750.75,760.45,1507102.0
CAMS,2026-04-29,765.0,771.95,758.0,760.6,780465.0
CAMS,2026-04-30,756.0,761.75,725.0,738.6,2717763.0
CAMS,2026-05-04,750.0,750.6,715.5,730.85,1152415.0
CAMS,2026-05-05,738.0,801.0,738.0,797.4,15618973.0
CAMS,2026-05-06,808.15,821.5,792.45,815.85,3759370.0
CAMS,2026-05-07,817.95,838.0,813.05,835.9,2148085.0
CAMS,2026-05-08,835.9,844.9,830.45,836.3,1801484.0
CAMS,2026-05-11,820.5,833.4,812.95,815.7,1608063.0
CAMS,2026-05-12,809.0,818.45,781.9,784.65,1712105.0
CAMS,2026-05-13,780.0,797.0,776.8,784.95,1167967.0
CAMS,2026-05-14,785.1,797.25,777.7,785.85,1051728.0
CAMS,2026-05-15,787.0,800.0,782.0,784.0,1120488.0
CAMS,2026-05-18,777.0,778.4,760.35,772.75,827599.0
CAMS,2026-05-19,771.95,786.7,770.15,779.35,1002227.0
CAMS,2026-05-20,771.4,784.95,762.4,780.4,943447.0
CAMS,2026-05-21,785.0,792.5,765.35,769.1,1090490.0
CAMS,2026-05-22,769.1,771.1,755.1,757.2,1906544.0
CAMS,2026-05-25,765.15,781.95,765.15,769.65,1904876.0
CAMS,2026-05-26,769.65,780.0,760.0,773.15,995179.0
CARTRADE,2025-05-21,1641.0,1688.0,1641.0,1658.1,242039.0
CARTRADE,2025-05-22,1655.8,1667.4,1637.2,1658.9,107062.0
CARTRADE,2025-05-23,1659.2,1681.0,1627.1,1635.0,473833.0
CARTRADE,2025-05-26,1646.6,1664.7,1617.3,1623.7,118265.0
CARTRADE,2025-05-27,1629.0,1630.2,1485.0,1514.4,581624.0
CARTRADE,2025-05-28,1510.0,1554.2,1506.9,1541.2,326670.0
CARTRADE,2025-05-29,1544.2,1588.7,1541.2,1548.2,260324.0
CARTRADE,2025-05-30,1554.0,1576.6,1514.0,1553.0,211892.0
CARTRADE,2025-06-02,1525.0,1544.9,1509.0,1511.4,217071.0
CARTRADE,2025-06-03,1523.9,1538.8,1506.4,1513.4,114414.0
CARTRADE,2025-06-04,1520.6,1534.9,1507.0,1511.6,101391.0
CARTRADE,2025-06-05,1512.0,1578.0,1512.0,1553.4,220815.0
CARTRADE,2025-06-06,1553.7,1579.8,1535.0,1574.4,217960.0
CARTRADE,2025-06-09,1579.7,1610.1,1569.4,1606.5,186713.0
CARTRADE,2025-06-10,1606.6,1669.0,1604.0,1652.9,490376.0
CARTRADE,2025-06-11,1635.0,1685.0,1626.0,1660.6,276517.0
CARTRADE,2025-06-12,1656.1,1694.9,1615.2,1625.8,578555.0
CARTRADE,2025-06-13,1600.0,1649.6,1583.8,1637.3,106197.0
CARTRADE,2025-06-16,1630.0,1698.3,1611.0,1680.0,368178.0
CARTRADE,2025-06-17,1680.1,1725.0,1670.0,1699.2,235387.0
CARTRADE,2025-06-18,1701.8,1716.2,1657.3,1687.5,170496.0
CARTRADE,2025-06-19,1690.0,1695.0,1650.0,1655.5,145717.0
CARTRADE,2025-06-20,1646.0,1669.0,1630.0,1641.1,206711.0
CARTRADE,2025-06-23,1635.9,1649.4,1621.0,1629.0,259527.0
CARTRADE,2025-06-24,1647.0,1702.0,1604.3,1615.7,271366.0
CARTRADE,2025-06-25,1632.2,1660.0,1610.0,1629.4,293718.0
CARTRADE,2025-06-26,1636.9,1644.4,1575.0,1579.9,259591.0
CARTRADE,2025-06-27,1581.0,1606.0,1557.0,1603.2,547321.0
CARTRADE,2025-06-30,1600.0,1736.0,1600.0,1700.7,1085475.0
CARTRADE,2025-07-01,1706.1,1744.7,1690.1,1695.3,255685.0
CARTRADE,2025-07-02,1695.3,1720.0,1675.2,1699.6,149746.0
CARTRADE,2025-07-03,1700.0,1735.7,1656.0,1688.4,220028.0
CARTRADE,2025-07-04,1689.9,1752.9,1670.8,1699.4,314852.0
CARTRADE,2025-07-07,1699.4,1707.2,1667.8,1698.6,152202.0
CARTRADE,2025-07-08,1698.6,1844.0,1693.9,1825.4,1111914.0
CARTRADE,2025-07-09,1808.0,1824.3,1744.0,1764.8,542165.0
CARTRADE,2025-07-10,1764.9,1849.9,1764.9,1837.6,543789.0
CARTRADE,2025-07-11,1838.0,1918.0,1827.1,1899.7,911306.0
CARTRADE,2025-07-14,1905.0,2000.0,1865.1,1987.3,1154448.0
CARTRADE,2025-07-15,1987.5,1990.7,1890.0,1904.5,432561.0
CARTRADE,2025-07-16,1904.5,1939.9,1904.0,1914.6,215369.0
CARTRADE,2025-07-17,1917.0,1933.4,1868.7,1922.1,390580.0
CARTRADE,2025-07-18,1922.0,1938.8,1881.0,1897.8,137165.0
CARTRADE,2025-07-21,1881.3,1930.0,1861.1,1921.8,221589.0
CARTRADE,2025-07-22,1921.0,1969.0,1896.2,1910.7,413750.0
CARTRADE,2025-07-23,1901.0,1979.4,1890.0,1962.7,303696.0
CARTRADE,2025-07-24,1965.0,1982.0,1924.0,1965.6,158681.0
CARTRADE,2025-07-25,1944.9,1944.9,1875.1,1894.7,169443.0
CARTRADE,2025-07-28,1879.8,2140.9,1832.8,2066.9,5360294.0
CARTRADE,2025-07-29,2059.1,2110.0,2041.2,2084.7,1051561.0
CARTRADE,2025-07-30,2074.0,2100.0,2053.0,2090.9,350663.0
CARTRADE,2025-07-31,2070.0,2219.0,2031.0,2186.5,1263896.0
CARTRADE,2025-08-01,2188.2,2188.2,2131.0,2176.4,499890.0
CARTRADE,2025-08-04,2179.9,2253.9,2157.9,2241.8,455878.0
CARTRADE,2025-08-05,2248.0,2300.0,2228.0,2259.6,459997.0
CARTRADE,2025-08-06,2245.0,2266.0,2100.0,2116.9,397362.0
CARTRADE,2025-08-07,2085.0,2117.9,2035.4,2104.4,469900.0
CARTRADE,2025-08-08,2114.4,2188.9,2092.6,2168.6,323681.0
CARTRADE,2025-08-11,2164.1,2234.3,2145.0,2213.0,335174.0
CARTRADE,2025-08-12,2214.8,2350.0,2206.6,2336.8,541775.0
CARTRADE,2025-08-13,2330.0,2378.5,2250.3,2348.6,404527.0
CARTRADE,2025-08-14,2333.0,2409.9,2293.0,2320.9,309949.0
CARTRADE,2025-08-18,2350.0,2502.0,2320.6,2482.8,888672.0
CARTRADE,2025-08-19,2482.8,2534.8,2417.7,2464.0,537997.0
CARTRADE,2025-08-20,2459.6,2502.0,2420.0,2435.0,383083.0
CARTRADE,2025-08-21,2435.5,2470.0,2417.3,2429.7,135681.0
CARTRADE,2025-08-22,2429.7,2437.7,2271.2,2346.7,375791.0
CARTRADE,2025-08-25,2349.9,2436.0,2349.9,2389.6,224847.0
CARTRADE,2025-08-26,2387.0,2405.4,2339.1,2382.8,247250.0
CARTRADE,2025-08-28,2379.1,2380.0,2255.9,2271.5,416664.0
CARTRADE,2025-08-29,2284.7,2410.8,2282.9,2398.0,452790.0
CARTRADE,2025-09-01,2421.9,2517.8,2394.1,2500.1,480310.0
CARTRADE,2025-09-02,2498.0,2499.3,2425.0,2465.0,407397.0
CARTRADE,2025-09-03,2474.9,2595.0,2460.0,2583.1,427913.0
CARTRADE,2025-09-04,2583.1,2689.7,2535.0,2556.4,562786.0
CARTRADE,2025-09-05,2550.0,2644.5,2526.0,2610.4,273923.0
CARTRADE,2025-09-08,2610.0,2660.0,2572.0,2651.9,174752.0
CARTRADE,2025-09-09,2650.1,2755.0,2624.3,2737.4,268725.0
CARTRADE,2025-09-10,2705.1,2705.1,2222.2,2453.7,2829194.0
CARTRADE,2025-09-11,2450.0,2466.2,2282.8,2363.1,1504064.0
CARTRADE,2025-09-12,2350.0,2420.0,2321.8,2338.2,405191.0
CARTRADE,2025-09-15,2338.2,2360.0,2285.6,2316.9,247854.0
CARTRADE,2025-09-16,2316.0,2389.0,2313.1,2373.7,232833.0
CARTRADE,2025-09-17,2380.5,2428.0,2366.0,2424.2,237827.0
CARTRADE,2025-09-18,2435.1,2436.0,2382.4,2395.6,162369.0
CARTRADE,2025-09-19,2397.0,2583.5,2355.3,2540.6,1294984.0
CARTRADE,2025-09-22,2540.6,2540.6,2372.9,2389.2,344999.0
CARTRADE,2025-09-23,2391.0,2490.0,2379.4,2404.8,349112.0
CARTRADE,2025-09-24,2404.8,2513.0,2392.0,2493.0,293563.0
CARTRADE,2025-09-25,2495.0,2510.0,2413.4,2454.3,287673.0
CARTRADE,2025-09-26,2466.0,2649.4,2425.0,2434.1,1551033.0
CARTRADE,2025-09-29,2463.9,2524.8,2417.6,2500.4,373580.0
CARTRADE,2025-09-30,2500.0,2500.0,2402.3,2450.1,282877.0
CARTRADE,2025-10-01,2450.0,2485.0,2410.4,2443.8,123020.0
CARTRADE,2025-10-03,2450.0,2509.0,2432.1,2497.8,212932.0
CARTRADE,2025-10-06,2497.8,2519.9,2470.0,2493.9,136864.0
CARTRADE,2025-10-07,2500.0,2506.0,2434.6,2462.8,163192.0
CARTRADE,2025-10-08,2472.0,2503.9,2450.7,2492.0,124978.0
CARTRADE,2025-10-09,2492.0,2492.0,2455.0,2475.0,113942.0
CARTRADE,2025-10-10,2451.0,2463.9,2416.5,2444.8,455883.0
CARTRADE,2025-10-13,2436.8,2505.0,2430.0,2498.5,147017.0
CARTRADE,2025-10-14,2485.1,2570.0,2445.0,2466.8,261922.0
CARTRADE,2025-10-15,2462.8,2505.0,2422.4,2487.8,303214.0
CARTRADE,2025-10-16,2515.0,2559.0,2438.1,2489.2,660802.0
CARTRADE,2025-10-17,2499.0,2500.0,2443.0,2457.6,86642.0
CARTRADE,2025-10-20,2489.5,2535.0,2445.0,2453.6,257185.0
CARTRADE,2025-10-21,2457.0,2529.0,2457.0,2514.1,49259.0
CARTRADE,2025-10-23,2513.7,2599.7,2472.5,2518.4,277785.0
CARTRADE,2025-10-24,2520.0,2560.0,2520.0,2545.4,94103.0
CARTRADE,2025-10-27,2565.0,2686.0,2546.0,2665.4,491885.0
CARTRADE,2025-10-28,2733.0,3180.0,2678.4,3135.2,5406531.0
CARTRADE,2025-10-29,3074.0,3114.8,2845.0,2955.7,2144004.0
CARTRADE,2025-10-30,2964.0,3034.0,2914.5,3020.0,484468.0
CARTRADE,2025-10-31,3031.0,3078.3,2996.9,3019.5,299900.0
CARTRADE,2025-11-03,3029.9,3094.0,2985.1,3018.5,263127.0
CARTRADE,2025-11-04,3005.0,3029.9,2905.6,2920.0,253402.0
CARTRADE,2025-11-06,2920.0,2933.0,2842.8,2869.6,212417.0
CARTRADE,2025-11-07,2852.0,2920.0,2805.6,2895.1,394435.0
CARTRADE,2025-11-10,2899.0,3058.0,2895.0,2981.7,549365.0
CARTRADE,2025-11-11,3044.0,3146.0,2861.6,3000.6,1042199.0
CARTRADE,2025-11-12,3022.0,3198.0,2981.8,3177.2,755024.0
CARTRADE,2025-11-13,3177.2,3210.0,3140.5,3182.0,270349.0
CARTRADE,2025-11-14,3180.1,3205.9,3066.3,3080.4,297241.0
CARTRADE,2025-11-17,3100.0,3290.5,3070.2,3268.0,492573.0
CARTRADE,2025-11-18,3268.0,3269.0,3156.2,3181.4,309317.0
CARTRADE,2025-11-19,3171.1,3190.9,3076.8,3101.3,263029.0
CARTRADE,2025-11-20,3105.0,3155.1,3085.7,3097.0,178281.0
CARTRADE,2025-11-21,3100.0,3105.8,2985.4,3024.8,251972.0
CARTRADE,2025-11-24,3000.0,3129.0,2999.0,3063.6,372601.0
CARTRADE,2025-11-25,3064.9,3180.0,3040.0,3091.5,387326.0
CARTRADE,2025-11-26,3099.9,3189.0,3068.2,3175.8,225727.0
CARTRADE,2025-11-27,3177.1,3177.1,3004.3,3055.5,572569.0
CARTRADE,2025-11-28,3055.6,3159.9,3055.5,3087.7,256663.0
CARTRADE,2025-12-01,3118.6,3158.7,3031.7,3063.6,318012.0
CARTRADE,2025-12-02,3052.0,3108.8,2952.1,2991.5,475276.0
CARTRADE,2025-12-03,2992.0,3112.0,2979.0,3095.2,268353.0
CARTRADE,2025-12-04,3099.8,3120.0,2988.0,3008.3,210706.0
CARTRADE,2025-12-05,3021.3,3031.6,2890.0,2968.4,248406.0
CARTRADE,2025-12-08,2979.8,2998.3,2735.0,2760.5,418060.0
CARTRADE,2025-12-09,2764.6,2764.6,2605.5,2716.5,718410.0
CARTRADE,2025-12-10,2727.8,2866.1,2727.8,2797.2,364823.0
CARTRADE,2025-12-11,2799.9,2815.6,2704.7,2719.4,118626.0
CARTRADE,2025-12-12,2723.0,2737.0,2652.0,2673.4,335365.0
CARTRADE,2025-12-15,2673.4,2799.2,2652.1,2788.4,306369.0
CARTRADE,2025-12-16,2798.0,2888.4,2728.8,2743.4,300939.0
CARTRADE,2025-12-17,2747.9,2808.3,2712.6,2727.3,169879.0
CARTRADE,2025-12-18,2740.0,2781.7,2669.6,2688.1,182567.0
CARTRADE,2025-12-19,2702.5,2763.9,2646.9,2742.9,255247.0
CARTRADE,2025-12-22,2742.9,2918.8,2740.0,2902.4,320984.0
CARTRADE,2025-12-23,2900.4,2902.0,2761.3,2792.9,208737.0
CARTRADE,2025-12-24,2792.0,2849.8,2778.6,2789.0,108394.0
CARTRADE,2025-12-26,2790.0,2825.9,2742.1,2752.6,116832.0
CARTRADE,2025-12-29,2753.0,2767.7,2681.9,2694.0,138789.0
CARTRADE,2025-12-30,2696.4,2787.0,2694.0,2768.5,184238.0
CARTRADE,2025-12-31,2755.0,2845.0,2704.1,2826.2,161832.0
CARTRADE,2026-01-01,2795.0,2845.0,2780.0,2829.5,153651.0
CARTRADE,2026-01-02,2811.0,2962.0,2805.0,2900.9,237541.0
CARTRADE,2026-01-05,2921.5,2940.0,2820.5,2897.7,201003.0
CARTRADE,2026-01-06,2899.7,2945.5,2848.3,2936.3,259757.0
CARTRADE,2026-01-07,2929.4,2932.0,2798.0,2812.8,205784.0
CARTRADE,2026-01-08,2821.2,2849.9,2691.2,2722.2,172068.0
CARTRADE,2026-01-09,2704.0,2735.0,2630.3,2645.2,259902.0
CARTRADE,2026-01-12,2645.2,2734.0,2640.0,2717.3,229652.0
CARTRADE,2026-01-13,2733.0,2809.0,2727.8,2800.5,160293.0
CARTRADE,2026-01-14,2800.5,2859.7,2684.0,2706.6,222198.0
CARTRADE,2026-01-16,2708.1,2738.4,2682.0,2713.4,143685.0
CARTRADE,2026-01-19,2710.0,2726.1,2654.8,2677.4,140741.0
CARTRADE,2026-01-20,2685.0,2685.0,2502.7,2524.5,286055.0
CARTRADE,2026-01-21,2478.0,2565.0,2400.0,2540.1,623073.0
CARTRADE,2026-01-22,2590.0,2590.0,2510.0,2535.1,169963.0
CARTRADE,2026-01-23,2540.0,2557.7,2418.0,2446.9,254007.0
CARTRADE,2026-01-27,2477.7,2568.8,2425.2,2541.8,337185.0
CARTRADE,2026-01-28,2572.0,2664.0,2265.2,2406.9,2544846.0
CARTRADE,2026-01-29,2448.4,2536.3,2392.9,2477.7,1005611.0
CARTRADE,2026-01-30,2481.7,2685.1,2480.1,2649.3,647828.0
CARTRADE,2026-02-01,2631.0,2648.1,2560.0,2585.4,56257.0
CARTRADE,2026-02-02,2574.7,2585.0,2415.0,2464.7,333243.0
CARTRADE,2026-02-03,2644.6,2644.6,2527.9,2613.6,289120.0
CARTRADE,2026-02-04,2580.0,2591.0,2360.3,2389.2,534094.0
CARTRADE,2026-02-05,2389.2,2438.0,2023.7,2302.0,3671239.0
CARTRADE,2026-02-06,2319.7,2420.0,2226.5,2263.6,723590.0
CARTRADE,2026-02-09,2290.8,2290.8,2175.0,2186.0,881926.0
CARTRADE,2026-02-10,2186.5,2245.0,2119.9,2130.4,665835.0
CARTRADE,2026-02-11,2130.4,2157.5,2071.2,2130.6,531111.0
CARTRADE,2026-02-12,2140.0,2160.0,2093.0,2128.6,515185.0
CARTRADE,2026-02-13,2120.0,2120.9,1920.1,1937.4,1079293.0
CARTRADE,2026-02-16,1938.2,2095.0,1906.0,2041.0,1172795.0
CARTRADE,2026-02-17,2041.0,2051.3,1999.9,2038.4,307081.0
CARTRADE,2026-02-18,2038.4,2046.6,2010.0,2026.1,272745.0
CARTRADE,2026-02-19,2029.6,2049.7,1949.2,1983.9,297515.0
CARTRADE,2026-02-20,2000.0,2014.9,1932.0,1978.1,359012.0
CARTRADE,2026-02-23,1979.9,2031.8,1971.6,2000.8,217080.0
CARTRADE,2026-02-24,2000.8,2000.8,1748.5,1778.4,1106227.0
CARTRADE,2026-02-25,1786.0,1827.9,1762.2,1779.7,700669.0
CARTRADE,2026-02-26,1782.4,1878.4,1782.4,1866.1,677314.0
CARTRADE,2026-02-27,1850.0,1850.0,1785.0,1801.0,425254.0
CARTRADE,2026-03-02,1711.0,1850.0,1710.1,1775.5,376672.0
CARTRADE,2026-03-04,1735.8,1790.9,1676.7,1745.7,606914.0
CARTRADE,2026-03-05,1751.0,1835.8,1732.1,1778.3,426232.0
CARTRADE,2026-03-06,1778.3,1826.9,1755.1,1769.9,323366.0
CARTRADE,2026-03-09,1717.0,1780.0,1692.1,1764.0,244435.0
CARTRADE,2026-03-10,1771.6,1833.9,1749.8,1761.3,381263.0
CARTRADE,2026-03-11,1764.0,1772.9,1675.6,1689.2,284999.0
CARTRADE,2026-03-12,1689.2,1723.0,1651.2,1678.7,357775.0
CARTRADE,2026-03-13,1678.7,1678.7,1637.0,1643.1,189284.0
CARTRADE,2026-03-16,1643.1,1670.5,1615.0,1656.0,210304.0
CARTRADE,2026-03-17,1656.0,1757.9,1646.7,1724.7,404693.0
CARTRADE,2026-03-18,1728.0,1758.0,1683.0,1698.0,283165.0
CARTRADE,2026-03-19,1683.0,1684.9,1636.9,1641.7,244229.0
CARTRADE,2026-03-20,1660.0,1768.0,1656.0,1696.9,329928.0
CARTRADE,2026-03-23,1680.0,1712.0,1670.0,1695.1,201549.0
CARTRADE,2026-03-24,1733.0,1733.3,1699.7,1716.6,244245.0
CARTRADE,2026-03-25,1730.0,1796.0,1717.3,1750.1,308121.0
CARTRADE,2026-03-27,1750.1,1767.0,1716.0,1740.2,700137.0
CARTRADE,2026-03-30,1720.0,1739.5,1640.0,1650.0,410899.0
CARTRADE,2026-04-01,1710.0,1762.9,1674.2,1756.2,236299.0
CARTRADE,2026-04-02,1738.0,1738.0,1649.0,1695.6,273700.0
CARTRADE,2026-04-06,1695.9,1750.0,1681.8,1739.4,164008.0
CARTRADE,2026-04-07,1740.0,1831.4,1724.0,1764.0,395577.0
CARTRADE,2026-04-08,1830.0,1885.0,1791.7,1871.6,308763.0
CARTRADE,2026-04-09,1872.0,1895.1,1801.1,1816.2,199902.0
CARTRADE,2026-04-10,1830.7,1880.1,1791.1,1836.7,287390.0
CARTRADE,2026-04-13,1805.8,1845.0,1778.7,1821.6,182578.0
CARTRADE,2026-04-15,1849.5,1863.7,1780.0,1784.9,429942.0
CARTRADE,2026-04-16,1807.9,1888.8,1770.2,1797.9,649415.0
CARTRADE,2026-04-17,1806.8,1889.0,1804.3,1858.0,495041.0
CARTRADE,2026-04-20,1865.0,1877.6,1762.0,1770.4,716050.0
CARTRADE,2026-04-21,1780.0,1790.5,1748.6,1767.8,300119.0
CARTRADE,2026-04-22,1767.8,1823.8,1746.2,1784.6,351658.0
CARTRADE,2026-04-23,1794.0,1797.2,1680.0,1691.0,730647.0
CARTRADE,2026-04-24,1692.8,1735.0,1657.4,1694.3,508464.0
CARTRADE,2026-04-27,1713.0,1739.5,1682.5,1718.2,316608.0
CARTRADE,2026-04-28,1725.0,1725.0,1660.3,1663.2,350948.0
CARTRADE,2026-04-29,1682.0,1724.0,1640.0,1645.5,268880.0
CARTRADE,2026-04-30,1653.4,1674.5,1600.0,1623.4,308664.0
CARTRADE,2026-05-04,1638.0,1671.4,1606.0,1651.7,293948.0
CARTRADE,2026-05-05,1655.0,1665.9,1617.3,1645.6,265851.0
CARTRADE,2026-05-06,1666.0,1828.5,1645.6,1807.3,2276391.0
CARTRADE,2026-05-07,1825.4,2115.0,1811.4,1921.8,5497004.0
CARTRADE,2026-05-08,1926.2,2012.2,1916.6,1954.9,1489488.0
CARTRADE,2026-05-11,1907.7,1918.0,1828.8,1904.0,964167.0
CARTRADE,2026-05-12,1899.9,1937.5,1859.0,1892.2,569428.0
CARTRADE,2026-05-13,1892.1,1973.9,1878.0,1888.4,540872.0
CARTRADE,2026-05-14,1917.6,1933.0,1830.0,1836.4,313775.0
CARTRADE,2026-05-15,1836.4,1867.4,1806.1,1824.8,281210.0
CARTRADE,2026-05-18,1814.8,1824.8,1765.8,1784.1,367468.0
CARTRADE,2026-05-19,1791.0,1868.4,1791.0,1814.3,396686.0
CARTRADE,2026-05-20,1812.8,1834.8,1793.3,1824.2,196685.0
CARTRADE,2026-05-21,1825.6,1855.6,1750.0,1767.0,285100.0
CARTRADE,2026-05-22,1776.0,1812.0,1770.7,1796.6,266298.0
CARTRADE,2026-05-25,1810.8,1815.0,1768.6,1789.0,265750.0
CARTRADE,2026-05-26,1790.1,1838.3,1690.1,1700.4,640958.0
CASTROLIND,2025-05-21,207.38,210.45,205.51,208.71,1355845.0
CASTROLIND,2025-05-22,208.9,210.98,207.0,209.31,1770658.0
CASTROLIND,2025-05-23,210.37,210.75,207.5,208.16,819776.0
CASTROLIND,2025-05-26,208.0,209.94,207.1,207.95,1128206.0
CASTROLIND,2025-05-27,207.95,209.47,206.51,206.96,995880.0
CASTROLIND,2025-05-28,207.5,208.14,206.16,206.54,842226.0
CASTROLIND,2025-05-29,208.7,220.39,208.5,218.24,25739720.0
CASTROLIND,2025-05-30,219.2,219.9,214.62,216.22,3478039.0
CASTROLIND,2025-06-02,217.4,219.0,214.61,216.15,2698925.0
CASTROLIND,2025-06-03,216.15,223.5,216.0,217.47,6920488.0
CASTROLIND,2025-06-04,217.98,219.5,216.1,217.38,1895090.0
CASTROLIND,2025-06-05,218.14,222.0,217.0,218.9,3188664.0
CASTROLIND,2025-06-06,219.3,219.5,215.72,216.85,1407422.0
CASTROLIND,2025-06-09,218.0,221.6,216.61,220.43,2303916.0
CASTROLIND,2025-06-10,221.99,225.86,221.2,223.13,4872224.0
CASTROLIND,2025-06-11,223.45,223.67,216.11,219.66,3105195.0
CASTROLIND,2025-06-12,218.62,222.02,213.76,214.94,1706058.0
CASTROLIND,2025-06-13,209.0,213.69,208.08,211.71,2177561.0
CASTROLIND,2025-06-16,211.65,214.45,207.09,212.65,1797111.0
CASTROLIND,2025-06-17,213.98,214.4,209.45,210.78,1010450.0
CASTROLIND,2025-06-18,209.61,211.86,207.4,208.02,1171409.0
CASTROLIND,2025-06-19,208.01,209.4,204.15,205.56,1349642.0
CASTROLIND,2025-06-20,204.96,208.06,204.45,207.28,845251.0
CASTROLIND,2025-06-23,204.4,209.46,203.15,207.63,1257730.0
CASTROLIND,2025-06-24,210.74,213.19,209.46,209.91,1277556.0
CASTROLIND,2025-06-25,210.5,212.91,210.5,211.3,791078.0
CASTROLIND,2025-06-26,214.05,215.95,212.26,214.19,2060482.0
CASTROLIND,2025-06-27,215.0,218.4,213.49,217.02,2659256.0
CASTROLIND,2025-06-30,219.15,224.1,216.65,221.73,4224659.0
CASTROLIND,2025-07-01,222.11,229.25,221.56,224.71,10016228.0
CASTROLIND,2025-07-02,225.7,227.2,220.4,225.74,3822002.0
CASTROLIND,2025-07-03,226.0,226.0,221.01,221.96,2086815.0
CASTROLIND,2025-07-04,222.0,224.1,219.0,220.86,1606114.0
CASTROLIND,2025-07-07,220.53,224.2,219.93,222.28,1618976.0
CASTROLIND,2025-07-08,222.28,225.49,217.11,217.98,2066355.0
CASTROLIND,2025-07-09,219.0,223.6,218.5,223.25,2517357.0
CASTROLIND,2025-07-10,223.38,223.73,219.6,220.92,1220577.0
CASTROLIND,2025-07-11,220.73,223.28,219.05,219.89,1310320.0
CASTROLIND,2025-07-14,224.5,232.43,222.0,222.79,24882915.0
CASTROLIND,2025-07-15,223.95,226.34,223.64,225.55,2057654.0
CASTROLIND,2025-07-16,225.55,226.37,221.41,223.46,1584599.0
CASTROLIND,2025-07-17,223.0,225.39,222.81,223.67,1199328.0
CASTROLIND,2025-07-18,223.5,224.38,218.98,221.5,1578061.0
CASTROLIND,2025-07-21,221.0,221.75,218.91,219.83,989567.0
CASTROLIND,2025-07-22,219.83,222.89,219.5,220.24,1101671.0
CASTROLIND,2025-07-23,220.1,229.7,220.1,228.66,5079873.0
CASTROLIND,2025-07-24,229.3,231.0,225.96,228.0,2824023.0
CASTROLIND,2025-07-25,227.6,229.6,221.3,222.24,1884426.0
CASTROLIND,2025-07-28,221.66,225.5,217.63,218.57,1503170.0
CASTROLIND,2025-07-29,218.57,222.95,218.11,222.45,1166531.0
CASTROLIND,2025-07-30,221.0,223.45,219.34,220.28,962958.0
CASTROLIND,2025-07-31,218.9,220.45,216.76,218.11,1050613.0
CASTROLIND,2025-08-01,218.94,223.17,217.3,218.41,1389042.0
CASTROLIND,2025-08-04,218.12,220.6,217.11,219.56,1080791.0
CASTROLIND,2025-08-05,220.0,224.8,219.81,222.02,2886762.0
CASTROLIND,2025-08-06,222.02,223.29,212.3,213.27,2295228.0
CASTROLIND,2025-08-07,213.27,215.3,209.8,214.7,1698710.0
CASTROLIND,2025-08-08,214.8,215.75,212.5,213.03,1366926.0
CASTROLIND,2025-08-11,210.8,211.41,208.11,210.59,1036056.0
CASTROLIND,2025-08-12,210.0,211.44,209.4,209.81,596894.0
CASTROLIND,2025-08-13,209.86,212.4,207.8,208.11,1018523.0
CASTROLIND,2025-08-14,208.8,209.25,205.0,205.28,1051219.0
CASTROLIND,2025-08-18,207.99,207.99,205.63,206.11,1048222.0
CASTROLIND,2025-08-19,206.0,207.15,205.5,206.75,940769.0
CASTROLIND,2025-08-20,206.95,209.74,206.37,208.87,1248427.0
CASTROLIND,2025-08-21,209.1,211.4,208.3,208.68,1406699.0
CASTROLIND,2025-08-22,208.0,208.89,206.0,206.24,709653.0
CASTROLIND,2025-08-25,206.25,210.25,206.0,207.41,950167.0
CASTROLIND,2025-08-26,207.0,207.79,200.51,200.88,2069298.0
CASTROLIND,2025-08-28,201.0,203.0,199.0,201.55,935810.0
CASTROLIND,2025-08-29,201.65,202.18,196.68,197.23,1451760.0
CASTROLIND,2025-09-01,197.4,200.07,196.55,199.33,1055963.0
CASTROLIND,2025-09-02,199.68,202.2,197.86,200.5,1149654.0
CASTROLIND,2025-09-03,199.0,200.0,197.11,198.53,2545651.0
CASTROLIND,2025-09-04,199.75,201.06,198.21,199.37,1214607.0
CASTROLIND,2025-09-05,199.4,199.99,197.11,197.77,940857.0
CASTROLIND,2025-09-08,198.0,198.63,196.0,197.43,965625.0
CASTROLIND,2025-09-09,197.43,197.83,196.81,197.39,761940.0
CASTROLIND,2025-09-10,197.6,199.12,197.25,198.87,1521848.0
CASTROLIND,2025-09-11,199.6,201.56,199.0,199.84,1345569.0
CASTROLIND,2025-09-12,199.94,200.95,197.02,197.34,1810732.0
CASTROLIND,2025-09-15,198.0,200.1,197.4,199.46,1516364.0
CASTROLIND,2025-09-16,199.9,204.09,198.5,202.9,3038052.0
CASTROLIND,2025-09-17,204.5,210.75,204.0,205.01,3760776.0
CASTROLIND,2025-09-18,206.0,206.0,202.9,203.5,1092314.0
CASTROLIND,2025-09-19,202.76,203.9,202.26,202.61,907218.0
CASTROLIND,2025-09-22,202.7,205.33,201.77,202.79,1481029.0
CASTROLIND,2025-09-23,202.77,204.9,202.01,203.17,1021736.0
CASTROLIND,2025-09-24,203.18,203.75,200.54,202.74,1050643.0
CASTROLIND,2025-09-25,202.74,202.74,200.0,200.26,601390.0
CASTROLIND,2025-09-26,200.0,200.25,195.41,195.68,1124619.0
CASTROLIND,2025-09-29,196.0,198.7,195.1,195.57,1184349.0
CASTROLIND,2025-09-30,196.7,200.0,196.45,199.64,1014781.0
CASTROLIND,2025-10-01,200.1,202.5,197.75,201.03,1887376.0
CASTROLIND,2025-10-03,201.5,203.1,200.61,202.65,878565.0
CASTROLIND,2025-10-06,203.0,203.34,201.4,202.86,863246.0
CASTROLIND,2025-10-07,202.86,203.49,201.39,202.28,941590.0
CASTROLIND,2025-10-08,202.28,203.75,200.0,200.65,1184544.0
CASTROLIND,2025-10-09,200.7,202.24,199.13,199.83,1104895.0
CASTROLIND,2025-10-10,199.8,201.82,199.38,200.51,1145617.0
CASTROLIND,2025-10-13,199.9,201.29,199.12,199.99,929252.0
CASTROLIND,2025-10-14,200.0,200.64,198.02,198.53,771818.0
CASTROLIND,2025-10-15,199.0,207.2,198.81,203.9,3345221.0
CASTROLIND,2025-10-16,205.0,205.29,199.7,199.91,1396825.0
CASTROLIND,2025-10-17,200.0,200.4,197.8,198.96,1004025.0
CASTROLIND,2025-10-20,200.0,201.02,198.51,200.06,870631.0
CASTROLIND,2025-10-21,200.2,201.6,200.2,200.46,209545.0
CASTROLIND,2025-10-23,201.38,201.39,199.55,200.3,564208.0
CASTROLIND,2025-10-24,200.3,200.63,198.66,199.49,810550.0
CASTROLIND,2025-10-27,200.8,200.8,197.32,197.69,1059578.0
CASTROLIND,2025-10-28,198.68,199.26,197.71,198.07,696061.0
CASTROLIND,2025-10-29,198.49,198.99,196.6,197.9,1390471.0
CASTROLIND,2025-10-30,197.89,198.54,195.88,196.23,1299470.0
CASTROLIND,2025-10-31,196.44,197.3,194.77,195.01,1176926.0
CASTROLIND,2025-11-03,195.01,196.55,193.33,196.21,1147536.0
CASTROLIND,2025-11-04,196.0,197.5,193.24,193.71,2875251.0
CASTROLIND,2025-11-06,194.3,194.49,190.0,190.36,1631177.0
CASTROLIND,2025-11-07,190.0,191.9,188.0,191.1,1302338.0
CASTROLIND,2025-11-10,191.0,192.31,190.52,191.12,759672.0
CASTROLIND,2025-11-11,191.5,192.0,189.55,191.57,990820.0
CASTROLIND,2025-11-12,191.5,192.4,189.95,190.21,1545460.0
CASTROLIND,2025-11-13,190.21,194.84,190.21,192.25,1836360.0
CASTROLIND,2025-11-14,191.6,192.89,191.45,192.5,625514.0
CASTROLIND,2025-11-17,192.5,194.23,192.26,193.47,944308.0
CASTROLIND,2025-11-18,193.02,193.45,191.07,191.23,840921.0
CASTROLIND,2025-11-19,191.18,191.66,190.38,190.87,681592.0
CASTROLIND,2025-11-20,191.25,192.4,190.2,190.68,691357.0
CASTROLIND,2025-11-21,190.05,190.46,188.01,189.02,1249233.0
CASTROLIND,2025-11-24,188.7,195.0,188.2,194.01,2372635.0
CASTROLIND,2025-11-25,194.01,194.25,190.26,191.64,1153660.0
CASTROLIND,2025-11-26,191.65,192.82,190.33,192.0,817981.0
CASTROLIND,2025-11-27,191.5,193.0,190.75,191.27,691591.0
CASTROLIND,2025-11-28,190.74,192.5,189.66,192.25,982132.0
CASTROLIND,2025-12-01,193.0,193.4,190.7,191.13,915914.0
CASTROLIND,2025-12-02,191.13,192.51,189.9,191.5,921676.0
CASTROLIND,2025-12-03,191.79,193.95,190.51,192.0,1342220.0
CASTROLIND,2025-12-04,192.0,192.0,190.52,191.28,824820.0
CASTROLIND,2025-12-05,191.28,191.5,190.69,191.23,572695.0
CASTROLIND,2025-12-08,191.16,192.8,187.51,189.1,1300261.0
CASTROLIND,2025-12-09,187.6,190.0,185.21,188.71,1345969.0
CASTROLIND,2025-12-10,188.71,189.0,185.9,186.63,925754.0
CASTROLIND,2025-12-11,187.5,187.5,183.5,183.86,1370381.0
CASTROLIND,2025-12-12,184.41,184.55,183.65,183.98,834461.0
CASTROLIND,2025-12-15,183.3,184.27,182.06,183.63,890233.0
CASTROLIND,2025-12-16,183.63,183.63,181.95,182.66,808261.0
CASTROLIND,2025-12-17,182.9,184.02,182.01,182.86,877137.0
CASTROLIND,2025-12-18,182.86,184.24,181.28,183.34,790011.0
CASTROLIND,2025-12-19,183.52,183.6,181.7,182.82,888709.0
CASTROLIND,2025-12-22,183.1,185.0,182.41,183.94,1263592.0
CASTROLIND,2025-12-23,185.0,190.56,184.06,185.93,2824376.0
CASTROLIND,2025-12-24,185.93,202.4,183.81,189.39,46447634.0
CASTROLIND,2025-12-26,193.89,198.13,191.35,193.48,16924568.0
CASTROLIND,2025-12-29,192.6,193.45,189.01,190.18,5054408.0
CASTROLIND,2025-12-30,190.16,190.42,188.1,188.65,2094995.0
CASTROLIND,2025-12-31,189.64,194.25,187.94,192.55,4479975.0
CASTROLIND,2026-01-01,193.3,193.45,190.01,190.79,1116643.0
CASTROLIND,2026-01-02,191.0,194.24,190.1,191.5,2680126.0
CASTROLIND,2026-01-05,193.35,195.73,191.3,191.64,1937214.0
CASTROLIND,2026-01-06,192.0,192.0,189.8,190.39,1366909.0
CASTROLIND,2026-01-07,190.01,190.83,188.49,190.12,1638920.0
CASTROLIND,2026-01-08,190.13,190.81,188.5,188.72,2080464.0
CASTROLIND,2026-01-09,188.72,190.38,187.14,188.65,1699403.0
CASTROLIND,2026-01-12,188.93,189.4,185.5,187.17,3302774.0
CASTROLIND,2026-01-13,187.52,187.98,186.9,187.47,1012946.0
CASTROLIND,2026-01-14,187.47,188.7,186.94,187.57,1021528.0
CASTROLIND,2026-01-16,187.57,187.65,185.11,185.28,2525284.0
CASTROLIND,2026-01-19,185.18,185.4,183.1,183.76,2481135.0
CASTROLIND,2026-01-20,183.8,183.94,182.66,182.75,2993156.0
CASTROLIND,2026-01-21,182.8,186.45,180.66,185.8,4252638.0
CASTROLIND,2026-01-22,186.49,187.1,184.99,186.04,1938104.0
CASTROLIND,2026-01-23,186.5,186.5,183.1,183.68,1082808.0
CASTROLIND,2026-01-27,184.0,184.9,182.0,183.38,1594944.0
CASTROLIND,2026-01-28,184.49,186.39,183.52,185.3,1476317.0
CASTROLIND,2026-01-29,185.8,185.99,183.96,184.57,1427789.0
CASTROLIND,2026-01-30,184.63,185.27,183.11,184.15,1213892.0
CASTROLIND,2026-02-01,184.01,185.0,182.55,182.81,814705.0
CASTROLIND,2026-02-02,182.5,185.76,182.02,185.11,1553763.0
CASTROLIND,2026-02-03,187.0,187.94,184.38,184.8,2540664.0
CASTROLIND,2026-02-04,185.05,189.65,183.64,187.39,6298856.0
CASTROLIND,2026-02-05,187.05,187.1,184.9,185.61,2570246.0
CASTROLIND,2026-02-06,185.61,186.47,184.1,185.23,2745718.0
CASTROLIND,2026-02-09,185.55,189.6,185.55,189.05,2990451.0
CASTROLIND,2026-02-10,189.5,189.5,187.1,187.83,1502958.0
CASTROLIND,2026-02-11,188.0,188.1,185.05,186.88,1875117.0
CASTROLIND,2026-02-12,186.88,187.9,185.51,186.71,1487736.0
CASTROLIND,2026-02-13,186.01,186.99,185.0,185.2,1622832.0
CASTROLIND,2026-02-16,185.2,186.88,185.1,186.29,891106.0
CASTROLIND,2026-02-17,186.9,187.98,186.42,187.72,878739.0
CASTROLIND,2026-02-18,188.0,188.99,187.72,188.24,1119865.0
CASTROLIND,2026-02-19,188.24,190.1,187.5,187.65,2122989.0
CASTROLIND,2026-02-20,188.0,188.68,186.31,187.74,1059246.0
CASTROLIND,2026-02-23,187.74,188.38,186.8,187.3,960996.0
CASTROLIND,2026-02-24,187.3,187.4,186.05,186.94,1100461.0
CASTROLIND,2026-02-25,187.13,187.74,186.25,186.83,996108.0
CASTROLIND,2026-02-26,187.0,188.23,186.85,187.65,966283.0
CASTROLIND,2026-02-27,187.9,188.85,186.5,186.91,981088.0
CASTROLIND,2026-03-02,185.2,186.94,184.1,185.82,2091159.0
CASTROLIND,2026-03-04,185.1,185.75,184.5,185.17,1820623.0
CASTROLIND,2026-03-05,185.5,187.18,185.5,186.48,1272727.0
CASTROLIND,2026-03-06,186.0,187.77,186.0,186.82,1145757.0
CASTROLIND,2026-03-09,185.6,186.48,184.5,185.46,1891984.0
CASTROLIND,2026-03-10,186.8,186.87,185.5,185.96,1320549.0
CASTROLIND,2026-03-11,186.75,186.75,185.68,185.79,952210.0
CASTROLIND,2026-03-12,186.1,186.29,185.0,185.59,1465064.0
CASTROLIND,2026-03-13,185.4,186.61,185.4,186.22,2156127.0
CASTROLIND,2026-03-16,186.22,186.6,185.05,186.34,2607795.0
CASTROLIND,2026-03-17,187.1,187.1,185.5,186.48,1297171.0
CASTROLIND,2026-03-18,186.99,187.45,186.21,187.21,2314352.0
CASTROLIND,2026-03-19,186.5,188.06,186.1,186.75,2847636.0
CASTROLIND,2026-03-20,187.75,188.5,186.25,187.34,4664754.0
CASTROLIND,2026-03-23,182.5,183.7,177.1,177.29,3759032.0
CASTROLIND,2026-03-24,178.01,179.09,170.1,173.78,5430058.0
CASTROLIND,2026-03-25,175.0,178.61,173.78,178.04,1948013.0
CASTROLIND,2026-03-27,178.04,178.2,175.0,175.08,2157681.0
CASTROLIND,2026-03-30,174.99,175.21,173.3,173.52,2330191.0
CASTROLIND,2026-04-01,176.1,178.4,174.9,176.32,1568599.0
CASTROLIND,2026-04-02,174.97,178.4,173.52,177.92,1160615.0
CASTROLIND,2026-04-06,177.92,179.55,175.79,179.14,989066.0
CASTROLIND,2026-04-07,178.26,179.0,176.94,178.45,645351.0
CASTROLIND,2026-04-08,180.5,182.3,179.0,179.25,2156614.0
CASTROLIND,2026-04-09,179.25,181.05,178.2,179.42,1737421.0
CASTROLIND,2026-04-10,180.6,180.7,178.65,179.42,1308423.0
CASTROLIND,2026-04-13,178.0,179.79,176.11,178.57,1150509.0
CASTROLIND,2026-04-15,180.0,181.0,179.25,180.01,1337282.0
CASTROLIND,2026-04-16,180.74,180.95,178.0,180.58,1622721.0
CASTROLIND,2026-04-17,180.9,183.4,180.35,182.27,1705913.0
CASTROLIND,2026-04-20,182.29,184.0,181.0,182.17,1519493.0
CASTROLIND,2026-04-21,182.2,183.0,180.93,182.4,1199677.0
CASTROLIND,2026-04-22,182.4,184.14,180.92,183.34,1784986.0
CASTROLIND,2026-04-23,183.34,185.76,182.51,183.85,2480767.0
CASTROLIND,2026-04-24,183.95,185.21,182.5,182.79,943394.0
CASTROLIND,2026-04-27,182.79,185.0,182.41,184.51,1159841.0
CASTROLIND,2026-04-28,184.5,185.1,182.82,183.81,2809325.0
CASTROLIND,2026-04-29,183.81,185.3,182.85,184.64,1679259.0
CASTROLIND,2026-04-30,184.0,185.39,182.85,184.82,1555390.0
CASTROLIND,2026-05-04,185.19,188.2,184.21,185.79,1872381.0
CASTROLIND,2026-05-05,186.55,186.55,183.85,184.76,1069901.0
CASTROLIND,2026-05-06,185.89,186.8,184.88,186.05,1367910.0
CASTROLIND,2026-05-07,186.99,187.0,185.0,185.52,1447315.0
CASTROLIND,2026-05-08,185.0,186.9,184.6,184.88,2051302.0
CASTROLIND,2026-05-11,184.88,185.29,182.51,182.75,1835186.0
CASTROLIND,2026-05-12,182.5,183.2,181.11,181.3,1484763.0
CASTROLIND,2026-05-13,181.0,182.29,180.8,181.55,982840.0
CASTROLIND,2026-05-14,182.4,182.89,181.23,181.78,662070.0
CASTROLIND,2026-05-15,181.78,182.98,181.3,181.44,535932.0
CASTROLIND,2026-05-18,180.55,182.72,180.5,182.22,1001515.0
CASTROLIND,2026-05-19,182.22,183.3,181.93,183.02,541535.0
CASTROLIND,2026-05-20,182.01,183.0,181.96,182.32,836590.0
CASTROLIND,2026-05-21,182.34,183.49,182.16,182.24,524532.0
CASTROLIND,2026-05-22,182.9,182.9,182.0,182.08,498340.0
CASTROLIND,2026-05-25,182.5,183.33,182.08,182.75,523846.0
CASTROLIND,2026-05-26,182.65,185.85,182.27,184.02,1060367.0
CEATLTD,2025-05-21,3838.0,4044.0,3811.0,3830.8,372485.0
CEATLTD,2025-05-22,3835.0,3881.2,3814.0,3832.2,90876.0
CEATLTD,2025-05-23,3824.0,3857.8,3760.8,3787.2,77033.0
CEATLTD,2025-05-26,3800.0,3827.1,3720.0,3736.1,97541.0
CEATLTD,2025-05-27,3760.0,3798.6,3706.2,3736.8,72004.0
CEATLTD,2025-05-28,3736.7,3835.4,3726.1,3738.9,122339.0
CEATLTD,2025-05-29,3772.0,3776.8,3702.0,3728.1,50042.0
CEATLTD,2025-05-30,3746.6,3838.4,3738.0,3778.7,139133.0
CEATLTD,2025-06-02,3800.0,3822.7,3727.0,3740.6,61390.0
CEATLTD,2025-06-03,3732.1,3754.9,3605.0,3653.4,228571.0
CEATLTD,2025-06-04,3677.1,3720.0,3606.0,3620.8,116694.0
CEATLTD,2025-06-05,3621.0,3749.0,3620.8,3708.3,151275.0
CEATLTD,2025-06-06,3730.0,3820.0,3674.9,3798.9,151724.0
CEATLTD,2025-06-09,3800.0,3837.8,3752.5,3797.8,109825.0
CEATLTD,2025-06-10,3788.0,3896.0,3720.0,3851.9,195737.0
CEATLTD,2025-06-11,3855.9,3880.0,3820.0,3849.4,68000.0
CEATLTD,2025-06-12,3840.0,3875.0,3749.0,3755.3,76687.0
CEATLTD,2025-06-13,3705.3,3795.5,3675.7,3708.8,138237.0
CEATLTD,2025-06-16,3710.0,3724.9,3630.0,3638.8,69698.0
CEATLTD,2025-06-17,3663.0,3663.0,3582.2,3594.0,64185.0
CEATLTD,2025-06-18,3590.0,3675.6,3584.2,3607.2,70010.0
CEATLTD,2025-06-19,3610.0,3631.1,3529.3,3554.6,54724.0
CEATLTD,2025-06-20,3555.0,3577.9,3511.3,3529.7,53392.0
CEATLTD,2025-06-23,3511.0,3527.8,3454.1,3501.4,98301.0
CEATLTD,2025-06-24,3563.0,3580.0,3512.2,3558.7,75121.0
CEATLTD,2025-06-25,3560.0,3722.0,3560.0,3646.8,201834.0
CEATLTD,2025-06-26,3680.0,3687.8,3555.2,3570.9,108746.0
CEATLTD,2025-06-27,3580.0,3689.0,3580.0,3645.3,261950.0
CEATLTD,2025-06-30,3650.5,3689.3,3615.0,3684.0,81713.0
CEATLTD,2025-07-01,3686.5,3733.5,3645.0,3655.5,134055.0
CEATLTD,2025-07-02,3656.0,3755.0,3608.1,3685.0,202951.0
CEATLTD,2025-07-03,3688.8,3724.0,3655.1,3682.6,86087.0
CEATLTD,2025-07-04,3710.0,3710.0,3600.0,3609.8,73575.0
CEATLTD,2025-07-07,3609.8,3695.0,3596.3,3655.5,95883.0
CEATLTD,2025-07-08,3655.0,3868.0,3647.8,3818.1,644535.0
CEATLTD,2025-07-09,3819.2,3880.0,3765.1,3863.4,186804.0
CEATLTD,2025-07-10,3868.9,3879.0,3785.0,3795.0,112482.0
CEATLTD,2025-07-11,3795.9,3829.5,3707.8,3723.5,76272.0
CEATLTD,2025-07-14,3730.0,3925.0,3729.1,3908.5,369069.0
CEATLTD,2025-07-15,3950.0,4044.0,3852.0,3888.5,314210.0
CEATLTD,2025-07-16,3870.1,3948.0,3854.0,3876.1,234754.0
CEATLTD,2025-07-17,3908.1,3945.0,3829.0,3855.0,151028.0
CEATLTD,2025-07-18,3845.0,3849.7,3758.0,3827.3,153404.0
CEATLTD,2025-07-21,3750.0,3750.0,3524.1,3600.9,619957.0
CEATLTD,2025-07-22,3622.0,3625.9,3474.0,3493.4,266845.0
CEATLTD,2025-07-23,3511.0,3522.5,3468.0,3487.2,120243.0
CEATLTD,2025-07-24,3501.9,3504.8,3330.6,3346.5,329531.0
CEATLTD,2025-07-25,3355.0,3411.0,3318.0,3377.7,267183.0
CEATLTD,2025-07-28,3372.2,3377.7,3272.9,3323.3,149978.0
CEATLTD,2025-07-29,3316.9,3360.0,3281.6,3352.8,79424.0
CEATLTD,2025-07-30,3375.0,3439.7,3301.1,3398.4,272324.0
CEATLTD,2025-07-31,3340.0,3419.5,3303.0,3313.3,110763.0
CEATLTD,2025-08-01,3310.0,3334.0,3220.0,3229.7,55695.0
CEATLTD,2025-08-04,3172.4,3258.9,3131.2,3245.8,137591.0
CEATLTD,2025-08-05,3258.0,3268.4,3167.8,3182.8,223310.0
CEATLTD,2025-08-06,3189.6,3244.0,3169.6,3224.1,85732.0
CEATLTD,2025-08-07,3215.0,3216.0,3170.2,3209.9,70886.0
CEATLTD,2025-08-08,3186.0,3209.9,3140.0,3161.2,48456.0
CEATLTD,2025-08-11,3153.3,3160.0,3105.0,3119.8,53199.0
CEATLTD,2025-08-12,3122.0,3155.0,3093.3,3117.3,75459.0
CEATLTD,2025-08-13,3145.9,3175.0,3121.0,3158.5,43065.0
CEATLTD,2025-08-14,3185.0,3185.0,3081.7,3091.5,48311.0
CEATLTD,2025-08-18,3149.9,3325.0,3110.0,3232.4,290871.0
CEATLTD,2025-08-19,3257.4,3270.0,3196.8,3211.7,78148.0
CEATLTD,2025-08-20,3240.0,3240.0,3190.3,3197.1,46449.0
CEATLTD,2025-08-21,3228.0,3237.8,3165.6,3182.4,99293.0
CEATLTD,2025-08-22,3182.4,3215.0,3175.0,3184.5,48005.0
CEATLTD,2025-08-25,3218.0,3269.3,3173.0,3214.6,135224.0
CEATLTD,2025-08-26,3216.0,3220.4,3000.5,3039.3,222014.0
CEATLTD,2025-08-28,3055.0,3149.0,3035.0,3112.2,152719.0
CEATLTD,2025-08-29,3100.6,3146.4,3075.7,3132.2,75069.0
CEATLTD,2025-09-01,3137.0,3212.0,3125.4,3203.3,56159.0
CEATLTD,2025-09-02,3219.7,3394.8,3219.3,3376.0,415820.0
CEATLTD,2025-09-03,3376.0,3379.5,3282.0,3319.0,165873.0
CEATLTD,2025-09-04,3452.0,3459.1,3321.2,3344.3,287360.0
CEATLTD,2025-09-05,3368.6,3368.6,3303.2,3350.7,54783.0
CEATLTD,2025-09-08,3409.9,3417.4,3355.0,3384.5,86579.0
CEATLTD,2025-09-09,3399.9,3399.9,3342.0,3376.7,44851.0
CEATLTD,2025-09-10,3398.5,3398.5,3350.1,3378.4,43221.0
CEATLTD,2025-09-11,3378.0,3378.0,3295.0,3305.4,66964.0
CEATLTD,2025-09-12,3305.4,3328.0,3273.2,3280.4,61574.0
CEATLTD,2025-09-15,3304.7,3364.0,3285.0,3345.0,65988.0
CEATLTD,2025-09-16,3340.1,3456.0,3317.0,3445.9,177007.0
CEATLTD,2025-09-17,3445.0,3500.0,3416.0,3430.1,132613.0
CEATLTD,2025-09-18,3431.9,3450.0,3409.7,3440.6,45869.0
CEATLTD,2025-09-19,3440.6,3452.6,3375.0,3396.2,121280.0
CEATLTD,2025-09-22,3399.0,3487.0,3386.2,3470.6,150104.0
CEATLTD,2025-09-23,3499.8,3585.0,3461.1,3474.6,243917.0
CEATLTD,2025-09-24,3474.6,3509.3,3428.0,3454.9,69309.0
CEATLTD,2025-09-25,3435.2,3482.0,3412.0,3453.0,86138.0
CEATLTD,2025-09-26,3449.0,3449.0,3370.0,3399.5,61157.0
CEATLTD,2025-09-29,3408.0,3420.4,3340.1,3354.0,62131.0
CEATLTD,2025-09-30,3376.5,3450.0,3353.6,3383.4,94149.0
CEATLTD,2025-10-01,3384.7,3495.0,3363.6,3488.4,118470.0
CEATLTD,2025-10-03,3479.1,3519.7,3467.3,3511.1,58026.0
CEATLTD,2025-10-06,3511.1,3511.1,3435.0,3470.2,66612.0
CEATLTD,2025-10-07,3470.0,3489.7,3447.5,3470.8,51783.0
CEATLTD,2025-10-08,3460.0,3560.0,3425.8,3506.6,116808.0
CEATLTD,2025-10-09,3499.3,3521.9,3472.0,3503.6,32837.0
CEATLTD,2025-10-10,3503.9,3568.0,3503.9,3539.9,87414.0
CEATLTD,2025-10-13,3537.0,3590.0,3501.0,3578.6,154660.0
CEATLTD,2025-10-14,3599.0,3604.0,3455.0,3473.1,103881.0
CEATLTD,2025-10-15,3473.1,3569.0,3445.5,3555.3,86889.0
CEATLTD,2025-10-16,3580.0,3722.0,3555.5,3699.0,256624.0
CEATLTD,2025-10-17,3710.0,3775.0,3655.9,3732.4,507244.0
CEATLTD,2025-10-20,3758.0,4255.0,3728.7,4203.9,4416756.0
CEATLTD,2025-10-21,4179.1,4350.6,4122.9,4289.7,974786.0
CEATLTD,2025-10-23,4250.1,4438.0,4236.0,4302.7,1520402.0
CEATLTD,2025-10-24,4262.5,4299.0,4111.7,4140.9,508539.0
CEATLTD,2025-10-27,4141.0,4215.7,4019.9,4052.6,373358.0
CEATLTD,2025-10-28,4103.9,4148.6,4051.8,4079.2,335746.0
CEATLTD,2025-10-29,4109.0,4109.9,3940.0,4014.8,188608.0
CEATLTD,2025-10-30,4034.0,4165.0,4004.8,4104.1,347632.0
CEATLTD,2025-10-31,4105.8,4153.8,4013.5,4032.7,276048.0
CEATLTD,2025-11-03,4056.0,4132.0,4021.0,4028.7,131244.0
CEATLTD,2025-11-04,4051.9,4199.0,3979.6,4003.4,394953.0
CEATLTD,2025-11-06,4008.0,4055.6,3942.0,3970.6,145835.0
CEATLTD,2025-11-07,3955.1,4060.0,3903.5,4026.0,145749.0
CEATLTD,2025-11-10,4036.0,4136.0,4010.0,4114.8,196621.0
CEATLTD,2025-11-11,4114.8,4149.0,4059.0,4087.3,78952.0
CEATLTD,2025-11-12,4128.0,4128.1,4018.0,4071.0,109062.0
CEATLTD,2025-11-13,4090.0,4148.3,3967.6,4005.1,167942.0
CEATLTD,2025-11-14,4024.0,4074.2,3965.1,3986.4,125679.0
CEATLTD,2025-11-17,4022.9,4095.0,3995.9,4019.9,105749.0
CEATLTD,2025-11-18,4057.7,4058.6,3854.9,3885.6,132412.0
CEATLTD,2025-11-19,3895.8,3938.0,3876.5,3894.6,93284.0
CEATLTD,2025-11-20,3895.0,3928.0,3863.4,3877.5,66586.0
CEATLTD,2025-11-21,3877.5,3943.2,3856.1,3877.8,82649.0
CEATLTD,2025-11-24,3887.1,3919.9,3783.6,3813.0,121155.0
CEATLTD,2025-11-25,3813.5,3885.0,3813.5,3872.9,82136.0
CEATLTD,2025-11-26,3899.0,3899.0,3856.9,3888.2,53261.0
CEATLTD,2025-11-27,3894.0,3909.8,3855.0,3869.6,55597.0
CEATLTD,2025-11-28,3868.9,3898.8,3840.0,3847.0,44467.0
CEATLTD,2025-12-01,3859.9,3940.0,3831.3,3840.6,84055.0
CEATLTD,2025-12-02,3841.0,3924.0,3837.2,3909.0,99853.0
CEATLTD,2025-12-03,3932.9,3995.0,3861.0,3982.7,305998.0
CEATLTD,2025-12-04,3965.0,3975.3,3862.2,3888.7,111734.0
CEATLTD,2025-12-05,3888.7,3925.0,3863.1,3906.9,65559.0
CEATLTD,2025-12-08,3919.6,3934.9,3811.9,3833.0,63754.0
CEATLTD,2025-12-09,3839.9,3867.4,3709.3,3849.4,97343.0
CEATLTD,2025-12-10,3816.1,3874.6,3785.0,3799.7,49143.0
CEATLTD,2025-12-11,3806.0,3816.9,3743.1,3771.2,48844.0
CEATLTD,2025-12-12,3809.2,3811.1,3716.5,3730.5,60506.0
CEATLTD,2025-12-15,3750.0,3834.5,3704.0,3823.5,101084.0
CEATLTD,2025-12-16,3825.9,3859.8,3758.0,3776.4,59749.0
CEATLTD,2025-12-17,3776.4,3795.6,3710.1,3720.1,38894.0
CEATLTD,2025-12-18,3720.0,3753.7,3655.2,3743.3,57468.0
CEATLTD,2025-12-19,3739.7,3966.0,3731.0,3931.7,416926.0
CEATLTD,2025-12-22,3933.1,3960.0,3858.3,3932.8,124935.0
CEATLTD,2025-12-23,3931.6,3954.6,3872.4,3903.2,136179.0
CEATLTD,2025-12-24,3926.0,3926.0,3860.0,3878.0,48066.0
CEATLTD,2025-12-26,3875.0,3894.7,3825.5,3857.8,57903.0
CEATLTD,2025-12-29,3857.8,3879.9,3803.4,3824.2,46628.0
CEATLTD,2025-12-30,3824.2,3833.6,3623.2,3703.5,293052.0
CEATLTD,2025-12-31,3725.8,3828.0,3712.5,3812.6,75723.0
CEATLTD,2026-01-01,3820.0,3839.0,3755.0,3774.7,61940.0
CEATLTD,2026-01-02,3782.6,3900.0,3774.0,3887.2,96298.0
CEATLTD,2026-01-05,3877.1,3885.0,3800.0,3806.3,61820.0
CEATLTD,2026-01-06,3811.9,3815.4,3722.5,3766.1,113996.0
CEATLTD,2026-01-07,3766.1,3800.0,3735.0,3783.6,123036.0
CEATLTD,2026-01-08,3785.8,3970.0,3781.7,3850.6,414776.0
CEATLTD,2026-01-09,3840.0,3873.9,3715.1,3728.6,111390.0
CEATLTD,2026-01-12,3728.6,3776.3,3670.0,3767.0,102450.0
CEATLTD,2026-01-13,3767.0,3864.0,3763.0,3852.1,127151.0
CEATLTD,2026-01-14,3852.1,3893.2,3805.8,3829.2,83930.0
CEATLTD,2026-01-16,3845.0,3850.0,3780.2,3793.4,80929.0
CEATLTD,2026-01-19,3775.0,3917.9,3771.3,3883.1,192478.0
CEATLTD,2026-01-20,3920.0,3980.0,3601.0,3711.6,661025.0
CEATLTD,2026-01-21,3720.0,3726.6,3500.8,3545.1,397613.0
CEATLTD,2026-01-22,3614.9,3773.0,3585.3,3738.8,310671.0
CEATLTD,2026-01-23,3756.2,3762.0,3687.1,3718.2,134863.0
CEATLTD,2026-01-27,3708.0,3747.0,3661.0,3699.6,78943.0
CEATLTD,2026-01-28,3710.0,3734.9,3660.0,3696.9,65608.0
CEATLTD,2026-01-29,3661.5,3701.9,3615.0,3639.6,71305.0
CEATLTD,2026-01-30,3634.0,3765.6,3607.8,3761.8,112793.0
CEATLTD,2026-02-01,3750.0,3808.0,3700.0,3726.5,51925.0
CEATLTD,2026-02-02,3699.2,3747.0,3651.0,3742.0,61431.0
CEATLTD,2026-02-03,3852.0,3897.0,3782.8,3880.7,152099.0
CEATLTD,2026-02-04,3880.7,3977.0,3850.8,3909.7,108133.0
CEATLTD,2026-02-05,3909.7,3938.6,3853.9,3878.1,34663.0
CEATLTD,2026-02-06,3877.1,3978.0,3851.5,3924.4,100262.0
CEATLTD,2026-02-09,3975.0,4039.9,3928.0,4015.6,289391.0
CEATLTD,2026-02-10,4049.0,4105.0,3987.1,4006.7,157441.0
CEATLTD,2026-02-11,4035.0,4128.3,4026.8,4065.6,225030.0
CEATLTD,2026-02-12,4065.6,4066.1,3972.0,3988.0,62838.0
CEATLTD,2026-02-13,3987.0,4044.2,3917.6,3965.3,217124.0
CEATLTD,2026-02-16,3964.0,3964.0,3840.5,3864.0,93025.0
CEATLTD,2026-02-17,3890.0,3928.9,3845.0,3881.2,73262.0
CEATLTD,2026-02-18,3914.8,3921.9,3865.6,3875.7,69507.0
CEATLTD,2026-02-19,3878.9,3919.5,3770.5,3804.1,50436.0
CEATLTD,2026-02-20,3800.0,3826.9,3763.0,3793.8,46988.0
CEATLTD,2026-02-23,3796.0,3833.0,3750.0,3770.1,54911.0
CEATLTD,2026-02-24,3770.0,3781.4,3680.3,3723.1,63274.0
CEATLTD,2026-02-25,3752.6,3822.0,3712.2,3749.7,97952.0
CEATLTD,2026-02-26,3749.6,3801.9,3671.1,3702.9,113147.0
CEATLTD,2026-02-27,3729.9,3729.9,3508.5,3531.4,192119.0
CEATLTD,2026-03-02,3132.8,3485.0,3132.8,3459.6,153595.0
CEATLTD,2026-03-04,3366.0,3420.0,3260.0,3281.7,145120.0
CEATLTD,2026-03-05,3338.7,3434.7,3293.9,3412.4,139642.0
CEATLTD,2026-03-06,3398.0,3488.8,3383.7,3457.8,111067.0
CEATLTD,2026-03-09,3362.2,3362.2,3254.0,3316.8,107865.0
CEATLTD,2026-03-10,3400.0,3433.0,3333.3,3405.1,97667.0
CEATLTD,2026-03-11,3416.1,3585.0,3390.6,3553.3,195821.0
CEATLTD,2026-03-12,3509.0,3899.0,3454.5,3806.5,530229.0
CEATLTD,2026-03-13,3745.0,3745.0,3453.5,3470.5,415432.0
CEATLTD,2026-03-16,3471.9,3540.0,3350.1,3412.0,281978.0
CEATLTD,2026-03-17,3440.0,3442.0,3386.0,3414.3,64850.0
CEATLTD,2026-03-18,3440.0,3575.0,3422.0,3555.4,120828.0
CEATLTD,2026-03-19,3457.2,3507.0,3457.2,3480.6,74652.0
CEATLTD,2026-03-20,3512.8,3559.0,3471.6,3537.5,87882.0
CEATLTD,2026-03-23,3477.9,3487.8,3360.0,3386.4,98765.0
CEATLTD,2026-03-24,3488.0,3488.0,3374.8,3451.7,75256.0
CEATLTD,2026-03-25,3492.0,3575.0,3465.3,3549.1,67145.0
CEATLTD,2026-03-27,3500.2,3533.0,3404.4,3462.9,101914.0
CEATLTD,2026-03-30,3432.4,3445.0,3230.0,3242.5,120969.0
CEATLTD,2026-04-01,3390.0,3400.0,3328.3,3385.8,64651.0
CEATLTD,2026-04-02,3326.0,3385.0,3266.0,3368.3,61380.0
CEATLTD,2026-04-06,3370.0,3380.0,3300.0,3347.1,88617.0
CEATLTD,2026-04-07,3345.5,3405.3,3302.5,3393.0,114646.0
CEATLTD,2026-04-08,3581.7,3618.1,3511.0,3541.8,113475.0
CEATLTD,2026-04-09,3540.0,3584.9,3476.4,3544.0,114108.0
CEATLTD,2026-04-10,3565.4,3662.0,3550.0,3637.6,98830.0
CEATLTD,2026-04-13,3517.8,3614.2,3514.3,3575.1,78237.0
CEATLTD,2026-04-15,3699.0,3710.2,3617.0,3625.3,73731.0
CEATLTD,2026-04-16,3662.0,3720.0,3611.1,3697.5,98983.0
CEATLTD,2026-04-17,3699.0,3789.0,3671.0,3716.1,89165.0
CEATLTD,2026-04-20,3718.9,3820.0,3675.6,3799.4,141541.0
CEATLTD,2026-04-21,3837.4,3879.0,3789.0,3800.5,79905.0
CEATLTD,2026-04-22,3790.0,3848.7,3774.0,3788.7,79889.0
CEATLTD,2026-04-23,3779.9,3779.9,3700.6,3706.6,37390.0
CEATLTD,2026-04-24,3706.1,3706.3,3465.0,3476.2,148997.0
CEATLTD,2026-04-27,3489.9,3577.9,3480.2,3535.2,96378.0
CEATLTD,2026-04-28,3570.0,3596.7,3484.8,3516.7,177088.0
CEATLTD,2026-04-29,3810.0,3949.9,3601.1,3625.1,2336229.0
CEATLTD,2026-04-30,3531.9,3603.5,3432.1,3445.2,432361.0
CEATLTD,2026-05-04,3474.5,3477.0,3280.7,3305.1,479779.0
CEATLTD,2026-05-05,3303.0,3327.9,3250.0,3260.0,199471.0
CEATLTD,2026-05-06,3290.0,3375.0,3274.0,3357.3,444561.0
CEATLTD,2026-05-07,3372.0,3399.0,3345.5,3357.7,197044.0
CEATLTD,2026-05-08,3360.0,3367.6,3315.0,3323.8,196738.0
CEATLTD,2026-05-11,3310.0,3310.0,3255.0,3270.6,192056.0
CEATLTD,2026-05-12,3280.0,3287.7,3134.8,3142.8,173636.0
CEATLTD,2026-05-13,3143.4,3229.9,3143.1,3202.8,145777.0
CEATLTD,2026-05-14,3242.0,3284.9,3220.0,3273.0,110035.0
CEATLTD,2026-05-15,3289.5,3289.5,3200.0,3212.2,159285.0
CEATLTD,2026-05-18,3217.3,3217.3,3105.0,3130.5,154243.0
CEATLTD,2026-05-19,3174.0,3175.0,3131.0,3162.3,77664.0
CEATLTD,2026-05-20,3160.0,3175.0,3093.6,3167.4,83794.0
CEATLTD,2026-05-21,3200.0,3228.1,3160.0,3180.4,87513.0
CEATLTD,2026-05-22,3200.0,3278.8,3158.0,3256.6,137504.0
CEATLTD,2026-05-25,3315.3,3360.0,3289.1,3331.3,157605.0
CEATLTD,2026-05-26,3330.0,3369.7,3290.0,3298.1,112913.0
CHOLAFIN,2025-05-21,1609.9,1661.0,1603.2,1656.0,2599619.0
CHOLAFIN,2025-05-22,1652.5,1656.9,1616.8,1626.9,1163741.0
CHOLAFIN,2025-05-23,1622.0,1634.8,1604.0,1628.0,648628.0
CHOLAFIN,2025-05-26,1628.0,1648.5,1619.7,1644.8,537043.0
CHOLAFIN,2025-05-27,1645.2,1670.0,1638.4,1665.2,1146178.0
CHOLAFIN,2025-05-28,1670.0,1684.4,1642.7,1647.0,982297.0
CHOLAFIN,2025-05-29,1649.9,1653.8,1601.5,1607.8,1535436.0
CHOLAFIN,2025-05-30,1608.0,1615.3,1593.0,1601.0,1453818.0
CHOLAFIN,2025-06-02,1570.0,1590.0,1548.1,1581.0,2123000.0
CHOLAFIN,2025-06-03,1588.0,1603.2,1562.1,1566.3,860899.0
CHOLAFIN,2025-06-04,1554.7,1554.7,1494.4,1512.7,4168598.0
CHOLAFIN,2025-06-05,1522.0,1524.7,1502.0,1511.6,2623833.0
CHOLAFIN,2025-06-06,1519.0,1623.7,1497.2,1593.2,6915310.0
CHOLAFIN,2025-06-09,1620.0,1653.0,1604.0,1644.6,2938014.0
CHOLAFIN,2025-06-10,1660.0,1660.0,1612.4,1637.7,1392757.0
CHOLAFIN,2025-06-11,1629.0,1642.3,1594.4,1608.2,1851871.0
CHOLAFIN,2025-06-12,1608.3,1634.9,1578.0,1581.7,1483626.0
CHOLAFIN,2025-06-13,1551.0,1569.2,1540.5,1553.8,3191325.0
CHOLAFIN,2025-06-16,1555.0,1573.0,1549.0,1566.6,1213574.0
CHOLAFIN,2025-06-17,1571.0,1576.4,1542.0,1555.2,1189553.0
CHOLAFIN,2025-06-18,1552.0,1590.0,1550.5,1586.8,1561533.0
CHOLAFIN,2025-06-19,1584.8,1599.8,1535.3,1544.4,1062384.0
CHOLAFIN,2025-06-20,1544.4,1565.0,1538.0,1557.5,2149247.0
CHOLAFIN,2025-06-23,1549.8,1587.9,1543.2,1583.6,838061.0
CHOLAFIN,2025-06-24,1602.0,1614.5,1591.6,1598.5,1464575.0
CHOLAFIN,2025-06-25,1605.0,1613.3,1588.1,1608.8,1252727.0
CHOLAFIN,2025-06-26,1616.0,1630.9,1596.3,1627.0,1809115.0
CHOLAFIN,2025-06-27,1627.1,1666.6,1594.3,1654.1,5837341.0
CHOLAFIN,2025-06-30,1656.0,1658.2,1615.0,1628.0,1489109.0
CHOLAFIN,2025-07-01,1621.0,1627.9,1578.0,1599.8,2353507.0
CHOLAFIN,2025-07-02,1580.0,1605.4,1540.0,1554.6,2875195.0
CHOLAFIN,2025-07-03,1555.0,1567.9,1524.1,1527.1,4522465.0
CHOLAFIN,2025-07-04,1532.1,1545.5,1515.0,1526.7,1751430.0
CHOLAFIN,2025-07-07,1526.7,1535.2,1508.1,1514.3,2553187.0
CHOLAFIN,2025-07-08,1517.0,1526.0,1506.5,1521.7,2437495.0
CHOLAFIN,2025-07-09,1527.0,1570.0,1518.0,1563.1,2507920.0
CHOLAFIN,2025-07-10,1569.0,1576.0,1542.7,1546.8,1072022.0
CHOLAFIN,2025-07-11,1542.0,1546.6,1524.5,1532.5,1178845.0
CHOLAFIN,2025-07-14,1532.0,1532.0,1532.0,1532.0,95273.0
CHOLAFIN,2025-07-14,1533.0,1547.7,1520.5,1528.4,1189763.0
CHOLAFIN,2025-07-15,1542.7,1561.0,1519.0,1557.0,2169391.0
CHOLAFIN,2025-07-16,1539.4,1568.0,1489.6,1559.0,3694875.0
CHOLAFIN,2025-07-17,1563.0,1570.6,1550.0,1564.3,912552.0
CHOLAFIN,2025-07-18,1563.0,1571.4,1550.0,1554.6,1194869.0
CHOLAFIN,2025-07-21,1554.0,1578.6,1518.1,1573.8,1632384.0
CHOLAFIN,2025-07-22,1585.0,1587.8,1556.1,1565.4,731619.0
CHOLAFIN,2025-07-23,1550.0,1565.9,1546.1,1556.1,790498.0
CHOLAFIN,2025-07-24,1558.0,1564.1,1544.1,1551.4,2287825.0
CHOLAFIN,2025-07-25,1520.0,1520.0,1465.7,1503.8,4161435.0
CHOLAFIN,2025-07-28,1488.0,1506.4,1485.8,1490.3,1228097.0
CHOLAFIN,2025-07-29,1478.0,1502.8,1464.0,1484.8,1288099.0
CHOLAFIN,2025-07-30,1498.5,1499.0,1472.0,1478.1,738799.0
CHOLAFIN,2025-07-31,1465.0,1469.0,1426.7,1443.2,6484530.0
CHOLAFIN,2025-08-01,1442.5,1481.9,1404.0,1422.5,4717925.0
CHOLAFIN,2025-08-04,1422.8,1477.0,1422.8,1472.1,1765076.0
CHOLAFIN,2025-08-05,1475.4,1481.6,1456.5,1472.1,1537683.0
CHOLAFIN,2025-08-06,1472.0,1480.7,1438.9,1454.9,2136451.0
CHOLAFIN,2025-08-07,1440.0,1491.0,1440.0,1488.0,1097782.0
CHOLAFIN,2025-08-08,1493.9,1499.8,1450.0,1451.1,840293.0
CHOLAFIN,2025-08-11,1452.0,1493.6,1448.0,1483.0,842409.0
CHOLAFIN,2025-08-12,1485.0,1485.0,1445.5,1450.7,755391.0
CHOLAFIN,2025-08-13,1457.0,1474.7,1454.6,1460.5,672021.0
CHOLAFIN,2025-08-14,1459.1,1474.8,1449.2,1461.5,1612053.0
CHOLAFIN,2025-08-18,1500.0,1533.4,1495.8,1522.6,1354862.0
CHOLAFIN,2025-08-19,1522.6,1529.9,1503.0,1527.9,953552.0
CHOLAFIN,2025-08-20,1527.8,1536.3,1508.5,1522.9,1272429.0
CHOLAFIN,2025-08-21,1525.9,1527.7,1513.7,1518.3,728673.0
CHOLAFIN,2025-08-22,1515.0,1527.0,1511.3,1524.1,559123.0
CHOLAFIN,2025-08-25,1524.9,1530.0,1504.2,1509.4,701737.0
CHOLAFIN,2025-08-26,1510.6,1518.3,1470.1,1476.2,2035044.0
CHOLAFIN,2025-08-28,1464.2,1468.5,1435.9,1439.8,1548977.0
CHOLAFIN,2025-08-29,1439.8,1439.8,1439.8,1439.8,242876.0
CHOLAFIN,2025-08-29,1439.0,1452.3,1418.0,1420.7,871127.0
CHOLAFIN,2025-09-01,1419.4,1455.4,1412.3,1453.8,909205.0
CHOLAFIN,2025-09-02,1454.9,1458.5,1428.7,1431.4,1087452.0
CHOLAFIN,2025-09-02,1453.8,1453.8,1453.8,1453.8,670924.0
CHOLAFIN,2025-09-03,1432.9,1445.0,1424.2,1439.8,989265.0
CHOLAFIN,2025-09-04,1475.0,1486.7,1447.5,1461.2,1738436.0
CHOLAFIN,2025-09-05,1471.9,1495.7,1457.0,1490.9,1103269.0
CHOLAFIN,2025-09-05,1461.2,1461.2,1461.2,1461.2,642667.0
CHOLAFIN,2025-09-08,1498.8,1514.0,1481.7,1494.0,869279.0
CHOLAFIN,2025-09-09,1499.9,1524.7,1495.6,1507.1,854933.0
CHOLAFIN,2025-09-10,1507.1,1528.4,1507.0,1522.4,847153.0
CHOLAFIN,2025-09-11,1522.0,1530.2,1490.5,1495.7,1286327.0
CHOLAFIN,2025-09-12,1505.0,1520.0,1491.2,1512.3,466301.0
CHOLAFIN,2025-09-15,1510.7,1522.0,1505.1,1517.7,844483.0
CHOLAFIN,2025-09-16,1520.7,1588.2,1515.6,1583.1,3343241.0
CHOLAFIN,2025-09-17,1575.3,1589.9,1569.2,1573.4,1113217.0
CHOLAFIN,2025-09-18,1575.0,1592.9,1568.1,1586.6,1022359.0
CHOLAFIN,2025-09-19,1568.5,1601.3,1563.3,1590.9,2436924.0
CHOLAFIN,2025-09-22,1586.5,1644.2,1586.5,1630.0,2983892.0
CHOLAFIN,2025-09-23,1629.9,1643.7,1610.1,1623.8,1724892.0
CHOLAFIN,2025-09-24,1611.0,1640.0,1611.0,1630.2,1640747.0
CHOLAFIN,2025-09-25,1627.0,1634.2,1586.7,1592.8,1350066.0
CHOLAFIN,2025-09-26,1595.0,1595.0,1562.0,1569.9,1273246.0
CHOLAFIN,2025-09-29,1574.0,1597.9,1566.7,1591.7,1415978.0
CHOLAFIN,2025-09-30,1576.3,1624.0,1576.3,1610.8,2707464.0
CHOLAFIN,2025-10-01,1597.1,1619.5,1577.6,1605.3,2199531.0
CHOLAFIN,2025-10-03,1607.8,1607.8,1557.8,1570.9,1515769.0
CHOLAFIN,2025-10-06,1571.1,1665.0,1570.5,1634.1,1859040.0
CHOLAFIN,2025-10-07,1634.1,1640.0,1609.0,1631.6,1722326.0
CHOLAFIN,2025-10-08,1620.0,1629.9,1602.2,1607.3,885008.0
CHOLAFIN,2025-10-09,1607.5,1625.0,1596.4,1621.4,1404177.0
CHOLAFIN,2025-10-10,1623.9,1630.9,1609.7,1614.2,451903.0
CHOLAFIN,2025-10-13,1614.0,1652.6,1609.1,1647.2,1392973.0
CHOLAFIN,2025-10-14,1652.1,1673.0,1639.0,1645.7,1887000.0
CHOLAFIN,2025-10-15,1649.0,1708.0,1648.1,1698.4,2004535.0
CHOLAFIN,2025-10-16,1698.0,1700.1,1653.2,1668.1,3202080.0
CHOLAFIN,2025-10-17,1666.9,1677.5,1652.0,1654.3,654858.0
CHOLAFIN,2025-10-20,1661.0,1675.5,1654.0,1673.3,715202.0
CHOLAFIN,2025-10-21,1685.2,1686.8,1665.0,1670.3,132071.0
CHOLAFIN,2025-10-23,1676.6,1695.1,1672.9,1684.7,1348437.0
CHOLAFIN,2025-10-24,1685.0,1752.7,1678.1,1733.6,2128154.0
CHOLAFIN,2025-10-27,1747.2,1782.0,1722.6,1732.4,2981176.0
CHOLAFIN,2025-10-28,1732.4,1743.6,1711.0,1723.2,2017814.0
CHOLAFIN,2025-10-29,1720.0,1725.8,1686.1,1710.4,2012855.0
CHOLAFIN,2025-10-30,1719.9,1723.8,1700.0,1711.8,654163.0
CHOLAFIN,2025-10-31,1717.1,1725.2,1692.2,1696.8,1093387.0
CHOLAFIN,2025-11-03,1697.9,1747.4,1697.9,1718.5,1170459.0
CHOLAFIN,2025-11-04,1720.0,1777.0,1718.0,1745.9,1886397.0
CHOLAFIN,2025-11-06,1744.1,1751.2,1653.4,1683.4,2300974.0
CHOLAFIN,2025-11-07,1665.5,1715.0,1644.6,1703.9,2353603.0
CHOLAFIN,2025-11-10,1716.8,1759.0,1691.9,1754.4,1647003.0
CHOLAFIN,2025-11-11,1749.4,1750.0,1711.0,1741.8,1659318.0
CHOLAFIN,2025-11-12,1743.7,1757.0,1710.7,1718.8,1343153.0
CHOLAFIN,2025-11-13,1702.5,1719.5,1701.2,1710.6,831622.0
CHOLAFIN,2025-11-14,1710.6,1726.9,1705.1,1714.6,912397.0
CHOLAFIN,2025-11-17,1724.0,1724.0,1695.8,1699.7,888281.0
CHOLAFIN,2025-11-18,1709.0,1709.0,1678.6,1695.3,1069184.0
CHOLAFIN,2025-11-19,1699.6,1699.6,1670.0,1678.1,1108061.0
CHOLAFIN,2025-11-20,1687.3,1709.0,1670.2,1703.2,880665.0
CHOLAFIN,2025-11-21,1682.3,1705.4,1655.0,1659.7,1888141.0
CHOLAFIN,2025-11-24,1658.9,1698.7,1647.2,1651.7,2099027.0
CHOLAFIN,2025-11-25,1651.7,1689.5,1651.7,1685.4,1092627.0
CHOLAFIN,2025-11-26,1688.0,1725.8,1686.0,1712.9,908178.0
CHOLAFIN,2025-11-27,1712.9,1749.8,1710.6,1724.6,1544531.0
CHOLAFIN,2025-11-28,1722.0,1749.8,1714.2,1736.0,963424.0
CHOLAFIN,2025-12-01,1748.0,1749.0,1717.4,1724.9,1110164.0
CHOLAFIN,2025-12-02,1715.0,1739.5,1704.5,1711.6,638234.0
CHOLAFIN,2025-12-03,1701.0,1710.9,1662.3,1668.9,898959.0
CHOLAFIN,2025-12-04,1666.0,1678.8,1651.0,1675.7,1291711.0
CHOLAFIN,2025-12-05,1675.7,1734.8,1671.0,1730.4,1344984.0
CHOLAFIN,2025-12-08,1730.0,1759.8,1708.9,1724.4,1060177.0
CHOLAFIN,2025-12-09,1710.0,1735.2,1690.0,1731.2,1381604.0
CHOLAFIN,2025-12-10,1725.0,1757.4,1721.6,1744.0,1194602.0
CHOLAFIN,2025-12-11,1744.9,1745.9,1716.3,1719.4,1613630.0
CHOLAFIN,2025-12-12,1719.4,1740.4,1703.8,1735.6,2309890.0
CHOLAFIN,2025-12-15,1734.0,1740.1,1710.0,1733.7,1622531.0
CHOLAFIN,2025-12-16,1739.0,1739.4,1703.0,1715.4,504325.0
CHOLAFIN,2025-12-17,1710.0,1731.8,1667.1,1673.5,1133450.0
CHOLAFIN,2025-12-18,1678.8,1690.4,1661.1,1679.0,744184.0
CHOLAFIN,2025-12-19,1684.8,1694.3,1614.2,1648.1,2356435.0
CHOLAFIN,2025-12-22,1648.0,1648.1,1554.7,1584.9,5780153.0
CHOLAFIN,2025-12-23,1605.0,1713.4,1595.8,1678.5,7716481.0
CHOLAFIN,2025-12-24,1678.5,1708.1,1669.4,1697.8,1861216.0
CHOLAFIN,2025-12-26,1697.8,1712.4,1694.8,1698.0,1309836.0
CHOLAFIN,2025-12-29,1697.0,1700.7,1680.5,1698.8,1016727.0
CHOLAFIN,2025-12-30,1686.0,1715.9,1679.0,1701.5,3270983.0
CHOLAFIN,2025-12-31,1702.0,1712.8,1688.5,1702.2,707240.0
CHOLAFIN,2026-01-01,1707.1,1727.5,1698.7,1724.0,390859.0
CHOLAFIN,2026-01-02,1728.5,1789.1,1718.7,1781.1,1793036.0
CHOLAFIN,2026-01-05,1782.0,1785.0,1761.4,1772.4,716553.0
CHOLAFIN,2026-01-06,1775.0,1831.5,1775.0,1805.4,1783196.0
CHOLAFIN,2026-01-07,1809.8,1809.8,1778.1,1786.5,656441.0
CHOLAFIN,2026-01-08,1790.0,1790.0,1735.5,1754.0,1408255.0
CHOLAFIN,2026-01-09,1754.0,1763.3,1709.9,1717.1,1493038.0
CHOLAFIN,2026-01-12,1715.0,1730.9,1693.3,1710.8,2424388.0
CHOLAFIN,2026-01-13,1716.0,1726.7,1691.0,1701.1,1914112.0
CHOLAFIN,2026-01-14,1690.1,1714.7,1681.0,1689.5,2111292.0
CHOLAFIN,2026-01-16,1689.5,1707.9,1676.9,1699.2,2796464.0
CHOLAFIN,2026-01-19,1698.0,1726.2,1691.0,1700.4,1233939.0
CHOLAFIN,2026-01-20,1700.2,1702.3,1644.2,1649.9,1974356.0
CHOLAFIN,2026-01-21,1640.0,1660.5,1617.7,1627.8,1024168.0
CHOLAFIN,2026-01-22,1631.1,1669.6,1628.9,1664.0,1241584.0
CHOLAFIN,2026-01-23,1664.0,1667.0,1638.3,1643.2,1068908.0
CHOLAFIN,2026-01-27,1648.7,1666.4,1623.8,1639.7,1673143.0
CHOLAFIN,2026-01-28,1650.9,1653.0,1630.1,1636.8,1066301.0
CHOLAFIN,2026-01-29,1629.0,1658.8,1607.4,1648.9,2289696.0
CHOLAFIN,2026-01-30,1650.0,1669.5,1617.9,1631.6,1716319.0
CHOLAFIN,2026-02-01,1618.0,1649.0,1565.6,1579.5,674879.0
CHOLAFIN,2026-02-02,1570.9,1598.2,1527.0,1594.3,2789681.0
CHOLAFIN,2026-02-03,1689.8,1740.0,1674.4,1694.4,2972692.0
CHOLAFIN,2026-02-04,1694.4,1742.9,1666.7,1739.5,2366864.0
CHOLAFIN,2026-02-05,1740.0,1745.0,1717.1,1722.3,391219.0
CHOLAFIN,2026-02-06,1711.2,1748.0,1701.8,1742.2,1197294.0
CHOLAFIN,2026-02-09,1760.0,1776.7,1750.3,1770.2,1602785.0
CHOLAFIN,2026-02-10,1775.0,1776.7,1721.6,1726.2,1161279.0
CHOLAFIN,2026-02-11,1732.0,1736.2,1714.6,1723.0,321552.0
CHOLAFIN,2026-02-12,1718.0,1741.0,1699.0,1731.8,1316309.0
CHOLAFIN,2026-02-13,1727.3,1731.0,1703.0,1709.4,1544271.0
CHOLAFIN,2026-02-16,1692.0,1721.4,1683.8,1714.8,900028.0
CHOLAFIN,2026-02-17,1713.0,1737.6,1695.0,1732.1,324355.0
CHOLAFIN,2026-02-18,1730.0,1732.1,1709.6,1717.0,1254525.0
CHOLAFIN,2026-02-19,1725.2,1728.9,1671.7,1676.6,947586.0
CHOLAFIN,2026-02-20,1670.6,1686.0,1662.0,1669.6,643936.0
CHOLAFIN,2026-02-23,1677.5,1706.8,1672.7,1689.8,731931.0
CHOLAFIN,2026-02-24,1686.3,1740.0,1663.4,1735.1,2032442.0
CHOLAFIN,2026-02-25,1746.0,1757.0,1727.6,1754.5,779164.0
CHOLAFIN,2026-02-26,1754.9,1774.6,1628.0,1748.1,9382761.0
CHOLAFIN,2026-02-27,1740.0,1752.5,1722.4,1730.8,1844360.0
CHOLAFIN,2026-03-02,1661.0,1722.1,1661.0,1703.7,985503.0
CHOLAFIN,2026-03-04,1695.9,1695.9,1628.1,1653.6,1509341.0
CHOLAFIN,2026-03-05,1655.0,1690.4,1639.6,1669.0,2076383.0
CHOLAFIN,2026-03-06,1664.0,1674.6,1620.0,1626.3,1022219.0
CHOLAFIN,2026-03-09,1575.0,1589.4,1465.0,1583.0,1756873.0
CHOLAFIN,2026-03-10,1606.0,1632.9,1593.0,1621.9,1062910.0
CHOLAFIN,2026-03-11,1620.1,1622.3,1553.1,1557.4,1499792.0
CHOLAFIN,2026-03-12,1548.0,1552.3,1510.0,1526.1,2352076.0
CHOLAFIN,2026-03-13,1515.9,1531.8,1500.0,1514.0,1452053.0
CHOLAFIN,2026-03-16,1514.0,1542.3,1485.0,1527.1,2959644.0
CHOLAFIN,2026-03-17,1530.1,1557.4,1511.0,1529.0,972406.0
CHOLAFIN,2026-03-18,1530.5,1547.3,1510.4,1524.2,2077220.0
CHOLAFIN,2026-03-19,1500.0,1504.7,1445.1,1455.1,1822028.0
CHOLAFIN,2026-03-20,1460.0,1468.0,1436.3,1440.5,2452413.0
CHOLAFIN,2026-03-23,1429.7,1429.7,1375.6,1380.9,2569553.0
CHOLAFIN,2026-03-24,1400.0,1428.0,1375.2,1418.9,2457386.0
CHOLAFIN,2026-03-25,1442.0,1483.3,1428.7,1473.8,2569710.0
CHOLAFIN,2026-03-27,1470.0,1470.0,1410.0,1416.3,3233197.0
CHOLAFIN,2026-03-30,1366.0,1392.5,1335.0,1354.7,3710019.0
CHOLAFIN,2026-04-01,1401.9,1409.6,1363.0,1373.6,2262261.0
CHOLAFIN,2026-04-02,1359.7,1364.4,1299.4,1356.3,2245874.0
CHOLAFIN,2026-04-06,1373.6,1399.1,1344.5,1393.2,3779021.0
CHOLAFIN,2026-04-07,1397.9,1417.9,1385.0,1415.0,1458087.0
CHOLAFIN,2026-04-08,1503.0,1558.9,1503.0,1554.3,4054814.0
CHOLAFIN,2026-04-09,1546.7,1554.3,1519.0,1533.1,2195354.0
CHOLAFIN,2026-04-10,1548.0,1584.5,1544.9,1581.2,2340856.0
CHOLAFIN,2026-04-13,1525.0,1542.0,1502.0,1507.2,3388598.0
CHOLAFIN,2026-04-15,1537.1,1567.9,1535.6,1550.6,1410204.0
CHOLAFIN,2026-04-16,1558.0,1605.6,1558.0,1569.9,2767683.0
CHOLAFIN,2026-04-17,1564.0,1585.0,1542.4,1579.0,1168171.0
CHOLAFIN,2026-04-20,1578.8,1588.8,1550.1,1569.3,810091.0
CHOLAFIN,2026-04-21,1578.0,1594.4,1572.2,1589.2,612548.0
CHOLAFIN,2026-04-22,1583.0,1589.0,1562.9,1565.6,1713023.0
CHOLAFIN,2026-04-23,1558.0,1560.8,1532.5,1543.4,1853317.0
CHOLAFIN,2026-04-24,1546.9,1575.0,1529.9,1568.2,1225033.0
CHOLAFIN,2026-04-27,1570.5,1577.8,1534.8,1560.7,2919111.0
CHOLAFIN,2026-04-28,1560.1,1579.2,1530.8,1536.4,964837.0
CHOLAFIN,2026-04-29,1539.9,1572.6,1530.8,1553.3,723397.0
CHOLAFIN,2026-04-30,1521.8,1592.2,1472.3,1562.9,7213356.0
CHOLAFIN,2026-05-04,1564.8,1649.0,1564.8,1639.5,5637755.0
CHOLAFIN,2026-05-05,1644.0,1666.9,1623.0,1657.4,2688312.0
CHOLAFIN,2026-05-06,1681.2,1724.0,1678.9,1711.9,2751781.0
CHOLAFIN,2026-05-07,1725.0,1734.8,1677.8,1689.2,2640682.0
CHOLAFIN,2026-05-08,1688.1,1694.9,1670.6,1674.1,919240.0
CHOLAFIN,2026-05-11,1630.4,1646.4,1621.0,1624.5,1626071.0
CHOLAFIN,2026-05-12,1617.2,1628.8,1556.5,1561.0,1647134.0
CHOLAFIN,2026-05-13,1567.8,1597.5,1550.2,1574.6,1052244.0
CHOLAFIN,2026-05-14,1580.0,1590.0,1545.5,1567.1,1324905.0
CHOLAFIN,2026-05-15,1535.9,1573.7,1528.9,1546.3,883202.0
CHOLAFIN,2026-05-18,1538.0,1538.0,1500.0,1527.9,822208.0
CHOLAFIN,2026-05-19,1518.0,1538.3,1508.0,1511.4,1043113.0
CHOLAFIN,2026-05-20,1502.0,1522.0,1491.0,1518.9,857291.0
CHOLAFIN,2026-05-21,1532.0,1540.5,1498.9,1504.0,1311311.0
CHOLAFIN,2026-05-22,1514.7,1548.0,1503.0,1539.8,1287931.0
CHOLAFIN,2026-05-25,1566.0,1600.0,1548.5,1591.0,1668255.0
CHOLAFIN,2026-05-26,1598.5,1598.9,1562.2,1567.3,866674.0
CHOLAHLDNG,2025-05-21,1852.2,1889.7,1840.4,1862.9,146400.0
CHOLAHLDNG,2025-05-22,1871.9,1882.9,1811.5,1842.0,111113.0
CHOLAHLDNG,2025-05-23,1844.1,1844.3,1797.8,1814.3,215172.0
CHOLAHLDNG,2025-05-26,1814.3,1848.3,1807.4,1829.9,128917.0
CHOLAHLDNG,2025-05-27,1815.0,1898.5,1810.9,1892.8,94266.0
CHOLAHLDNG,2025-05-28,1908.9,1974.9,1895.0,1953.2,210992.0
CHOLAHLDNG,2025-05-29,1974.0,1980.0,1906.6,1929.8,80039.0
CHOLAHLDNG,2025-05-30,1912.0,1924.5,1830.0,1866.2,255213.0
CHOLAHLDNG,2025-06-02,1881.0,1890.0,1849.4,1880.8,70122.0
CHOLAHLDNG,2025-06-03,1896.0,1919.0,1871.3,1898.7,118163.0
CHOLAHLDNG,2025-06-04,1915.0,1915.0,1820.5,1829.2,189402.0
CHOLAHLDNG,2025-06-05,1820.0,1828.7,1782.0,1791.1,315668.0
CHOLAHLDNG,2025-06-06,1807.9,1965.5,1767.5,1940.3,1161342.0
CHOLAHLDNG,2025-06-09,1959.9,2000.0,1928.1,1988.8,478168.0
CHOLAHLDNG,2025-06-10,1998.3,2021.4,1960.1,1998.8,258436.0
CHOLAHLDNG,2025-06-11,1991.1,2016.0,1965.1,1977.4,238206.0
CHOLAHLDNG,2025-06-12,1969.0,2001.0,1946.8,1960.6,194401.0
CHOLAHLDNG,2025-06-13,1930.0,2000.0,1930.0,1998.4,122938.0
CHOLAHLDNG,2025-06-16,2001.1,2048.7,1978.2,1995.9,156578.0
CHOLAHLDNG,2025-06-17,1995.9,2061.9,1986.2,2010.2,311891.0
CHOLAHLDNG,2025-06-18,2021.0,2028.9,1971.3,2019.9,304917.0
CHOLAHLDNG,2025-06-19,2010.0,2053.0,1955.0,1974.3,347965.0
CHOLAHLDNG,2025-06-20,1984.2,2045.0,1955.0,2027.6,261460.0
CHOLAHLDNG,2025-06-23,2000.0,2063.5,1981.4,1995.5,194827.0
CHOLAHLDNG,2025-06-24,2001.1,2080.0,2001.1,2043.9,291280.0
CHOLAHLDNG,2025-06-25,2033.1,2074.6,2022.0,2028.4,123667.0
CHOLAHLDNG,2025-06-26,2035.0,2062.7,2011.0,2045.3,145585.0
CHOLAHLDNG,2025-06-27,2052.9,2135.0,2036.3,2062.0,498224.0
CHOLAHLDNG,2025-06-30,2075.0,2198.7,2072.3,2166.0,493767.0
CHOLAHLDNG,2025-07-01,2185.7,2185.7,2103.7,2112.0,286790.0
CHOLAHLDNG,2025-07-02,2113.0,2231.6,2085.0,2148.8,578905.0
CHOLAHLDNG,2025-07-03,2140.0,2140.0,2071.7,2082.5,165358.0
CHOLAHLDNG,2025-07-04,2095.0,2117.4,2040.0,2099.2,115784.0
CHOLAHLDNG,2025-07-07,2094.3,2095.7,2044.1,2072.4,155444.0
CHOLAHLDNG,2025-07-08,2085.2,2085.2,2033.6,2072.6,87005.0
CHOLAHLDNG,2025-07-09,2065.0,2097.5,2046.7,2080.0,169805.0
CHOLAHLDNG,2025-07-10,2061.0,2127.8,2003.4,2116.4,127393.0
CHOLAHLDNG,2025-07-11,2105.0,2138.3,2061.0,2077.4,160695.0
CHOLAHLDNG,2025-07-14,2056.6,2075.0,2021.8,2049.8,136324.0
CHOLAHLDNG,2025-07-15,2049.6,2090.6,2039.9,2072.5,102480.0
CHOLAHLDNG,2025-07-16,2071.0,2133.0,2071.0,2104.9,213772.0
CHOLAHLDNG,2025-07-17,2110.0,2169.0,2110.0,2140.4,309707.0
CHOLAHLDNG,2025-07-18,2109.4,2147.8,2085.8,2116.1,201378.0
CHOLAHLDNG,2025-07-21,2116.1,2140.0,2019.4,2115.8,340630.0
CHOLAHLDNG,2025-07-22,2132.5,2135.0,2060.2,2096.8,185656.0
CHOLAHLDNG,2025-07-23,2108.0,2108.0,2054.0,2071.8,442895.0
CHOLAHLDNG,2025-07-24,2082.9,2092.6,2037.4,2046.7,131589.0
CHOLAHLDNG,2025-07-25,2050.5,2050.5,1971.7,1994.9,129693.0
CHOLAHLDNG,2025-07-28,1971.0,1971.0,1880.8,1901.5,275837.0
CHOLAHLDNG,2025-07-29,1901.0,1928.1,1881.1,1912.5,387829.0
CHOLAHLDNG,2025-07-30,1912.5,1923.0,1876.4,1908.2,331743.0
CHOLAHLDNG,2025-07-31,1900.0,1921.6,1853.9,1887.7,357485.0
CHOLAHLDNG,2025-08-01,1887.7,1904.9,1820.0,1828.4,140674.0
CHOLAHLDNG,2025-08-04,1828.0,1845.0,1791.7,1821.6,256930.0
CHOLAHLDNG,2025-08-05,1835.4,1846.3,1781.5,1802.8,129962.0
CHOLAHLDNG,2025-08-06,1802.8,1820.0,1760.1,1794.6,241235.0
CHOLAHLDNG,2025-08-07,1796.5,1854.0,1793.5,1849.1,79547.0
CHOLAHLDNG,2025-08-08,1849.1,1870.0,1829.2,1853.4,475132.0
CHOLAHLDNG,2025-08-11,1845.0,1868.0,1825.5,1845.1,96247.0
CHOLAHLDNG,2025-08-12,1829.5,1865.3,1815.0,1855.3,101271.0
CHOLAHLDNG,2025-08-13,1855.0,1888.0,1844.4,1873.2,135159.0
CHOLAHLDNG,2025-08-14,1881.0,1897.6,1855.0,1883.7,75814.0
CHOLAHLDNG,2025-08-18,1895.0,1964.3,1878.0,1935.5,193699.0
CHOLAHLDNG,2025-08-19,1940.9,1968.6,1843.0,1848.2,203915.0
CHOLAHLDNG,2025-08-20,1850.0,1866.3,1822.3,1861.6,81845.0
CHOLAHLDNG,2025-08-21,1879.9,1895.8,1865.1,1885.8,905262.0
CHOLAHLDNG,2025-08-22,1874.0,1880.2,1855.0,1862.6,97692.0
CHOLAHLDNG,2025-08-25,1863.0,1873.7,1825.0,1838.1,183800.0
CHOLAHLDNG,2025-08-26,1838.1,1859.0,1770.0,1784.5,233738.0
CHOLAHLDNG,2025-08-28,1785.0,1788.8,1748.1,1759.5,282192.0
CHOLAHLDNG,2025-08-29,1756.9,1765.7,1721.1,1725.7,187640.0
CHOLAHLDNG,2025-09-01,1738.4,1816.0,1738.4,1755.8,321920.0
CHOLAHLDNG,2025-09-02,1769.8,1786.8,1745.0,1758.8,133825.0
CHOLAHLDNG,2025-09-03,1760.0,1782.4,1741.7,1748.2,151476.0
CHOLAHLDNG,2025-09-04,1769.0,1777.9,1733.0,1739.8,92680.0
CHOLAHLDNG,2025-09-05,1744.9,1789.2,1744.1,1760.0,119279.0
CHOLAHLDNG,2025-09-08,1770.0,1778.9,1723.0,1728.6,87734.0
CHOLAHLDNG,2025-09-09,1742.4,1787.0,1717.3,1766.7,321298.0
CHOLAHLDNG,2025-09-10,1784.0,1825.4,1774.1,1805.0,107997.0
CHOLAHLDNG,2025-09-11,1809.8,1899.0,1809.8,1881.1,304389.0
CHOLAHLDNG,2025-09-12,1881.1,1899.0,1848.9,1865.4,228617.0
CHOLAHLDNG,2025-09-15,1863.9,1895.0,1836.3,1891.4,88103.0
CHOLAHLDNG,2025-09-16,1890.0,1966.8,1884.6,1955.8,261841.0
CHOLAHLDNG,2025-09-17,1962.0,1991.5,1948.2,1971.8,148558.0
CHOLAHLDNG,2025-09-18,1973.5,1980.9,1938.0,1951.4,82675.0
CHOLAHLDNG,2025-09-19,1960.0,2046.3,1948.0,2019.5,1534034.0
CHOLAHLDNG,2025-09-22,2000.0,2002.5,1982.0,1988.8,80214.0
CHOLAHLDNG,2025-09-23,1999.8,1999.8,1909.0,1922.4,142963.0
CHOLAHLDNG,2025-09-24,1934.1,1934.1,1892.9,1912.2,99817.0
CHOLAHLDNG,2025-09-25,1912.2,1920.0,1861.0,1869.0,57846.0
CHOLAHLDNG,2025-09-26,1860.7,1880.8,1802.3,1839.6,94304.0
CHOLAHLDNG,2025-09-29,1832.1,1956.6,1778.5,1937.3,714211.0
CHOLAHLDNG,2025-09-30,1939.1,1948.6,1870.0,1885.0,160688.0
CHOLAHLDNG,2025-10-01,1869.9,1916.5,1825.0,1907.6,341151.0
CHOLAHLDNG,2025-10-03,1909.8,1918.9,1808.8,1841.2,249447.0
CHOLAHLDNG,2025-10-06,1851.9,1899.9,1825.9,1888.1,115487.0
CHOLAHLDNG,2025-10-07,1888.1,1901.8,1865.6,1887.6,59574.0
CHOLAHLDNG,2025-10-08,1894.9,1894.9,1838.2,1851.7,67556.0
CHOLAHLDNG,2025-10-09,1846.1,1846.1,1800.1,1836.4,172482.0
CHOLAHLDNG,2025-10-10,1849.0,1859.3,1825.2,1837.4,61101.0
CHOLAHLDNG,2025-10-13,1839.0,1846.6,1813.0,1837.8,87640.0
CHOLAHLDNG,2025-10-14,1836.0,1841.5,1813.4,1832.2,214522.0
CHOLAHLDNG,2025-10-15,1846.3,1924.0,1830.2,1908.7,146257.0
CHOLAHLDNG,2025-10-16,1911.9,1934.2,1875.0,1892.4,172026.0
CHOLAHLDNG,2025-10-17,1895.0,1895.1,1851.2,1866.5,107448.0
CHOLAHLDNG,2025-10-20,1863.0,1871.3,1840.0,1851.5,189206.0
CHOLAHLDNG,2025-10-21,1851.5,1867.2,1843.6,1856.8,10769.0
CHOLAHLDNG,2025-10-23,1877.0,1908.8,1828.8,1896.1,326048.0
CHOLAHLDNG,2025-10-24,1905.5,2040.0,1896.4,2012.7,782394.0
CHOLAHLDNG,2025-10-27,2011.9,2011.9,1950.0,1957.8,116227.0
CHOLAHLDNG,2025-10-28,1957.8,1979.6,1927.2,1941.6,116562.0
CHOLAHLDNG,2025-10-29,1941.6,1941.7,1895.8,1913.6,85039.0
CHOLAHLDNG,2025-10-30,1913.6,1928.0,1906.7,1919.2,104844.0
CHOLAHLDNG,2025-10-31,1920.0,1930.8,1898.0,1912.6,124080.0
CHOLAHLDNG,2025-11-03,1914.5,2015.9,1914.5,2005.5,679891.0
CHOLAHLDNG,2025-11-04,2017.0,2039.9,2005.0,2014.8,152609.0
CHOLAHLDNG,2025-11-06,2009.9,2064.0,1951.2,1972.6,341858.0
CHOLAHLDNG,2025-11-07,1972.6,1972.6,1870.0,1884.1,421153.0
CHOLAHLDNG,2025-11-10,1872.0,1920.9,1852.7,1913.5,133402.0
CHOLAHLDNG,2025-11-11,1929.9,1956.6,1918.9,1937.5,103017.0
CHOLAHLDNG,2025-11-12,1927.0,1968.1,1910.5,1949.9,111930.0
CHOLAHLDNG,2025-11-13,1949.0,1980.0,1931.2,1967.0,112816.0
CHOLAHLDNG,2025-11-14,1960.0,1985.9,1943.1,1976.5,44495.0
CHOLAHLDNG,2025-11-17,1976.5,2008.0,1946.5,1972.9,154453.0
CHOLAHLDNG,2025-11-18,1972.0,1979.6,1913.0,1923.6,187848.0
CHOLAHLDNG,2025-11-19,1935.2,1935.2,1871.0,1889.9,260620.0
CHOLAHLDNG,2025-11-20,1908.6,1908.6,1865.1,1885.0,97138.0
CHOLAHLDNG,2025-11-21,1866.2,1880.0,1831.2,1844.3,199251.0
CHOLAHLDNG,2025-11-24,1830.1,1855.9,1819.0,1826.3,89432.0
CHOLAHLDNG,2025-11-25,1826.3,1867.9,1811.1,1845.0,182811.0
CHOLAHLDNG,2025-11-26,1860.9,1871.9,1830.0,1850.8,114692.0
CHOLAHLDNG,2025-11-27,1869.0,1869.0,1789.0,1800.7,436178.0
CHOLAHLDNG,2025-11-28,1814.1,1852.4,1787.5,1846.2,755837.0
CHOLAHLDNG,2025-12-01,1844.0,1932.7,1817.4,1894.9,500360.0
CHOLAHLDNG,2025-12-02,1891.0,1891.0,1853.1,1877.2,196472.0
CHOLAHLDNG,2025-12-03,1877.2,1902.4,1824.1,1881.7,291174.0
CHOLAHLDNG,2025-12-04,1881.7,1906.1,1863.3,1882.6,162422.0
CHOLAHLDNG,2025-12-05,1887.5,1922.0,1874.5,1917.6,175663.0
CHOLAHLDNG,2025-12-08,1918.0,1922.9,1871.1,1881.9,84362.0
CHOLAHLDNG,2025-12-09,1885.0,1948.7,1839.3,1940.1,168673.0
CHOLAHLDNG,2025-12-10,1940.1,1978.9,1909.8,1914.4,82255.0
CHOLAHLDNG,2025-12-11,1915.8,1934.8,1901.6,1929.2,37190.0
CHOLAHLDNG,2025-12-12,1919.8,1951.1,1917.0,1936.7,117575.0
CHOLAHLDNG,2025-12-15,1949.5,1949.5,1887.7,1899.1,114790.0
CHOLAHLDNG,2025-12-16,1899.0,1910.6,1851.0,1857.4,172845.0
CHOLAHLDNG,2025-12-17,1869.2,1869.2,1805.3,1817.1,113208.0
CHOLAHLDNG,2025-12-18,1817.0,1829.2,1785.0,1808.6,162929.0
CHOLAHLDNG,2025-12-19,1815.4,1841.0,1798.9,1827.6,177162.0
CHOLAHLDNG,2025-12-22,1827.6,1833.9,1805.5,1812.6,96562.0
CHOLAHLDNG,2025-12-23,1824.0,1907.6,1815.6,1868.8,204132.0
CHOLAHLDNG,2025-12-24,1869.0,1909.8,1850.0,1902.8,287360.0
CHOLAHLDNG,2025-12-26,1902.0,1917.0,1853.1,1858.4,46692.0
CHOLAHLDNG,2025-12-29,1870.0,1870.0,1830.2,1843.4,61326.0
CHOLAHLDNG,2025-12-30,1851.0,1856.1,1800.0,1825.8,90819.0
CHOLAHLDNG,2025-12-31,1839.6,1839.6,1808.9,1812.9,82969.0
CHOLAHLDNG,2026-01-01,1832.5,1886.0,1827.9,1878.6,329439.0
CHOLAHLDNG,2026-01-02,1883.8,1883.8,1844.0,1872.5,200570.0
CHOLAHLDNG,2026-01-05,1880.0,1921.1,1873.5,1916.7,159542.0
CHOLAHLDNG,2026-01-06,1937.7,1965.0,1883.3,1925.8,134893.0
CHOLAHLDNG,2026-01-07,1925.8,1925.9,1870.3,1884.5,76967.0
CHOLAHLDNG,2026-01-08,1890.0,1890.0,1831.0,1856.6,66425.0
CHOLAHLDNG,2026-01-09,1831.0,1857.5,1802.0,1821.0,116728.0
CHOLAHLDNG,2026-01-12,1819.0,1837.8,1792.5,1820.1,144928.0
CHOLAHLDNG,2026-01-13,1822.0,1840.2,1805.0,1820.4,56913.0
CHOLAHLDNG,2026-01-14,1811.0,1825.0,1788.3,1812.7,104363.0
CHOLAHLDNG,2026-01-16,1810.1,1810.1,1732.2,1772.3,437475.0
CHOLAHLDNG,2026-01-19,1772.4,1789.0,1761.2,1769.6,59765.0
CHOLAHLDNG,2026-01-20,1770.0,1770.0,1670.0,1678.1,357010.0
CHOLAHLDNG,2026-01-21,1671.0,1678.1,1625.5,1646.5,341006.0
CHOLAHLDNG,2026-01-22,1667.0,1689.0,1635.3,1645.5,181302.0
CHOLAHLDNG,2026-01-23,1657.9,1657.9,1614.8,1622.5,656894.0
CHOLAHLDNG,2026-01-27,1624.9,1634.3,1587.0,1611.8,289112.0
CHOLAHLDNG,2026-01-28,1619.9,1646.9,1610.4,1636.3,331739.0
CHOLAHLDNG,2026-01-29,1630.0,1652.0,1591.3,1631.6,268246.0
CHOLAHLDNG,2026-01-30,1631.6,1664.7,1625.5,1654.3,251719.0
CHOLAHLDNG,2026-02-01,1656.9,1718.0,1624.1,1710.8,90608.0
CHOLAHLDNG,2026-02-02,1715.0,1715.0,1607.2,1645.6,455326.0
CHOLAHLDNG,2026-02-03,1694.8,1749.5,1676.9,1721.9,219460.0
CHOLAHLDNG,2026-02-04,1702.2,1734.0,1687.3,1716.6,82248.0
CHOLAHLDNG,2026-02-05,1729.0,1729.0,1661.1,1676.4,93125.0
CHOLAHLDNG,2026-02-06,1680.0,1680.0,1635.5,1650.2,299676.0
CHOLAHLDNG,2026-02-09,1671.0,1733.4,1664.2,1714.7,177974.0
CHOLAHLDNG,2026-02-10,1727.8,1739.4,1678.2,1728.3,311500.0
CHOLAHLDNG,2026-02-11,1729.9,1781.0,1729.3,1773.9,110074.0
CHOLAHLDNG,2026-02-12,1769.9,1769.9,1727.0,1758.9,73291.0
CHOLAHLDNG,2026-02-13,1754.0,1754.8,1702.2,1710.1,134512.0
CHOLAHLDNG,2026-02-16,1718.7,1742.8,1681.6,1736.6,43615.0
CHOLAHLDNG,2026-02-17,1748.5,1773.0,1725.6,1764.5,169145.0
CHOLAHLDNG,2026-02-18,1767.9,1769.9,1745.0,1757.0,35042.0
CHOLAHLDNG,2026-02-19,1757.0,1778.5,1702.2,1709.2,69459.0
CHOLAHLDNG,2026-02-20,1709.9,1710.0,1675.0,1684.6,45677.0
CHOLAHLDNG,2026-02-23,1692.2,1697.9,1663.6,1680.8,58578.0
CHOLAHLDNG,2026-02-24,1680.8,1680.9,1635.0,1662.3,65560.0
CHOLAHLDNG,2026-02-25,1683.0,1724.2,1655.0,1677.2,129675.0
CHOLAHLDNG,2026-02-26,1677.2,1700.4,1618.5,1685.3,247977.0
CHOLAHLDNG,2026-02-27,1685.3,1685.3,1624.2,1634.1,259807.0
CHOLAHLDNG,2026-03-02,1570.9,1622.4,1570.0,1599.9,181016.0
CHOLAHLDNG,2026-03-04,1599.5,1636.7,1569.0,1619.2,269262.0
CHOLAHLDNG,2026-03-05,1619.2,1640.0,1599.6,1629.0,131295.0
CHOLAHLDNG,2026-03-06,1625.0,1642.4,1572.5,1594.8,183107.0
CHOLAHLDNG,2026-03-09,1569.9,1569.9,1525.0,1531.6,119539.0
CHOLAHLDNG,2026-03-10,1542.0,1580.0,1516.6,1572.8,70482.0
CHOLAHLDNG,2026-03-11,1574.0,1585.9,1555.1,1569.9,106794.0
CHOLAHLDNG,2026-03-12,1560.0,1560.0,1481.0,1486.6,139746.0
CHOLAHLDNG,2026-03-13,1486.6,1563.9,1451.4,1553.9,589114.0
CHOLAHLDNG,2026-03-16,1542.9,1576.7,1482.6,1570.6,215963.0
CHOLAHLDNG,2026-03-17,1562.8,1576.1,1510.0,1521.9,199256.0
CHOLAHLDNG,2026-03-18,1521.0,1533.7,1488.1,1495.5,272510.0
CHOLAHLDNG,2026-03-19,1457.0,1499.7,1408.0,1439.3,553386.0
CHOLAHLDNG,2026-03-20,1440.0,1477.7,1398.7,1407.6,430200.0
CHOLAHLDNG,2026-03-23,1407.0,1407.6,1305.0,1350.9,403354.0
CHOLAHLDNG,2026-03-24,1385.0,1385.0,1309.5,1374.6,411208.0
CHOLAHLDNG,2026-03-25,1376.4,1418.9,1362.7,1402.0,397899.0
CHOLAHLDNG,2026-03-27,1399.3,1399.3,1352.5,1389.0,383021.0
CHOLAHLDNG,2026-03-30,1360.1,1395.0,1355.0,1365.3,223818.0
CHOLAHLDNG,2026-04-01,1388.0,1422.0,1366.0,1386.7,229330.0
CHOLAHLDNG,2026-04-02,1372.0,1409.8,1327.5,1396.9,122594.0
CHOLAHLDNG,2026-04-06,1398.0,1434.5,1368.0,1427.8,125154.0
CHOLAHLDNG,2026-04-07,1407.6,1438.5,1371.0,1396.6,369729.0
CHOLAHLDNG,2026-04-08,1465.0,1675.9,1451.7,1633.8,4499967.0
CHOLAHLDNG,2026-04-09,1621.9,1621.9,1565.0,1581.2,722365.0
CHOLAHLDNG,2026-04-10,1584.9,1627.7,1580.1,1596.8,215767.0
CHOLAHLDNG,2026-04-13,1553.0,1580.3,1532.1,1564.6,148324.0
CHOLAHLDNG,2026-04-15,1610.0,1610.0,1546.1,1564.1,625547.0
CHOLAHLDNG,2026-04-16,1583.5,1615.0,1565.0,1582.4,145039.0
CHOLAHLDNG,2026-04-17,1590.0,1645.9,1572.1,1641.1,176476.0
CHOLAHLDNG,2026-04-20,1645.1,1658.9,1587.6,1608.8,111258.0
CHOLAHLDNG,2026-04-21,1606.6,1635.0,1568.0,1575.2,225754.0
CHOLAHLDNG,2026-04-22,1576.0,1610.2,1559.0,1583.1,258275.0
CHOLAHLDNG,2026-04-23,1575.2,1609.4,1571.0,1574.7,88309.0
CHOLAHLDNG,2026-04-24,1574.7,1581.5,1520.0,1569.1,202756.0
CHOLAHLDNG,2026-04-27,1579.2,1598.0,1555.0,1587.4,116346.0
CHOLAHLDNG,2026-04-28,1587.0,1587.4,1535.5,1551.1,488219.0
CHOLAHLDNG,2026-04-29,1551.9,1565.7,1530.0,1548.5,178507.0
CHOLAHLDNG,2026-04-30,1540.0,1574.0,1519.9,1556.1,125843.0
CHOLAHLDNG,2026-05-04,1563.0,1756.0,1563.0,1672.6,2814844.0
CHOLAHLDNG,2026-05-05,1682.0,1740.0,1655.6,1714.2,286870.0
CHOLAHLDNG,2026-05-06,1740.5,1745.9,1702.1,1732.8,131235.0
CHOLAHLDNG,2026-05-07,1735.9,1769.2,1732.8,1755.0,149010.0
CHOLAHLDNG,2026-05-08,1764.0,1809.9,1757.0,1780.7,349136.0
CHOLAHLDNG,2026-05-11,1778.1,1809.9,1744.0,1764.2,161872.0
CHOLAHLDNG,2026-05-12,1772.0,1779.0,1684.8,1715.6,88975.0
CHOLAHLDNG,2026-05-13,1715.0,1739.9,1681.2,1702.5,58131.0
CHOLAHLDNG,2026-05-14,1702.5,1709.9,1664.2,1685.7,88350.0
CHOLAHLDNG,2026-05-15,1688.8,1699.0,1644.5,1658.0,62440.0
CHOLAHLDNG,2026-05-18,1635.4,1662.9,1627.1,1645.2,90864.0
CHOLAHLDNG,2026-05-19,1665.9,1704.5,1645.2,1672.6,131347.0
CHOLAHLDNG,2026-05-20,1669.1,1669.1,1607.6,1631.3,208895.0
CHOLAHLDNG,2026-05-21,1657.8,1657.8,1600.0,1606.1,70341.0
CHOLAHLDNG,2026-05-22,1615.0,1624.0,1585.0,1598.4,83502.0
CHOLAHLDNG,2026-05-25,1600.1,1664.1,1600.1,1624.7,141907.0
CHOLAHLDNG,2026-05-26,1625.0,1672.0,1625.0,1652.3,83673.0
CIPLA,2025-05-21,1459.0,1491.0,1454.6,1482.4,2001251.0
CIPLA,2025-05-22,1483.0,1489.7,1460.1,1468.5,1804507.0
CIPLA,2025-05-23,1468.5,1489.0,1461.0,1484.2,915286.0
CIPLA,2025-05-26,1486.1,1493.9,1478.5,1484.2,885022.0
CIPLA,2025-05-27,1485.7,1491.9,1475.8,1480.5,881728.0
CIPLA,2025-05-28,1485.0,1486.0,1465.0,1468.5,1090511.0
CIPLA,2025-05-29,1475.0,1479.5,1463.0,1476.9,1384536.0
CIPLA,2025-05-30,1476.0,1489.0,1457.1,1465.7,7040777.0
CIPLA,2025-06-02,1468.0,1474.8,1458.0,1470.2,962897.0
CIPLA,2025-06-03,1472.4,1479.4,1460.4,1473.2,870331.0
CIPLA,2025-06-04,1473.2,1488.0,1465.9,1471.9,1297075.0
CIPLA,2025-06-05,1476.0,1498.8,1475.0,1489.8,1570159.0
CIPLA,2025-06-06,1489.8,1505.9,1484.0,1504.2,861882.0
CIPLA,2025-06-09,1511.7,1511.7,1497.0,1506.6,689631.0
CIPLA,2025-06-10,1508.9,1513.2,1505.0,1510.8,929786.0
CIPLA,2025-06-11,1512.5,1527.9,1509.4,1521.7,1046396.0
CIPLA,2025-06-12,1527.0,1537.9,1494.5,1502.8,1199034.0
CIPLA,2025-06-13,1480.0,1510.5,1480.0,1505.2,874315.0
CIPLA,2025-06-16,1501.9,1541.0,1499.8,1527.0,2679763.0
CIPLA,2025-06-17,1527.0,1533.4,1495.5,1503.5,1334810.0
CIPLA,2025-06-18,1503.5,1512.9,1495.9,1498.1,1075494.0
CIPLA,2025-06-19,1502.4,1509.8,1480.2,1484.0,1124204.0
CIPLA,2025-06-20,1484.0,1508.2,1481.1,1499.7,1917041.0
CIPLA,2025-06-23,1499.7,1504.9,1482.1,1499.1,657381.0
CIPLA,2025-06-24,1506.7,1518.3,1500.2,1502.4,1351552.0
CIPLA,2025-06-25,1509.9,1518.0,1500.0,1510.0,1032762.0
CIPLA,2025-06-26,1511.0,1522.4,1503.0,1513.8,1440423.0
CIPLA,2025-06-27,1502.0,1508.7,1492.0,1502.4,1851991.0
CIPLA,2025-06-30,1509.4,1514.7,1500.2,1505.9,1053681.0
CIPLA,2025-07-01,1505.9,1517.7,1496.2,1515.7,1112637.0
CIPLA,2025-07-02,1515.7,1525.0,1493.3,1497.6,1273704.0
CIPLA,2025-07-03,1504.0,1513.2,1498.8,1508.7,869963.0
CIPLA,2025-07-04,1508.4,1521.0,1503.9,1513.3,1118483.0
CIPLA,2025-07-07,1516.0,1519.2,1506.5,1510.5,1061434.0
CIPLA,2025-07-08,1505.5,1510.5,1477.1,1488.3,2197699.0
CIPLA,2025-07-09,1486.0,1501.7,1486.0,1491.7,1364142.0
CIPLA,2025-07-10,1489.0,1490.9,1463.2,1477.8,2178068.0
CIPLA,2025-07-11,1480.0,1490.5,1470.0,1485.0,920651.0
CIPLA,2025-07-14,1485.0,1485.0,1485.0,1485.0,156532.0
CIPLA,2025-07-14,1488.9,1492.5,1476.0,1484.0,1554680.0
CIPLA,2025-07-15,1483.8,1492.4,1469.4,1490.9,1203850.0
CIPLA,2025-07-16,1485.0,1485.0,1468.2,1475.8,1569604.0
CIPLA,2025-07-17,1475.0,1489.0,1472.0,1482.4,1349535.0
CIPLA,2025-07-18,1481.1,1484.8,1470.0,1482.3,1001794.0
CIPLA,2025-07-21,1481.1,1482.5,1468.5,1473.9,1198993.0
CIPLA,2025-07-22,1475.0,1479.4,1454.5,1464.4,1908949.0
CIPLA,2025-07-23,1465.3,1476.5,1462.4,1473.5,1268156.0
CIPLA,2025-07-24,1470.5,1490.0,1470.3,1487.9,1389152.0
CIPLA,2025-07-25,1485.0,1553.7,1469.0,1532.5,5226395.0
CIPLA,2025-07-28,1541.2,1577.0,1520.5,1572.0,3843168.0
CIPLA,2025-07-29,1563.4,1579.4,1559.6,1574.0,1303888.0
CIPLA,2025-07-30,1574.3,1579.9,1551.2,1559.4,1390012.0
CIPLA,2025-07-31,1540.0,1564.7,1536.6,1554.6,2457841.0
CIPLA,2025-08-01,1544.0,1549.7,1494.0,1502.8,2109707.0
CIPLA,2025-08-04,1510.0,1519.3,1505.0,1515.1,549494.0
CIPLA,2025-08-05,1513.5,1517.3,1491.1,1499.8,1156528.0
CIPLA,2025-08-06,1498.8,1498.8,1475.0,1486.7,1157300.0
CIPLA,2025-08-07,1476.1,1499.8,1464.1,1491.0,1882304.0
CIPLA,2025-08-08,1483.0,1493.8,1478.3,1485.8,920270.0
CIPLA,2025-08-11,1488.0,1514.0,1480.2,1504.8,898160.0
CIPLA,2025-08-12,1504.0,1524.9,1501.1,1521.6,910349.0
CIPLA,2025-08-13,1521.6,1567.8,1520.4,1561.0,1859765.0
CIPLA,2025-08-14,1562.5,1574.8,1552.0,1564.0,2535958.0
CIPLA,2025-08-18,1566.2,1572.8,1557.5,1565.2,1783835.0
CIPLA,2025-08-19,1565.2,1568.7,1546.1,1548.9,898746.0
CIPLA,2025-08-20,1539.2,1556.9,1533.4,1546.1,936556.0
CIPLA,2025-08-21,1540.1,1596.0,1538.7,1592.8,1698280.0
CIPLA,2025-08-22,1590.0,1602.0,1585.0,1592.8,1574526.0
CIPLA,2025-08-25,1594.0,1607.8,1592.0,1601.2,1298471.0
CIPLA,2025-08-26,1604.0,1604.1,1573.0,1579.8,2332380.0
CIPLA,2025-08-28,1594.0,1594.0,1568.7,1580.3,1903230.0
CIPLA,2025-08-29,1578.5,1596.4,1567.8,1589.4,1342344.0
CIPLA,2025-09-01,1589.4,1598.0,1583.0,1587.2,783524.0
CIPLA,2025-09-02,1587.0,1593.0,1563.3,1569.2,1161872.0
CIPLA,2025-09-03,1570.0,1596.4,1569.0,1578.4,1160380.0
CIPLA,2025-09-04,1599.0,1599.0,1573.7,1577.8,614470.0
CIPLA,2025-09-05,1577.8,1585.6,1550.0,1553.4,701865.0
CIPLA,2025-09-08,1554.5,1564.9,1538.9,1541.2,588546.0
CIPLA,2025-09-09,1541.2,1555.2,1533.1,1551.6,788242.0
CIPLA,2025-09-10,1555.0,1571.0,1553.9,1563.8,718311.0
CIPLA,2025-09-11,1563.5,1570.5,1554.1,1560.8,732911.0
CIPLA,2025-09-12,1562.1,1578.3,1562.1,1574.6,785508.0
CIPLA,2025-09-15,1568.0,1579.8,1546.1,1548.3,758979.0
CIPLA,2025-09-16,1556.0,1560.2,1550.0,1559.0,471395.0
CIPLA,2025-09-17,1556.0,1562.5,1549.1,1559.6,785651.0
CIPLA,2025-09-18,1560.0,1580.0,1556.4,1578.2,874860.0
CIPLA,2025-09-19,1581.0,1584.9,1557.5,1575.8,1464121.0
CIPLA,2025-09-22,1575.0,1583.2,1540.0,1542.2,1257495.0
CIPLA,2025-09-23,1542.2,1550.7,1517.5,1527.1,1487350.0
CIPLA,2025-09-24,1527.0,1542.5,1520.3,1538.0,943785.0
CIPLA,2025-09-25,1538.0,1544.8,1505.4,1509.7,2502680.0
CIPLA,2025-09-26,1495.6,1504.9,1475.2,1499.4,2653841.0
CIPLA,2025-09-29,1506.9,1527.3,1485.3,1488.0,1778220.0
CIPLA,2025-09-30,1488.1,1506.6,1488.1,1503.3,1040806.0
CIPLA,2025-10-01,1505.0,1517.4,1498.4,1513.0,1000285.0
CIPLA,2025-10-03,1522.0,1537.8,1509.5,1517.7,1070489.0
CIPLA,2025-10-06,1511.0,1520.0,1497.8,1513.1,772031.0
CIPLA,2025-10-07,1514.9,1522.0,1506.2,1513.3,834623.0
CIPLA,2025-10-08,1512.0,1519.3,1490.8,1494.6,1068066.0
CIPLA,2025-10-09,1510.0,1516.7,1499.3,1513.1,878167.0
CIPLA,2025-10-10,1513.0,1569.0,1506.9,1561.8,1495524.0
CIPLA,2025-10-13,1559.0,1566.9,1550.1,1563.6,671620.0
CIPLA,2025-10-14,1563.0,1566.1,1537.1,1552.3,1056222.0
CIPLA,2025-10-15,1550.0,1564.8,1546.0,1558.7,1638237.0
CIPLA,2025-10-16,1565.0,1565.0,1565.0,1565.0,91604.0
CIPLA,2025-10-16,1559.0,1572.0,1555.1,1569.4,989785.0
CIPLA,2025-10-17,1565.3,1582.1,1558.4,1577.6,1222051.0
CIPLA,2025-10-20,1590.0,1647.0,1577.9,1639.1,3372906.0
CIPLA,2025-10-21,1646.7,1669.0,1642.1,1663.6,709223.0
CIPLA,2025-10-23,1665.0,1673.0,1638.1,1645.1,2150725.0
CIPLA,2025-10-24,1625.1,1625.1,1581.1,1584.4,2941997.0
CIPLA,2025-10-27,1585.0,1593.8,1575.2,1584.0,1213749.0
CIPLA,2025-10-28,1585.8,1589.9,1562.1,1568.1,1489133.0
CIPLA,2025-10-29,1575.0,1588.0,1571.7,1581.1,898965.0
CIPLA,2025-10-30,1587.0,1593.3,1504.0,1540.1,4053965.0
CIPLA,2025-10-31,1510.1,1529.4,1500.0,1501.3,3365093.0
CIPLA,2025-11-03,1502.9,1514.9,1490.3,1511.5,1505905.0
CIPLA,2025-11-04,1511.5,1524.0,1498.1,1503.3,1590643.0
CIPLA,2025-11-06,1510.8,1512.9,1498.0,1501.5,1596245.0
CIPLA,2025-11-07,1500.0,1510.0,1491.6,1505.7,1037508.0
CIPLA,2025-11-10,1510.0,1516.7,1503.9,1511.5,1143959.0
CIPLA,2025-11-11,1511.3,1517.5,1506.1,1514.9,850772.0
CIPLA,2025-11-12,1514.9,1528.1,1514.1,1519.3,1179131.0
CIPLA,2025-11-13,1520.0,1534.9,1515.4,1525.8,1217362.0
CIPLA,2025-11-14,1526.9,1534.4,1522.0,1532.1,810970.0
CIPLA,2025-11-17,1537.5,1538.4,1526.5,1535.6,912322.0
CIPLA,2025-11-18,1530.0,1535.0,1512.1,1514.5,747913.0
CIPLA,2025-11-19,1511.4,1529.6,1505.4,1526.8,1171078.0
CIPLA,2025-11-20,1526.9,1534.8,1519.4,1529.2,896750.0
CIPLA,2025-11-21,1521.1,1527.0,1507.7,1511.8,1126820.0
CIPLA,2025-11-24,1515.0,1524.8,1500.0,1504.0,2801854.0
CIPLA,2025-11-25,1500.2,1522.7,1500.2,1507.5,908386.0
CIPLA,2025-11-26,1505.0,1525.5,1505.0,1523.8,1087736.0
CIPLA,2025-11-27,1523.8,1531.5,1520.1,1525.2,810411.0
CIPLA,2025-11-28,1525.2,1535.8,1520.6,1531.3,991042.0
CIPLA,2025-12-01,1532.0,1536.3,1517.5,1523.1,1010599.0
CIPLA,2025-12-02,1520.0,1531.5,1513.2,1516.6,1760512.0
CIPLA,2025-12-03,1516.7,1522.8,1495.1,1508.0,1034323.0
CIPLA,2025-12-04,1503.1,1525.7,1503.1,1521.0,726473.0
CIPLA,2025-12-05,1525.0,1528.0,1513.6,1520.8,813485.0
CIPLA,2025-12-08,1515.1,1520.5,1494.3,1497.6,1263559.0
CIPLA,2025-12-09,1497.6,1502.4,1486.5,1490.6,1646840.0
CIPLA,2025-12-10,1492.0,1505.7,1484.8,1490.9,1316274.0
CIPLA,2025-12-11,1492.0,1513.4,1492.0,1512.3,606130.0
CIPLA,2025-12-12,1520.0,1524.7,1510.2,1517.4,1054050.0
CIPLA,2025-12-15,1505.0,1515.5,1498.0,1508.0,855508.0
CIPLA,2025-12-16,1500.0,1508.9,1496.1,1499.6,789492.0
CIPLA,2025-12-17,1497.6,1505.3,1491.0,1496.9,1000116.0
CIPLA,2025-12-18,1494.8,1511.0,1493.7,1498.9,974170.0
CIPLA,2025-12-19,1495.5,1520.1,1495.5,1517.1,769045.0
CIPLA,2025-12-22,1513.0,1522.5,1508.2,1512.9,757496.0
CIPLA,2025-12-23,1520.4,1522.0,1498.3,1500.7,826988.0
CIPLA,2025-12-24,1502.5,1508.0,1490.2,1496.3,1022767.0
CIPLA,2025-12-26,1496.3,1510.9,1494.0,1506.0,951555.0
CIPLA,2025-12-29,1506.0,1514.5,1492.0,1494.0,1077645.0
CIPLA,2025-12-30,1494.0,1498.7,1475.9,1492.5,1993298.0
CIPLA,2025-12-31,1492.5,1513.6,1490.1,1511.3,883966.0
CIPLA,2026-01-01,1512.0,1512.0,1499.0,1500.9,228078.0
CIPLA,2026-01-02,1500.9,1517.8,1498.6,1511.6,964611.0
CIPLA,2026-01-05,1511.0,1525.0,1507.2,1519.8,1532549.0
CIPLA,2026-01-06,1519.8,1539.7,1519.8,1530.8,1614326.0
CIPLA,2026-01-07,1516.0,1516.0,1455.0,1467.9,5076416.0
CIPLA,2026-01-08,1467.9,1469.3,1458.0,1460.6,2651011.0
CIPLA,2026-01-09,1464.7,1468.3,1456.1,1465.7,1804271.0
CIPLA,2026-01-12,1464.0,1467.5,1444.2,1465.2,2380033.0
CIPLA,2026-01-13,1460.0,1469.4,1436.6,1448.3,1909873.0
CIPLA,2026-01-14,1443.8,1449.8,1425.7,1434.5,1775529.0
CIPLA,2026-01-16,1379.0,1409.5,1367.2,1397.5,4333315.0
CIPLA,2026-01-19,1396.5,1398.1,1371.9,1392.3,1653550.0
CIPLA,2026-01-20,1392.3,1395.9,1375.4,1378.4,2040403.0
CIPLA,2026-01-21,1378.4,1398.4,1363.8,1369.6,2306655.0
CIPLA,2026-01-22,1381.2,1384.5,1366.7,1370.4,1536604.0
CIPLA,2026-01-23,1372.2,1385.9,1303.0,1315.0,6590032.0
CIPLA,2026-01-27,1300.0,1323.5,1281.7,1313.0,4109525.0
CIPLA,2026-01-28,1313.0,1334.7,1310.1,1328.4,1535898.0
CIPLA,2026-01-29,1325.0,1327.6,1307.0,1320.9,2099306.0
CIPLA,2026-01-30,1319.0,1329.9,1314.4,1324.0,2157826.0
CIPLA,2026-02-01,1328.5,1343.0,1308.7,1328.9,1117982.0
CIPLA,2026-02-02,1330.0,1333.0,1293.1,1311.6,1832963.0
CIPLA,2026-02-03,1365.0,1381.3,1319.6,1322.8,2711571.0
CIPLA,2026-02-04,1322.8,1335.1,1315.8,1326.7,1590247.0
CIPLA,2026-02-05,1335.9,1335.9,1321.0,1333.3,999810.0
CIPLA,2026-02-06,1328.0,1335.7,1316.5,1330.0,1457970.0
CIPLA,2026-02-09,1338.0,1352.0,1328.0,1342.5,1936551.0
CIPLA,2026-02-10,1349.7,1358.0,1337.0,1342.1,1053439.0
CIPLA,2026-02-11,1342.1,1352.4,1335.0,1349.9,830695.0
CIPLA,2026-02-12,1349.9,1350.0,1321.6,1330.0,1613374.0
CIPLA,2026-02-13,1328.0,1336.1,1315.8,1331.5,1236946.0
CIPLA,2026-02-16,1331.0,1358.0,1327.5,1356.4,1616868.0
CIPLA,2026-02-17,1350.0,1356.0,1340.1,1343.9,1413727.0
CIPLA,2026-02-18,1350.8,1352.9,1338.1,1349.8,1119159.0
CIPLA,2026-02-19,1349.8,1357.0,1323.7,1328.9,587384.0
CIPLA,2026-02-20,1328.9,1342.9,1324.3,1341.1,1551722.0
CIPLA,2026-02-23,1335.9,1335.9,1308.8,1326.5,2435610.0
CIPLA,2026-02-24,1326.0,1338.5,1316.5,1326.7,2109672.0
CIPLA,2026-02-25,1326.7,1349.0,1326.7,1346.1,1018377.0
CIPLA,2026-02-26,1352.8,1364.9,1343.3,1358.1,2013877.0
CIPLA,2026-02-27,1353.0,1356.9,1338.5,1348.2,2609711.0
CIPLA,2026-03-02,1313.0,1354.5,1313.0,1351.6,1899674.0
CIPLA,2026-03-04,1348.2,1348.9,1311.0,1313.2,1938762.0
CIPLA,2026-03-05,1314.9,1332.1,1314.9,1326.4,1184085.0
CIPLA,2026-03-06,1326.1,1332.7,1315.0,1321.2,695774.0
CIPLA,2026-03-09,1309.0,1329.8,1292.7,1325.0,1674811.0
CIPLA,2026-03-10,1323.0,1340.3,1317.5,1333.5,1050270.0
CIPLA,2026-03-11,1325.0,1338.1,1324.9,1329.5,1268130.0
CIPLA,2026-03-12,1325.1,1341.7,1319.0,1324.3,1405268.0
CIPLA,2026-03-13,1324.3,1327.5,1301.0,1314.7,1346347.0
CIPLA,2026-03-16,1314.7,1327.9,1291.6,1300.0,1496780.0
CIPLA,2026-03-17,1300.0,1302.6,1275.6,1281.9,2034284.0
CIPLA,2026-03-18,1282.0,1289.5,1264.6,1268.5,2226496.0
CIPLA,2026-03-19,1253.9,1263.5,1235.4,1239.2,1080395.0
CIPLA,2026-03-20,1250.0,1264.0,1248.0,1256.4,1151621.0
CIPLA,2026-03-23,1252.0,1252.7,1217.8,1221.8,1295463.0
CIPLA,2026-03-24,1235.0,1240.0,1216.6,1219.4,853054.0
CIPLA,2026-03-25,1222.7,1252.9,1219.0,1244.4,1466775.0
CIPLA,2026-03-27,1226.5,1249.2,1226.5,1242.3,2220695.0
CIPLA,2026-03-30,1231.2,1235.0,1215.0,1224.2,2089130.0
CIPLA,2026-04-01,1255.0,1257.0,1194.0,1195.9,2180444.0
CIPLA,2026-04-02,1190.0,1196.6,1165.7,1192.4,3128666.0
CIPLA,2026-04-06,1190.3,1206.0,1170.0,1200.9,2188849.0
CIPLA,2026-04-07,1195.0,1210.4,1185.4,1202.4,2046737.0
CIPLA,2026-04-08,1220.0,1223.0,1204.5,1215.9,2476674.0
CIPLA,2026-04-09,1215.2,1231.2,1213.1,1224.4,2545266.0
CIPLA,2026-04-10,1225.4,1239.0,1220.8,1229.5,2086385.0
CIPLA,2026-04-13,1222.3,1222.3,1203.2,1211.1,1611654.0
CIPLA,2026-04-15,1220.0,1228.7,1216.1,1227.0,1297882.0
CIPLA,2026-04-16,1231.0,1235.5,1222.8,1230.5,1778133.0
CIPLA,2026-04-17,1230.5,1244.5,1224.4,1240.8,2291092.0
CIPLA,2026-04-20,1245.0,1246.0,1226.0,1229.5,1158618.0
CIPLA,2026-04-21,1228.6,1236.4,1223.3,1232.5,1428292.0
CIPLA,2026-04-22,1226.0,1240.8,1222.0,1236.3,1172238.0
CIPLA,2026-04-23,1234.1,1308.4,1227.6,1305.9,5274028.0
CIPLA,2026-04-24,1295.0,1303.9,1254.1,1295.0,4427307.0
CIPLA,2026-04-27,1303.2,1320.7,1299.0,1317.2,1721187.0
CIPLA,2026-04-28,1316.0,1326.0,1296.3,1306.5,1501522.0
CIPLA,2026-04-29,1312.0,1322.0,1307.8,1317.6,986556.0
CIPLA,2026-04-30,1317.9,1329.8,1305.0,1309.6,1370336.0
CIPLA,2026-05-04,1320.0,1337.4,1313.6,1335.0,1088765.0
CIPLA,2026-05-05,1339.0,1339.4,1316.4,1333.7,1051020.0
CIPLA,2026-05-06,1340.0,1372.0,1333.1,1364.4,1854812.0
CIPLA,2026-05-07,1370.0,1379.5,1360.1,1362.3,1248019.0
CIPLA,2026-05-08,1355.0,1366.7,1341.3,1347.0,1044824.0
CIPLA,2026-05-11,1347.0,1350.0,1300.1,1304.9,1428197.0
CIPLA,2026-05-12,1304.6,1309.0,1289.0,1292.3,1398439.0
CIPLA,2026-05-13,1279.1,1356.6,1274.7,1327.6,6015153.0
CIPLA,2026-05-14,1362.2,1442.0,1362.2,1436.7,9166941.0
CIPLA,2026-05-15,1436.7,1444.5,1425.2,1432.1,1138894.0
CIPLA,2026-05-18,1422.0,1442.1,1411.8,1426.2,2013605.0
CIPLA,2026-05-19,1420.0,1426.6,1408.7,1409.8,1379218.0
CIPLA,2026-05-20,1392.3,1422.1,1392.3,1399.5,1316586.0
CIPLA,2026-05-21,1406.5,1415.9,1397.7,1401.9,1145360.0
CIPLA,2026-05-22,1409.0,1409.6,1392.0,1399.2,917323.0
CIPLA,2026-05-25,1406.0,1420.0,1398.5,1413.9,668915.0
CIPLA,2026-05-26,1413.9,1422.6,1409.6,1417.5,1132793.0
COALINDIA,2025-05-21,411.65,413.55,404.25,405.35,7393102.0
COALINDIA,2025-05-22,405.0,406.65,393.2,398.85,7936875.0
COALINDIA,2025-05-23,400.2,403.0,399.0,401.5,4178408.0
COALINDIA,2025-05-26,402.55,405.8,401.75,402.7,6067873.0
COALINDIA,2025-05-27,402.5,403.55,398.3,399.95,6553758.0
COALINDIA,2025-05-28,401.0,401.85,396.5,398.2,6002200.0
COALINDIA,2025-05-29,400.0,401.2,397.0,398.2,7724668.0
COALINDIA,2025-05-30,398.95,404.75,396.35,397.3,6565658.0
COALINDIA,2025-06-02,398.95,401.4,395.5,399.7,6119571.0
COALINDIA,2025-06-03,399.7,400.5,390.5,392.85,7360608.0
COALINDIA,2025-06-04,392.85,395.0,389.6,394.6,3861957.0
COALINDIA,2025-06-05,394.6,397.8,392.55,394.9,6097293.0
COALINDIA,2025-06-06,397.85,400.6,396.05,398.95,7633919.0
COALINDIA,2025-06-09,400.9,406.2,400.0,401.0,9626374.0
COALINDIA,2025-06-10,403.0,404.5,398.85,399.55,6362912.0
COALINDIA,2025-06-11,400.1,409.5,398.4,402.1,11946342.0
COALINDIA,2025-06-12,402.0,402.35,391.5,392.7,11262656.0
COALINDIA,2025-06-13,390.0,392.35,386.0,391.2,5253032.0
COALINDIA,2025-06-16,391.0,394.6,386.2,394.35,3706240.0
COALINDIA,2025-06-17,394.0,395.85,390.1,391.3,3248476.0
COALINDIA,2025-06-18,391.3,393.4,388.1,390.35,4118145.0
COALINDIA,2025-06-19,390.35,391.5,383.5,384.25,4416367.0
COALINDIA,2025-06-20,384.2,391.8,384.15,389.05,6531957.0
COALINDIA,2025-06-23,387.0,393.1,384.7,392.5,3359491.0
COALINDIA,2025-06-24,394.45,395.4,390.7,392.65,4606984.0
COALINDIA,2025-06-25,393.85,395.4,391.0,391.75,4672204.0
COALINDIA,2025-06-26,392.0,394.7,390.65,394.15,5569101.0
COALINDIA,2025-06-27,395.0,397.7,392.1,394.15,16253653.0
COALINDIA,2025-06-30,395.5,397.4,390.8,391.95,4870935.0
COALINDIA,2025-07-01,392.5,393.9,389.0,389.75,5997283.0
COALINDIA,2025-07-02,390.0,391.7,385.45,386.9,7752338.0
COALINDIA,2025-07-03,387.9,389.0,385.5,386.45,3851213.0
COALINDIA,2025-07-04,387.7,387.9,383.4,386.1,3990767.0
COALINDIA,2025-07-07,386.5,386.5,384.0,384.25,2810768.0
COALINDIA,2025-07-08,384.95,385.5,382.3,382.85,5231160.0
COALINDIA,2025-07-09,383.05,388.15,382.85,387.45,4497121.0
COALINDIA,2025-07-10,388.05,388.85,382.55,384.05,4668066.0
COALINDIA,2025-07-11,384.05,384.3,380.6,380.95,4677164.0
COALINDIA,2025-07-14,382.0,385.9,381.5,383.85,5109504.0
COALINDIA,2025-07-15,383.9,387.25,383.45,386.45,4586811.0
COALINDIA,2025-07-16,386.65,388.0,384.95,386.45,5205724.0
COALINDIA,2025-07-17,387.05,388.2,384.9,385.9,3749218.0
COALINDIA,2025-07-18,387.0,389.25,384.1,388.5,5172481.0
COALINDIA,2025-07-21,389.0,389.4,385.4,386.8,4396850.0
COALINDIA,2025-07-22,386.8,391.75,385.5,389.1,5043629.0
COALINDIA,2025-07-23,389.4,392.45,388.85,390.75,3670943.0
COALINDIA,2025-07-24,390.1,390.75,383.9,385.55,4022204.0
COALINDIA,2025-07-25,385.55,385.9,380.0,380.8,4616856.0
COALINDIA,2025-07-28,381.2,383.85,377.0,378.35,4521716.0
COALINDIA,2025-07-29,376.95,384.25,376.95,383.65,4872086.0
COALINDIA,2025-07-30,384.0,384.05,379.05,379.9,5107774.0
COALINDIA,2025-07-31,378.0,379.0,374.7,376.35,6461803.0
COALINDIA,2025-08-01,375.0,381.15,370.7,372.5,13769152.0
COALINDIA,2025-08-04,372.45,378.75,370.2,374.7,19756930.0
COALINDIA,2025-08-05,376.0,380.7,374.5,379.5,6846687.0
COALINDIA,2025-08-06,374.0,378.05,373.55,376.85,5808208.0
COALINDIA,2025-08-07,375.0,380.25,373.6,379.55,3468573.0
COALINDIA,2025-08-08,379.0,382.1,378.15,379.7,4172600.0
COALINDIA,2025-08-11,378.0,384.7,376.55,382.5,5740719.0
COALINDIA,2025-08-12,381.55,386.45,381.2,385.35,4860757.0
COALINDIA,2025-08-13,385.95,388.0,385.1,386.1,4216888.0
COALINDIA,2025-08-14,386.1,386.85,382.55,384.45,4034887.0
COALINDIA,2025-08-18,386.65,388.55,384.05,387.8,3520271.0
COALINDIA,2025-08-19,388.5,388.5,384.25,385.35,5219052.0
COALINDIA,2025-08-20,386.0,386.85,383.55,384.7,4904231.0
COALINDIA,2025-08-21,380.95,381.55,377.25,378.15,6212604.0
COALINDIA,2025-08-22,378.15,379.0,374.05,374.45,4699261.0
COALINDIA,2025-08-25,375.0,380.75,374.8,380.0,4349832.0
COALINDIA,2025-08-26,379.0,379.85,371.4,372.45,6381642.0
COALINDIA,2025-08-28,372.5,375.9,368.65,374.3,4372269.0
COALINDIA,2025-08-29,372.65,379.0,372.65,374.8,4578400.0
COALINDIA,2025-09-01,375.3,378.6,375.1,377.9,2829114.0
COALINDIA,2025-09-02,381.15,385.0,379.05,380.1,7511709.0
COALINDIA,2025-09-03,380.95,393.3,380.0,389.8,8111851.0
COALINDIA,2025-09-04,391.8,392.1,385.7,391.45,5515006.0
COALINDIA,2025-09-05,392.4,393.25,389.0,392.65,4535470.0
COALINDIA,2025-09-08,394.0,395.9,386.3,387.05,4607020.0
COALINDIA,2025-09-09,388.7,389.4,386.75,387.95,4376579.0
COALINDIA,2025-09-10,388.5,392.65,388.05,391.9,4285507.0
COALINDIA,2025-09-11,393.65,394.5,390.5,393.35,3442373.0
COALINDIA,2025-09-12,393.55,396.2,393.2,394.35,4276055.0
COALINDIA,2025-09-15,394.35,400.65,394.3,394.75,4618798.0
COALINDIA,2025-09-16,395.0,397.0,394.05,395.8,2581384.0
COALINDIA,2025-09-17,402.0,402.45,397.5,399.75,5970395.0
COALINDIA,2025-09-18,400.5,400.75,390.6,393.15,5899621.0
COALINDIA,2025-09-19,394.0,395.2,391.5,394.5,5272435.0
COALINDIA,2025-09-22,394.5,396.95,393.35,394.7,3399517.0
COALINDIA,2025-09-23,394.75,395.75,392.1,394.05,4720322.0
COALINDIA,2025-09-24,394.5,395.6,391.75,392.85,5139791.0
COALINDIA,2025-09-25,392.05,395.2,391.65,392.5,4563970.0
COALINDIA,2025-09-26,392.5,392.95,388.05,389.15,4698693.0
COALINDIA,2025-09-29,389.8,391.6,385.6,388.3,6606409.0
COALINDIA,2025-09-30,389.7,391.4,387.1,389.95,5362610.0
COALINDIA,2025-10-01,389.8,394.9,387.9,388.5,4976933.0
COALINDIA,2025-10-03,388.5,389.1,381.5,383.35,7431240.0
COALINDIA,2025-10-06,383.5,384.1,379.95,381.9,7022052.0
COALINDIA,2025-10-07,384.0,388.95,383.8,384.7,7895734.0
COALINDIA,2025-10-08,385.5,386.4,381.1,382.1,3642904.0
COALINDIA,2025-10-09,383.0,386.3,380.55,383.35,4628511.0
COALINDIA,2025-10-10,384.0,386.7,382.95,384.5,5061600.0
COALINDIA,2025-10-13,383.25,384.3,380.65,381.55,4750043.0
COALINDIA,2025-10-13,381.5,381.5,381.5,381.5,578569.0
COALINDIA,2025-10-14,381.0,381.0,381.0,381.0,542293.0
COALINDIA,2025-10-14,382.05,385.15,380.1,380.95,4288494.0
COALINDIA,2025-10-15,381.25,385.4,381.25,384.25,6135157.0
COALINDIA,2025-10-16,385.0,387.95,384.5,387.6,3513302.0
COALINDIA,2025-10-17,387.6,389.5,385.25,388.8,4093872.0
COALINDIA,2025-10-20,390.0,392.0,388.45,390.6,4007425.0
COALINDIA,2025-10-21,393.1,393.15,390.6,391.1,678084.0
COALINDIA,2025-10-23,391.6,394.4,390.45,392.65,4311356.0
COALINDIA,2025-10-24,392.65,395.45,390.8,394.05,4070949.0
COALINDIA,2025-10-27,395.5,398.2,393.6,396.7,5438773.0
COALINDIA,2025-10-28,396.95,398.2,389.35,391.4,7672258.0
COALINDIA,2025-10-29,393.25,399.3,380.05,382.0,26856509.0
COALINDIA,2025-10-30,389.0,389.0,389.0,387.7,1.0
COALINDIA,2025-10-30,382.95,388.95,379.3,387.7,15154040.0
COALINDIA,2025-10-31,389.95,394.2,387.75,388.65,13103909.0
COALINDIA,2025-11-03,390.55,390.9,387.3,388.55,14152223.0
COALINDIA,2025-11-04,380.0,382.0,376.5,377.55,10536699.0
COALINDIA,2025-11-06,378.7,378.7,372.35,373.15,6648689.0
COALINDIA,2025-11-07,372.0,376.75,371.5,376.0,4650451.0
COALINDIA,2025-11-10,376.1,382.4,376.1,381.35,4451727.0
COALINDIA,2025-11-11,381.45,383.0,378.6,382.8,3299015.0
COALINDIA,2025-11-12,384.25,387.6,382.7,386.5,4326520.0
COALINDIA,2025-11-13,386.5,387.4,382.75,383.2,3480764.0
COALINDIA,2025-11-14,383.2,387.35,382.3,386.95,3760163.0
COALINDIA,2025-11-17,387.0,389.2,386.15,387.85,3847261.0
COALINDIA,2025-11-18,387.85,387.85,382.95,383.95,4462641.0
COALINDIA,2025-11-19,383.1,383.85,378.45,379.05,5332643.0
COALINDIA,2025-11-20,381.0,381.25,377.55,379.65,3971851.0
COALINDIA,2025-11-21,378.0,380.35,377.55,378.2,3088629.0
COALINDIA,2025-11-24,378.15,378.2,372.0,372.55,5543493.0
COALINDIA,2025-11-25,372.6,373.4,369.6,370.05,4902920.0
COALINDIA,2025-11-26,371.85,377.7,371.3,377.35,4102285.0
COALINDIA,2025-11-27,377.35,378.7,376.1,378.05,3330267.0
COALINDIA,2025-11-28,379.0,379.2,374.9,376.15,4689402.0
COALINDIA,2025-12-01,376.9,380.0,375.8,379.65,4217206.0
COALINDIA,2025-12-02,379.5,379.9,376.75,378.95,3695491.0
COALINDIA,2025-12-03,378.95,379.3,372.2,375.25,4650434.0
COALINDIA,2025-12-04,375.0,379.75,373.8,379.05,3135061.0
COALINDIA,2025-12-05,378.9,380.65,376.5,379.95,3154258.0
COALINDIA,2025-12-08,380.9,380.9,375.55,377.35,3911363.0
COALINDIA,2025-12-09,375.1,381.2,373.35,379.35,4242651.0
COALINDIA,2025-12-10,378.5,382.9,378.25,382.15,4752336.0
COALINDIA,2025-12-11,382.35,385.35,380.5,384.0,2695140.0
COALINDIA,2025-12-12,384.55,385.75,382.25,383.35,1410201.0
COALINDIA,2025-12-15,384.0,385.0,380.1,384.45,1870236.0
COALINDIA,2025-12-16,384.0,384.2,378.35,381.6,5109787.0
COALINDIA,2025-12-17,380.85,385.5,380.8,384.75,3651138.0
COALINDIA,2025-12-18,384.4,386.5,382.85,385.3,2379619.0
COALINDIA,2025-12-19,385.0,387.35,383.5,385.6,3611941.0
COALINDIA,2025-12-22,385.6,386.95,384.05,386.25,3112021.0
COALINDIA,2025-12-23,387.45,400.95,386.45,400.4,18487395.0
COALINDIA,2025-12-24,403.8,412.4,401.75,402.35,17624423.0
COALINDIA,2025-12-26,403.8,408.4,400.6,402.15,5435637.0
COALINDIA,2025-12-29,404.0,405.5,399.0,400.65,6105510.0
COALINDIA,2025-12-30,400.0,400.2,395.5,398.0,4418163.0
COALINDIA,2025-12-31,398.4,404.0,397.55,399.0,4644679.0
COALINDIA,2026-01-01,399.0,402.8,398.25,400.45,3161157.0
COALINDIA,2026-01-02,401.35,429.5,401.0,427.9,35090129.0
COALINDIA,2026-01-05,430.95,436.7,423.5,427.45,17258568.0
COALINDIA,2026-01-06,427.0,431.3,424.7,427.05,6308113.0
COALINDIA,2026-01-07,426.95,432.45,423.65,431.65,8920605.0
COALINDIA,2026-01-08,431.65,434.0,423.45,425.25,5991259.0
COALINDIA,2026-01-09,423.7,428.35,417.2,418.35,7306605.0
COALINDIA,2026-01-12,418.9,433.15,415.65,432.3,14407896.0
COALINDIA,2026-01-13,434.0,435.8,425.6,428.9,7104004.0
COALINDIA,2026-01-14,428.0,442.0,427.4,432.2,17125550.0
COALINDIA,2026-01-16,432.2,433.6,428.0,431.0,6410141.0
COALINDIA,2026-01-19,431.0,432.85,428.35,430.15,7105031.0
COALINDIA,2026-01-20,430.1,430.95,413.55,415.3,6768420.0
COALINDIA,2026-01-21,414.95,419.65,411.55,414.05,7312100.0
COALINDIA,2026-01-22,417.15,426.85,417.15,423.2,11497522.0
COALINDIA,2026-01-23,424.0,425.8,415.4,418.4,6520896.0
COALINDIA,2026-01-27,421.0,426.95,418.9,422.9,8749844.0
COALINDIA,2026-01-28,423.5,445.95,421.6,444.05,17496873.0
COALINDIA,2026-01-29,446.0,461.55,442.55,455.75,16915601.0
COALINDIA,2026-01-30,453.95,453.95,437.0,440.75,10191610.0
COALINDIA,2026-02-01,440.0,440.6,417.5,419.55,6197770.0
COALINDIA,2026-02-02,419.0,425.5,413.0,423.5,9618062.0
COALINDIA,2026-02-03,437.0,437.0,419.95,429.4,13955805.0
COALINDIA,2026-02-04,431.5,441.4,428.45,434.9,11476290.0
COALINDIA,2026-02-05,437.0,437.8,427.7,431.85,5252658.0
COALINDIA,2026-02-06,430.55,434.2,427.05,432.8,4738027.0
COALINDIA,2026-02-09,434.0,434.8,429.8,431.7,4512635.0
COALINDIA,2026-02-10,432.0,433.75,428.7,430.95,5103221.0
COALINDIA,2026-02-11,426.2,427.95,420.3,423.25,5715603.0
COALINDIA,2026-02-12,423.75,425.95,416.15,419.15,5987886.0
COALINDIA,2026-02-13,412.3,417.6,408.1,408.95,8190851.0
COALINDIA,2026-02-16,408.0,423.85,406.6,422.5,9719418.0
COALINDIA,2026-02-17,422.25,424.6,418.5,421.55,4564907.0
COALINDIA,2026-02-18,418.45,418.8,413.1,418.0,4872345.0
COALINDIA,2026-02-19,418.0,419.85,414.6,416.15,3824366.0
COALINDIA,2026-02-20,416.0,425.5,415.05,423.55,8843227.0
COALINDIA,2026-02-23,426.0,427.5,418.95,426.0,6515765.0
COALINDIA,2026-02-24,424.0,432.0,422.1,430.95,8950772.0
COALINDIA,2026-02-25,430.95,439.65,428.55,438.6,8935314.0
COALINDIA,2026-02-26,438.75,439.55,429.5,433.5,8650353.0
COALINDIA,2026-02-27,432.8,434.4,425.45,430.65,8147373.0
COALINDIA,2026-03-02,417.9,429.6,416.0,426.25,7498197.0
COALINDIA,2026-03-04,426.0,437.9,426.0,435.15,18921256.0
COALINDIA,2026-03-05,440.15,458.5,440.0,449.4,30106255.0
COALINDIA,2026-03-06,451.15,451.6,438.6,440.45,10553695.0
COALINDIA,2026-03-09,439.0,447.2,434.8,437.65,15824576.0
COALINDIA,2026-03-10,444.8,444.9,433.75,443.55,10860312.0
COALINDIA,2026-03-11,447.0,453.9,445.15,446.75,9975869.0
COALINDIA,2026-03-12,446.75,474.0,445.0,470.1,27328045.0
COALINDIA,2026-03-13,473.0,476.0,462.3,467.0,20216953.0
COALINDIA,2026-03-16,467.0,470.8,456.0,460.3,12312203.0
COALINDIA,2026-03-17,460.3,465.5,458.0,462.25,9193238.0
COALINDIA,2026-03-18,462.25,462.85,449.2,455.2,9539041.0
COALINDIA,2026-03-19,450.9,460.0,450.65,454.2,10192726.0
COALINDIA,2026-03-20,456.7,472.4,456.2,468.15,23878653.0
COALINDIA,2026-03-23,466.0,466.0,450.65,455.25,10163783.0
COALINDIA,2026-03-24,463.0,463.0,439.0,442.1,20320746.0
COALINDIA,2026-03-25,443.55,446.4,438.8,443.7,8630612.0
COALINDIA,2026-03-27,446.0,448.5,441.05,445.05,17184280.0
COALINDIA,2026-03-30,445.05,459.9,443.1,450.45,19114688.0
COALINDIA,2026-04-01,464.0,464.85,446.8,449.4,14960312.0
COALINDIA,2026-04-02,448.4,453.3,440.5,449.35,6701003.0
COALINDIA,2026-04-06,449.3,461.45,447.4,459.55,12403745.0
COALINDIA,2026-04-07,458.05,463.8,455.3,463.0,11316785.0
COALINDIA,2026-04-08,464.0,464.0,447.0,449.25,20653569.0
COALINDIA,2026-04-09,449.25,456.2,447.85,454.1,9468415.0
COALINDIA,2026-04-10,455.0,459.6,427.5,434.1,29605732.0
COALINDIA,2026-04-13,435.0,439.5,431.5,435.1,18702296.0
COALINDIA,2026-04-15,439.0,439.0,431.4,435.8,10149319.0
COALINDIA,2026-04-16,436.5,436.95,430.5,432.75,11776638.0
COALINDIA,2026-04-17,432.8,440.15,430.5,438.75,10733309.0
COALINDIA,2026-04-20,438.6,443.7,433.3,441.75,8090840.0
COALINDIA,2026-04-21,442.3,445.3,441.9,443.15,5336558.0
COALINDIA,2026-04-22,443.8,447.75,442.5,444.15,6991939.0
COALINDIA,2026-04-23,444.25,451.5,442.65,450.65,8989280.0
COALINDIA,2026-04-24,452.75,462.0,451.05,456.0,16441909.0
COALINDIA,2026-04-27,458.5,460.65,450.65,452.5,6922067.0
COALINDIA,2026-04-28,456.2,473.9,456.2,467.0,26732373.0
COALINDIA,2026-04-29,469.85,485.7,464.05,479.9,18063862.0
COALINDIA,2026-04-30,484.45,491.25,478.4,481.45,16935052.0
COALINDIA,2026-05-04,481.6,487.0,475.6,479.95,7757497.0
COALINDIA,2026-05-05,479.95,480.0,471.2,472.6,6946902.0
COALINDIA,2026-05-06,473.85,477.5,468.05,470.2,8596697.0
COALINDIA,2026-05-07,470.2,472.85,456.1,466.65,24264105.0
COALINDIA,2026-05-08,461.2,463.35,454.9,456.4,15767759.0
COALINDIA,2026-05-11,456.0,465.75,452.85,464.45,6258261.0
COALINDIA,2026-05-12,465.0,469.0,461.65,463.05,6464174.0
COALINDIA,2026-05-13,463.25,473.6,459.5,462.25,12091924.0
COALINDIA,2026-05-14,464.0,469.8,451.45,454.05,11408675.0
COALINDIA,2026-05-15,457.0,468.5,455.25,462.2,7859575.0
COALINDIA,2026-05-18,462.0,468.5,457.05,462.1,7735499.0
COALINDIA,2026-05-19,462.1,463.25,454.0,456.95,7319865.0
COALINDIA,2026-05-20,456.0,460.05,452.7,458.7,3756072.0
COALINDIA,2026-05-21,458.7,465.25,457.25,460.2,7425043.0
COALINDIA,2026-05-22,460.0,462.85,456.0,456.55,9201635.0
COALINDIA,2026-05-25,460.0,462.55,456.0,458.0,8441223.0
COALINDIA,2026-05-26,458.0,475.65,455.0,458.15,17073323.0
COCHINSHIP,2025-05-21,1817.6,1851.0,1757.9,1838.8,9293058.0
COCHINSHIP,2025-05-22,1840.9,1931.0,1820.7,1903.8,10045412.0
COCHINSHIP,2025-05-23,1923.0,1955.0,1900.0,1915.0,5503083.0
COCHINSHIP,2025-05-26,1915.0,1924.9,1874.5,1884.6,2623641.0
COCHINSHIP,2025-05-27,1887.9,1953.0,1885.2,1925.6,4139318.0
COCHINSHIP,2025-05-28,1939.0,1974.7,1937.0,1952.5,3437727.0
COCHINSHIP,2025-05-29,1963.7,2010.0,1953.0,1979.2,3442627.0
COCHINSHIP,2025-05-30,1975.0,1993.5,1908.9,1947.1,3804068.0
COCHINSHIP,2025-06-02,1943.6,1949.9,1901.0,1923.0,1608601.0
COCHINSHIP,2025-06-03,1926.8,2050.0,1926.8,2034.7,10032378.0
COCHINSHIP,2025-06-04,2055.0,2175.0,2052.2,2086.7,13208301.0
COCHINSHIP,2025-06-05,2108.0,2380.0,2041.3,2350.8,23864711.0
COCHINSHIP,2025-06-06,2421.0,2545.0,2363.6,2392.5,18534152.0
COCHINSHIP,2025-06-09,2406.6,2418.6,2290.8,2301.3,6984192.0
COCHINSHIP,2025-06-10,2315.0,2330.0,2241.0,2258.2,5306794.0
COCHINSHIP,2025-06-11,2268.0,2282.9,2164.0,2194.8,4955277.0
COCHINSHIP,2025-06-12,2200.0,2250.0,2112.1,2128.1,5643346.0
COCHINSHIP,2025-06-13,2087.0,2230.6,2060.0,2161.6,9928649.0
COCHINSHIP,2025-06-16,2172.3,2218.0,2106.0,2188.0,5637883.0
COCHINSHIP,2025-06-17,2193.9,2243.7,2165.8,2192.2,4868682.0
COCHINSHIP,2025-06-18,2194.8,2209.0,2135.2,2143.5,3417182.0
COCHINSHIP,2025-06-19,2144.0,2192.0,2071.0,2085.7,4480331.0
COCHINSHIP,2025-06-20,2090.0,2210.0,2080.0,2179.2,5195062.0
COCHINSHIP,2025-06-23,2180.0,2249.0,2166.4,2231.1,5685325.0
COCHINSHIP,2025-06-24,2254.0,2278.0,2154.0,2165.5,4473394.0
COCHINSHIP,2025-06-25,2177.9,2186.0,2111.0,2134.0,3065799.0
COCHINSHIP,2025-06-26,2143.3,2182.0,2044.1,2091.2,3050446.0
COCHINSHIP,2025-06-27,2104.9,2126.8,2023.1,2044.2,2745762.0
COCHINSHIP,2025-06-30,2064.5,2093.6,2045.8,2065.8,2414088.0
COCHINSHIP,2025-07-01,2085.0,2092.1,2036.6,2045.2,1893630.0
COCHINSHIP,2025-07-02,2055.4,2059.9,2005.0,2025.3,1503047.0
COCHINSHIP,2025-07-03,2029.9,2048.0,2005.0,2015.4,1424216.0
COCHINSHIP,2025-07-04,2031.0,2073.9,2031.0,2057.3,1972155.0
COCHINSHIP,2025-07-07,2065.0,2074.0,2030.0,2051.7,1408214.0
COCHINSHIP,2025-07-08,2053.5,2065.6,2010.0,2021.5,1058542.0
COCHINSHIP,2025-07-09,2022.0,2064.0,2018.9,2036.3,1324846.0
COCHINSHIP,2025-07-10,2041.0,2041.2,2007.0,2017.7,796413.0
COCHINSHIP,2025-07-11,2017.0,2024.0,1971.0,1982.8,1223384.0
COCHINSHIP,2025-07-14,1975.0,1976.2,1920.0,1928.8,1261712.0
COCHINSHIP,2025-07-15,1930.0,1953.6,1920.0,1924.1,1000338.0
COCHINSHIP,2025-07-16,1924.1,1943.0,1912.3,1938.0,696644.0
COCHINSHIP,2025-07-17,1939.0,1940.0,1905.0,1912.6,883285.0
COCHINSHIP,2025-07-18,1919.9,1934.0,1856.7,1867.2,1285301.0
COCHINSHIP,2025-07-21,1865.0,1899.0,1830.0,1876.3,1051368.0
COCHINSHIP,2025-07-22,1882.0,1912.0,1835.0,1840.1,1125190.0
COCHINSHIP,2025-07-23,1849.3,1876.4,1823.6,1870.7,939802.0
COCHINSHIP,2025-07-24,1867.5,1869.0,1840.3,1854.8,715445.0
COCHINSHIP,2025-07-25,1843.2,1855.0,1800.0,1808.4,862339.0
COCHINSHIP,2025-07-28,1800.0,1819.9,1743.2,1753.4,975392.0
COCHINSHIP,2025-07-29,1740.0,1778.0,1717.0,1765.5,1124026.0
COCHINSHIP,2025-07-30,1778.0,1793.0,1758.1,1786.2,614104.0
COCHINSHIP,2025-07-31,1750.0,1804.8,1741.6,1770.8,967856.0
COCHINSHIP,2025-08-01,1767.0,1772.9,1710.0,1718.7,622282.0
COCHINSHIP,2025-08-04,1717.4,1755.8,1709.5,1741.9,545030.0
COCHINSHIP,2025-08-05,1744.1,1760.9,1727.0,1733.7,468455.0
COCHINSHIP,2025-08-06,1745.0,1746.9,1701.7,1707.1,482772.0
COCHINSHIP,2025-08-07,1695.0,1713.6,1660.1,1692.7,676296.0
COCHINSHIP,2025-08-08,1692.8,1704.9,1630.0,1641.0,607511.0
COCHINSHIP,2025-08-11,1649.1,1735.0,1627.8,1660.0,1500416.0
COCHINSHIP,2025-08-12,1679.0,1680.1,1647.3,1667.2,524016.0
COCHINSHIP,2025-08-13,1680.0,1724.0,1665.1,1683.1,1062304.0
COCHINSHIP,2025-08-14,1685.0,1698.1,1655.9,1691.0,524503.0
COCHINSHIP,2025-08-18,1705.0,1725.0,1694.5,1721.7,634683.0
COCHINSHIP,2025-08-19,1722.0,1732.9,1700.4,1707.4,612383.0
COCHINSHIP,2025-08-20,1715.9,1732.4,1693.0,1713.8,566398.0
COCHINSHIP,2025-08-21,1714.0,1765.0,1701.0,1707.4,1151434.0
COCHINSHIP,2025-08-22,1707.4,1722.0,1695.1,1705.5,476216.0
COCHINSHIP,2025-08-25,1718.0,1732.0,1675.7,1683.5,543870.0
COCHINSHIP,2025-08-26,1683.5,1687.0,1635.1,1641.9,490027.0
COCHINSHIP,2025-08-28,1642.0,1644.9,1600.1,1604.4,486553.0
COCHINSHIP,2025-08-29,1605.0,1644.0,1594.0,1608.2,648405.0
COCHINSHIP,2025-09-01,1609.1,1696.0,1609.1,1673.9,1024508.0
COCHINSHIP,2025-09-02,1682.0,1770.0,1664.1,1738.8,1489890.0
COCHINSHIP,2025-09-03,1742.0,1769.4,1720.0,1738.2,942487.0
COCHINSHIP,2025-09-04,1740.5,1754.0,1669.0,1676.2,752683.0
COCHINSHIP,2025-09-05,1675.0,1679.0,1647.9,1652.2,593564.0
COCHINSHIP,2025-09-08,1660.0,1678.4,1645.2,1652.9,713266.0
COCHINSHIP,2025-09-09,1653.0,1664.4,1625.1,1629.5,561567.0
COCHINSHIP,2025-09-10,1630.0,1652.8,1629.9,1643.2,579311.0
COCHINSHIP,2025-09-11,1645.0,1710.0,1640.0,1651.2,1742965.0
COCHINSHIP,2025-09-12,1655.2,1755.0,1641.7,1745.7,3420414.0
COCHINSHIP,2025-09-15,1753.9,1828.0,1750.0,1807.8,3956682.0
COCHINSHIP,2025-09-16,1807.8,1853.0,1762.0,1821.6,2590456.0
COCHINSHIP,2025-09-17,1821.6,1923.8,1820.1,1890.5,4562028.0
COCHINSHIP,2025-09-18,1918.0,1940.0,1894.4,1907.4,4942852.0
COCHINSHIP,2025-09-19,1905.9,1912.0,1873.9,1900.8,1683827.0
COCHINSHIP,2025-09-22,1950.0,1979.9,1911.0,1922.9,2784165.0
COCHINSHIP,2025-09-23,1924.0,1925.0,1876.0,1885.4,1479948.0
COCHINSHIP,2025-09-24,1895.0,1910.0,1866.7,1895.0,1939287.0
COCHINSHIP,2025-09-25,1904.8,1977.0,1892.6,1926.9,4982811.0
COCHINSHIP,2025-09-26,1935.0,1936.6,1856.4,1874.2,1526837.0
COCHINSHIP,2025-09-29,1880.0,1888.9,1755.0,1772.0,2609772.0
COCHINSHIP,2025-09-30,1780.4,1804.8,1762.6,1789.6,1196621.0
COCHINSHIP,2025-10-01,1790.0,1929.9,1774.2,1861.6,4285387.0
COCHINSHIP,2025-10-03,1861.6,1890.0,1832.0,1861.5,1506063.0
COCHINSHIP,2025-10-06,1865.0,1882.3,1837.0,1853.0,1226229.0
COCHINSHIP,2025-10-07,1853.0,1874.8,1833.8,1839.8,745956.0
COCHINSHIP,2025-10-08,1840.0,1842.5,1790.0,1796.8,1043352.0
COCHINSHIP,2025-10-09,1798.9,1810.0,1780.5,1785.2,901095.0
COCHINSHIP,2025-10-10,1785.6,1805.0,1771.3,1776.3,851632.0
COCHINSHIP,2025-10-13,1774.9,1774.9,1750.5,1760.1,456844.0
COCHINSHIP,2025-10-14,1766.0,1807.0,1763.4,1784.5,1373139.0
COCHINSHIP,2025-10-15,1795.5,1814.8,1777.5,1795.2,926136.0
COCHINSHIP,2025-10-16,1799.0,1814.8,1782.8,1791.0,586614.0
COCHINSHIP,2025-10-17,1785.0,1824.0,1773.0,1792.0,1101864.0
COCHINSHIP,2025-10-20,1800.0,1806.8,1779.0,1797.0,571723.0
COCHINSHIP,2025-10-21,1800.8,1814.5,1800.8,1808.8,188901.0
COCHINSHIP,2025-10-23,1821.0,1834.9,1783.2,1792.4,906858.0
COCHINSHIP,2025-10-24,1810.0,1864.0,1800.1,1824.3,3072570.0
COCHINSHIP,2025-10-27,1826.9,1828.9,1808.0,1820.2,612659.0
COCHINSHIP,2025-10-28,1829.3,1838.3,1806.7,1810.9,578915.0
COCHINSHIP,2025-10-29,1812.0,1826.0,1801.0,1804.5,465217.0
COCHINSHIP,2025-10-30,1804.5,1807.0,1780.0,1782.5,507176.0
COCHINSHIP,2025-10-31,1782.9,1802.0,1776.0,1789.5,543761.0
COCHINSHIP,2025-11-03,1789.5,1797.8,1783.5,1787.0,313736.0
COCHINSHIP,2025-11-04,1787.4,1791.7,1762.4,1768.7,438411.0
COCHINSHIP,2025-11-06,1771.9,1775.0,1698.5,1702.7,838981.0
COCHINSHIP,2025-11-07,1699.0,1735.0,1666.4,1725.8,745707.0
COCHINSHIP,2025-11-10,1729.8,1790.0,1725.8,1755.1,1057367.0
COCHINSHIP,2025-11-11,1754.9,1782.4,1742.7,1754.5,831651.0
COCHINSHIP,2025-11-12,1759.9,1805.0,1748.2,1792.0,1284377.0
COCHINSHIP,2025-11-13,1648.0,1744.4,1645.3,1707.3,3234178.0
COCHINSHIP,2025-11-14,1707.3,1751.0,1696.5,1725.3,1494958.0
COCHINSHIP,2025-11-17,1728.4,1754.6,1717.6,1721.7,878395.0
COCHINSHIP,2025-11-18,1725.0,1729.3,1702.1,1710.0,471434.0
COCHINSHIP,2025-11-19,1705.1,1714.0,1694.4,1699.3,332103.0
COCHINSHIP,2025-11-20,1700.0,1771.0,1700.0,1724.7,1911722.0
COCHINSHIP,2025-11-21,1725.0,1726.4,1695.0,1697.3,533296.0
COCHINSHIP,2025-11-24,1697.3,1702.7,1656.7,1667.4,663284.0
COCHINSHIP,2025-11-25,1667.4,1700.5,1660.0,1682.5,730729.0
COCHINSHIP,2025-11-26,1682.5,1701.7,1671.5,1677.2,588822.0
COCHINSHIP,2025-11-27,1680.0,1694.8,1670.4,1676.0,717426.0
COCHINSHIP,2025-11-28,1681.0,1687.0,1658.5,1666.1,393249.0
COCHINSHIP,2025-12-01,1670.0,1682.9,1661.1,1666.8,311598.0
COCHINSHIP,2025-12-02,1665.0,1675.0,1634.0,1639.9,446369.0
COCHINSHIP,2025-12-03,1640.0,1647.9,1612.5,1622.4,479589.0
COCHINSHIP,2025-12-04,1622.4,1648.0,1614.0,1640.4,438905.0
COCHINSHIP,2025-12-05,1645.2,1652.0,1623.0,1644.0,399327.0
COCHINSHIP,2025-12-08,1658.0,1660.0,1602.5,1616.0,1002488.0
COCHINSHIP,2025-12-09,1615.0,1625.0,1561.0,1617.9,883922.0
COCHINSHIP,2025-12-10,1625.9,1648.9,1605.0,1618.8,518851.0
COCHINSHIP,2025-12-11,1615.0,1619.1,1592.3,1597.0,395649.0
COCHINSHIP,2025-12-12,1602.0,1613.9,1595.0,1599.1,309330.0
COCHINSHIP,2025-12-15,1595.0,1599.1,1582.4,1587.6,287603.0
COCHINSHIP,2025-12-16,1585.0,1587.6,1551.0,1560.4,343460.0
COCHINSHIP,2025-12-17,1565.0,1565.0,1495.0,1502.8,923611.0
COCHINSHIP,2025-12-18,1502.8,1517.6,1477.1,1506.1,732285.0
COCHINSHIP,2025-12-19,1510.0,1554.7,1510.0,1548.3,606429.0
COCHINSHIP,2025-12-22,1557.4,1684.4,1550.9,1666.3,3641800.0
COCHINSHIP,2025-12-23,1677.9,1686.8,1642.4,1646.8,1300532.0
COCHINSHIP,2025-12-24,1644.0,1677.0,1635.0,1649.3,1155083.0
COCHINSHIP,2025-12-26,1651.0,1697.0,1646.0,1652.1,1507690.0
COCHINSHIP,2025-12-29,1661.0,1688.5,1630.1,1637.4,1000304.0
COCHINSHIP,2025-12-30,1639.0,1640.6,1603.1,1614.4,595261.0
COCHINSHIP,2025-12-31,1614.6,1635.0,1614.6,1620.1,407077.0
COCHINSHIP,2026-01-01,1622.0,1634.0,1607.3,1622.6,312028.0
COCHINSHIP,2026-01-02,1622.6,1642.9,1619.4,1629.0,442322.0
COCHINSHIP,2026-01-05,1630.0,1666.6,1621.1,1630.0,1034202.0
COCHINSHIP,2026-01-06,1630.6,1633.3,1602.0,1605.2,598317.0
COCHINSHIP,2026-01-07,1601.0,1618.0,1590.1,1608.2,447929.0
COCHINSHIP,2026-01-08,1608.2,1633.0,1573.0,1580.4,672046.0
COCHINSHIP,2026-01-09,1580.4,1636.8,1561.0,1569.0,1117017.0
COCHINSHIP,2026-01-12,1569.8,1579.0,1520.2,1562.6,1000834.0
COCHINSHIP,2026-01-13,1569.0,1582.5,1538.6,1547.3,551763.0
COCHINSHIP,2026-01-14,1547.0,1559.9,1525.6,1534.4,468787.0
COCHINSHIP,2026-01-16,1535.0,1542.5,1520.5,1526.6,458849.0
COCHINSHIP,2026-01-19,1512.0,1524.6,1501.0,1506.4,476722.0
COCHINSHIP,2026-01-20,1504.0,1510.9,1425.0,1436.9,901653.0
COCHINSHIP,2026-01-21,1437.0,1480.0,1409.0,1467.3,1112063.0
COCHINSHIP,2026-01-22,1476.1,1505.0,1463.0,1498.2,764865.0
COCHINSHIP,2026-01-23,1499.0,1504.0,1474.0,1488.4,444823.0
COCHINSHIP,2026-01-27,1490.0,1544.8,1457.8,1523.1,844991.0
COCHINSHIP,2026-01-28,1526.1,1632.0,1526.0,1622.9,1844824.0
COCHINSHIP,2026-01-29,1629.0,1655.0,1602.0,1610.2,1713970.0
COCHINSHIP,2026-01-30,1608.0,1666.0,1575.0,1659.9,1986637.0
COCHINSHIP,2026-02-01,1675.0,1689.0,1492.0,1554.6,2146229.0
COCHINSHIP,2026-02-02,1559.9,1597.8,1483.3,1512.0,1535114.0
COCHINSHIP,2026-02-03,1578.0,1578.0,1487.2,1508.5,1244801.0
COCHINSHIP,2026-02-04,1508.5,1517.0,1495.6,1502.2,580219.0
COCHINSHIP,2026-02-05,1502.2,1503.5,1476.7,1482.9,468641.0
COCHINSHIP,2026-02-06,1481.8,1496.0,1472.1,1490.1,461400.0
COCHINSHIP,2026-02-09,1490.2,1544.9,1488.6,1524.4,759713.0
COCHINSHIP,2026-02-10,1534.0,1574.0,1524.0,1528.6,662590.0
COCHINSHIP,2026-02-11,1528.6,1534.9,1506.0,1513.7,345826.0
COCHINSHIP,2026-02-12,1513.7,1515.8,1495.0,1500.4,369959.0
COCHINSHIP,2026-02-13,1500.4,1500.4,1462.7,1472.8,424397.0
COCHINSHIP,2026-02-16,1472.8,1482.0,1455.0,1469.4,351246.0
COCHINSHIP,2026-02-17,1550.0,1574.5,1520.0,1525.6,4331935.0
COCHINSHIP,2026-02-18,1532.9,1540.0,1505.9,1529.1,871628.0
COCHINSHIP,2026-02-19,1550.0,1562.3,1501.5,1522.2,993788.0
COCHINSHIP,2026-02-20,1521.3,1543.8,1496.6,1517.6,765676.0
COCHINSHIP,2026-02-23,1517.6,1519.9,1492.6,1501.8,476836.0
COCHINSHIP,2026-02-24,1501.8,1501.8,1478.2,1489.9,354359.0
COCHINSHIP,2026-02-25,1494.0,1504.6,1476.0,1487.1,355321.0
COCHINSHIP,2026-02-26,1487.6,1515.9,1480.1,1500.8,620411.0
COCHINSHIP,2026-02-27,1491.4,1505.0,1474.3,1491.7,500459.0
COCHINSHIP,2026-03-02,1435.0,1524.4,1428.3,1448.9,1164505.0
COCHINSHIP,2026-03-04,1447.3,1447.3,1389.0,1398.0,830833.0
COCHINSHIP,2026-03-05,1405.0,1497.0,1400.2,1447.6,3364197.0
COCHINSHIP,2026-03-06,1458.0,1523.8,1445.9,1490.3,3073346.0
COCHINSHIP,2026-03-09,1490.3,1491.0,1435.1,1454.6,793449.0
COCHINSHIP,2026-03-10,1480.0,1494.4,1453.1,1474.6,1146499.0
COCHINSHIP,2026-03-11,1474.6,1507.1,1450.2,1460.7,633606.0
COCHINSHIP,2026-03-12,1450.0,1452.0,1422.6,1444.3,582483.0
COCHINSHIP,2026-03-13,1435.0,1439.6,1375.0,1385.5,715141.0
COCHINSHIP,2026-03-16,1385.5,1387.6,1310.1,1334.7,1426596.0
COCHINSHIP,2026-03-17,1349.0,1366.0,1328.0,1359.6,897810.0
COCHINSHIP,2026-03-18,1369.0,1414.8,1364.0,1411.9,957703.0
COCHINSHIP,2026-03-19,1394.9,1404.9,1355.7,1361.4,632056.0
COCHINSHIP,2026-03-20,1368.0,1395.0,1331.6,1341.5,814079.0
COCHINSHIP,2026-03-23,1330.9,1333.5,1260.1,1269.2,1034950.0
COCHINSHIP,2026-03-24,1319.0,1321.9,1283.2,1305.1,1136361.0
COCHINSHIP,2026-03-25,1328.0,1352.4,1310.0,1317.4,904626.0
COCHINSHIP,2026-03-27,1305.1,1312.0,1253.0,1256.8,1427301.0
COCHINSHIP,2026-03-30,1243.9,1284.6,1187.0,1193.1,2459243.0
COCHINSHIP,2026-04-01,1244.9,1372.0,1228.1,1338.6,8012279.0
COCHINSHIP,2026-04-02,1300.0,1320.0,1266.8,1314.5,2173478.0
COCHINSHIP,2026-04-06,1310.0,1343.7,1275.1,1333.9,1734231.0
COCHINSHIP,2026-04-07,1333.9,1363.8,1322.3,1348.0,1326825.0
COCHINSHIP,2026-04-08,1420.0,1425.0,1374.2,1379.8,1627642.0
COCHINSHIP,2026-04-09,1380.0,1449.0,1372.5,1423.9,3535624.0
COCHINSHIP,2026-04-10,1436.0,1502.2,1435.0,1464.6,3028553.0
COCHINSHIP,2026-04-13,1417.1,1447.8,1394.2,1435.0,1636477.0
COCHINSHIP,2026-04-15,1465.0,1491.0,1459.2,1479.2,1312701.0
COCHINSHIP,2026-04-16,1492.0,1511.8,1464.0,1498.1,1832570.0
COCHINSHIP,2026-04-17,1500.0,1569.5,1498.1,1561.1,3562913.0
COCHINSHIP,2026-04-20,1568.0,1582.9,1538.0,1544.9,1612096.0
COCHINSHIP,2026-04-21,1540.4,1584.8,1531.2,1556.9,1552083.0
COCHINSHIP,2026-04-22,1556.9,1588.0,1542.9,1583.1,1558646.0
COCHINSHIP,2026-04-23,1580.0,1612.5,1571.8,1592.8,1990037.0
COCHINSHIP,2026-04-24,1595.0,1710.0,1592.8,1664.7,11757918.0
COCHINSHIP,2026-04-27,1677.1,1716.5,1647.2,1679.3,3449868.0
COCHINSHIP,2026-04-28,1682.0,1709.9,1675.2,1695.6,2154823.0
COCHINSHIP,2026-04-29,1714.0,1780.0,1714.0,1773.8,6725966.0
COCHINSHIP,2026-04-30,1773.8,1776.9,1710.6,1733.4,1943753.0
COCHINSHIP,2026-05-04,1742.0,1753.8,1677.3,1719.3,1948916.0
COCHINSHIP,2026-05-05,1710.9,1733.8,1693.8,1712.2,1249349.0
COCHINSHIP,2026-05-06,1725.0,1765.8,1721.9,1753.1,2113987.0
COCHINSHIP,2026-05-07,1760.0,1823.9,1746.0,1814.7,3414471.0
COCHINSHIP,2026-05-08,1830.0,1842.8,1767.9,1776.7,2677634.0
COCHINSHIP,2026-05-11,1760.0,1764.5,1712.0,1716.5,1244517.0
COCHINSHIP,2026-05-12,1715.0,1718.1,1607.6,1616.1,1945837.0
COCHINSHIP,2026-05-13,1619.9,1668.9,1616.2,1653.1,1524918.0
COCHINSHIP,2026-05-14,1662.9,1671.9,1600.1,1645.2,1628896.0
COCHINSHIP,2026-05-15,1645.1,1649.0,1590.0,1594.5,1497079.0
COCHINSHIP,2026-05-18,1549.0,1549.0,1475.0,1513.5,3618669.0
COCHINSHIP,2026-05-19,1516.0,1531.0,1484.1,1489.6,1359052.0
COCHINSHIP,2026-05-20,1486.1,1514.0,1463.1,1507.8,1120941.0
COCHINSHIP,2026-05-21,1526.2,1552.9,1523.0,1531.0,1576652.0
COCHINSHIP,2026-05-22,1535.0,1548.2,1526.5,1532.1,672415.0
COCHINSHIP,2026-05-25,1539.7,1557.0,1523.9,1529.0,740059.0
COCHINSHIP,2026-05-26,1524.9,1556.0,1510.0,1526.2,975462.0
COSMOFIRST,2025-05-21,678.0,693.85,650.0,662.25,148963.0
COSMOFIRST,2025-05-22,691.0,794.7,683.2,794.7,1893306.0
COSMOFIRST,2025-05-23,924.0,953.6,849.15,940.7,2820068.0
COSMOFIRST,2025-05-26,940.0,1034.75,921.0,1034.75,865821.0
COSMOFIRST,2025-05-27,1050.0,1127.4,1050.0,1084.1,1278681.0
COSMOFIRST,2025-05-28,1075.0,1098.0,1039.75,1081.05,582824.0
COSMOFIRST,2025-05-29,1100.0,1133.05,1085.0,1109.65,304068.0
COSMOFIRST,2025-05-30,1094.1,1220.6,1093.8,1188.6,576615.0
COSMOFIRST,2025-06-02,1189.9,1248.0,1172.4,1238.5,417542.0
COSMOFIRST,2025-06-03,1245.0,1263.7,1180.0,1205.5,223782.0
COSMOFIRST,2025-06-04,1216.0,1216.0,1151.1,1167.8,140626.0
COSMOFIRST,2025-06-05,1141.4,1184.3,1124.0,1131.7,123223.0
COSMOFIRST,2025-06-06,1149.8,1149.8,1095.0,1104.5,136118.0
COSMOFIRST,2025-06-09,1104.6,1159.7,1104.6,1159.7,21663.0
COSMOFIRST,2025-06-10,1217.6,1217.6,1161.1,1190.5,332932.0
COSMOFIRST,2025-06-11,1192.0,1250.0,1177.1,1249.8,144811.0
COSMOFIRST,2025-06-12,1265.0,1288.8,1215.9,1226.8,126939.0
COSMOFIRST,2025-06-13,1190.0,1235.0,1168.0,1202.6,83023.0
COSMOFIRST,2025-06-16,1240.0,1262.7,1225.4,1262.7,290100.0
COSMOFIRST,2025-06-17,1280.0,1289.0,1214.0,1223.2,177353.0
COSMOFIRST,2025-06-18,1223.8,1253.4,1200.0,1218.6,83776.0
COSMOFIRST,2025-06-19,1210.0,1251.0,1210.0,1228.6,101478.0
COSMOFIRST,2025-06-20,1240.0,1281.4,1214.2,1245.0,236511.0
COSMOFIRST,2025-06-23,1240.0,1307.2,1232.6,1266.2,381644.0
COSMOFIRST,2025-06-24,1288.0,1288.0,1202.9,1202.9,160904.0
COSMOFIRST,2025-06-25,1202.0,1213.7,1152.4,1157.1,173585.0
COSMOFIRST,2025-06-26,1160.0,1214.9,1152.0,1164.0,171315.0
COSMOFIRST,2025-06-27,1164.4,1172.8,1119.1,1136.1,91121.0
COSMOFIRST,2025-06-30,1136.1,1183.9,1132.8,1164.0,84797.0
COSMOFIRST,2025-07-01,1171.9,1181.3,1157.4,1174.8,49805.0
COSMOFIRST,2025-07-02,1174.8,1191.9,1141.2,1171.9,72902.0
COSMOFIRST,2025-07-03,1141.9,1165.8,1136.0,1143.8,41497.0
COSMOFIRST,2025-07-04,1147.2,1157.0,1123.0,1138.2,38893.0
COSMOFIRST,2025-07-07,1145.0,1155.1,1124.9,1150.6,42304.0
COSMOFIRST,2025-07-08,1137.3,1149.6,1124.6,1130.2,22131.0
COSMOFIRST,2025-07-09,1130.2,1186.7,1130.2,1185.2,112451.0
COSMOFIRST,2025-07-10,1199.0,1215.0,1172.5,1186.0,77759.0
COSMOFIRST,2025-07-11,1191.9,1198.9,1130.0,1144.0,55804.0
COSMOFIRST,2025-07-14,1143.8,1143.8,1104.0,1129.4,70224.0
COSMOFIRST,2025-07-15,1139.3,1150.0,1126.0,1129.6,45325.0
COSMOFIRST,2025-07-16,1130.5,1165.0,1130.5,1144.3,84192.0
COSMOFIRST,2025-07-17,1168.0,1178.0,1135.0,1157.9,80096.0
COSMOFIRST,2025-07-18,1157.9,1159.7,1134.0,1137.0,20929.0
COSMOFIRST,2025-07-21,1135.0,1147.6,1115.0,1121.0,30145.0
COSMOFIRST,2025-07-22,1126.6,1133.7,1110.1,1114.7,25282.0
COSMOFIRST,2025-07-23,1115.0,1121.4,1098.0,1100.5,59224.0
COSMOFIRST,2025-07-24,1099.9,1105.0,1070.0,1085.1,49048.0
COSMOFIRST,2025-07-25,1100.0,1104.0,1054.3,1077.5,72696.0
COSMOFIRST,2025-07-28,1080.0,1088.9,1019.9,1019.9,78177.0
COSMOFIRST,2025-07-29,1020.0,1023.2,972.4,1003.0,121171.0
COSMOFIRST,2025-07-30,1003.0,1053.1,1002.0,1029.6,113881.0
COSMOFIRST,2025-07-31,1005.0,1045.3,1005.0,1017.6,40597.0
COSMOFIRST,2025-08-01,1025.1,1068.4,1010.0,1038.3,163039.0
COSMOFIRST,2025-08-04,1030.0,1090.2,1030.0,1066.9,93354.0
COSMOFIRST,2025-08-05,1067.5,1120.2,1067.4,1120.2,105001.0
COSMOFIRST,2025-08-06,1135.0,1137.4,1064.2,1064.2,89601.0
COSMOFIRST,2025-08-07,1060.0,1064.1,1003.1,1036.3,113557.0
COSMOFIRST,2025-08-08,1026.2,1056.1,1012.8,1024.6,42454.0
COSMOFIRST,2025-08-11,1024.0,1057.2,1015.4,1042.4,41073.0
COSMOFIRST,2025-08-12,1045.0,1084.9,1036.4,1077.8,78377.0
COSMOFIRST,2025-08-13,1079.0,1079.0,1028.0,1061.7,134492.0
COSMOFIRST,2025-08-14,1100.0,1129.5,1003.0,1017.2,317651.0
COSMOFIRST,2025-08-18,1026.0,1030.5,986.9,1021.6,171211.0
COSMOFIRST,2025-08-19,1021.6,1056.0,1015.3,1048.0,68181.0
COSMOFIRST,2025-08-20,1058.5,1058.5,1025.0,1029.1,31028.0
COSMOFIRST,2025-08-21,1030.4,1042.4,1025.0,1025.2,24534.0
COSMOFIRST,2025-08-22,1020.2,1032.9,1001.1,1020.3,59493.0
COSMOFIRST,2025-08-25,1010.1,1028.3,1010.0,1025.2,27455.0
COSMOFIRST,2025-08-26,1024.0,1034.9,995.5,1006.3,36846.0
COSMOFIRST,2025-08-28,1005.0,1013.3,979.9,991.6,94813.0
COSMOFIRST,2025-08-29,991.1,1012.4,978.2,989.0,47790.0
COSMOFIRST,2025-09-01,999.4,1012.45,985.05,987.65,49265.0
COSMOFIRST,2025-09-02,987.65,1005.0,982.5,988.8,71089.0
COSMOFIRST,2025-09-03,991.55,1001.0,985.5,996.6,60375.0
COSMOFIRST,2025-09-04,1005.0,1008.0,949.5,958.75,74481.0
COSMOFIRST,2025-09-05,955.0,972.4,950.0,963.15,45745.0
COSMOFIRST,2025-09-08,965.95,966.0,923.1,933.25,115086.0
COSMOFIRST,2025-09-09,930.0,943.0,919.2,937.35,60002.0
COSMOFIRST,2025-09-10,946.65,992.95,937.35,948.65,210818.0
COSMOFIRST,2025-09-11,948.65,957.4,933.1,937.3,37330.0
COSMOFIRST,2025-09-12,943.0,944.7,922.65,924.05,68320.0
COSMOFIRST,2025-09-15,924.15,929.05,914.05,921.9,66915.0
COSMOFIRST,2025-09-16,927.0,933.9,916.55,929.1,50683.0
COSMOFIRST,2025-09-17,932.05,954.0,927.05,930.75,52739.0
COSMOFIRST,2025-09-18,930.8,937.3,917.35,920.65,35865.0
COSMOFIRST,2025-09-19,915.5,928.7,909.8,915.05,41334.0
COSMOFIRST,2025-09-22,915.05,962.9,910.05,939.8,85149.0
COSMOFIRST,2025-09-23,939.0,942.85,915.4,916.55,38387.0
COSMOFIRST,2025-09-24,916.55,924.85,891.0,900.0,37806.0
COSMOFIRST,2025-09-25,900.0,908.95,870.0,875.65,65871.0
COSMOFIRST,2025-09-26,875.65,882.6,844.5,849.65,51757.0
COSMOFIRST,2025-09-29,850.0,861.4,829.0,832.65,30715.0
COSMOFIRST,2025-09-30,832.0,858.85,828.0,848.05,58547.0
COSMOFIRST,2025-10-01,856.55,888.0,852.35,872.55,46665.0
COSMOFIRST,2025-10-03,871.0,886.0,863.0,871.2,44182.0
COSMOFIRST,2025-10-06,871.2,894.35,869.9,886.25,58146.0
COSMOFIRST,2025-10-07,894.9,917.7,888.6,903.25,121799.0
COSMOFIRST,2025-10-08,900.5,902.45,875.25,877.95,28804.0
COSMOFIRST,2025-10-09,873.55,905.0,850.0,900.0,57121.0
COSMOFIRST,2025-10-10,900.0,910.3,891.15,898.5,37122.0
COSMOFIRST,2025-10-13,898.0,912.25,895.0,899.55,42364.0
COSMOFIRST,2025-10-14,900.0,908.55,893.55,900.35,54435.0
COSMOFIRST,2025-10-15,900.4,903.25,857.9,866.6,58739.0
COSMOFIRST,2025-10-16,860.0,898.0,860.0,884.15,48638.0
COSMOFIRST,2025-10-17,884.15,890.1,871.25,875.75,33911.0
COSMOFIRST,2025-10-20,870.0,885.7,863.35,868.45,25197.0
COSMOFIRST,2025-10-21,860.0,880.3,860.0,876.55,4820.0
COSMOFIRST,2025-10-23,869.0,899.6,869.0,880.55,57311.0
COSMOFIRST,2025-10-24,876.0,881.8,851.1,858.3,64560.0
COSMOFIRST,2025-10-27,857.5,878.0,856.05,862.8,33728.0
COSMOFIRST,2025-10-28,865.0,872.45,852.5,855.8,23529.0
COSMOFIRST,2025-10-29,862.7,874.05,840.1,867.6,44603.0
COSMOFIRST,2025-10-30,872.0,872.35,843.95,847.6,26916.0
COSMOFIRST,2025-10-31,844.0,853.2,825.0,831.9,35378.0
COSMOFIRST,2025-11-03,831.9,891.0,831.5,870.65,115629.0
COSMOFIRST,2025-11-04,870.65,886.5,866.6,881.25,87802.0
COSMOFIRST,2025-11-06,870.5,881.0,860.15,865.2,49893.0
COSMOFIRST,2025-11-07,864.0,914.95,855.2,875.6,73626.0
COSMOFIRST,2025-11-10,879.95,882.6,872.6,875.8,42803.0
COSMOFIRST,2025-11-11,875.0,876.25,835.0,837.75,47177.0
COSMOFIRST,2025-11-12,835.2,862.85,796.1,801.5,131693.0
COSMOFIRST,2025-11-13,823.0,830.45,801.5,804.2,89585.0
COSMOFIRST,2025-11-14,805.0,805.05,784.0,790.35,44257.0
COSMOFIRST,2025-11-17,791.0,802.9,784.55,786.2,30828.0
COSMOFIRST,2025-11-18,786.0,800.5,759.15,765.15,100370.0
COSMOFIRST,2025-11-19,765.15,770.95,755.15,765.95,35409.0
COSMOFIRST,2025-11-20,765.0,772.95,742.75,746.9,39480.0
COSMOFIRST,2025-11-21,739.45,748.45,728.0,732.9,36141.0
COSMOFIRST,2025-11-24,730.0,730.0,701.0,708.2,41135.0
COSMOFIRST,2025-11-25,702.0,718.95,702.0,706.9,48985.0
COSMOFIRST,2025-11-26,706.0,731.45,706.0,711.55,42506.0
COSMOFIRST,2025-11-27,711.0,716.95,696.0,711.1,106291.0
COSMOFIRST,2025-11-28,708.1,743.95,707.0,728.0,55320.0
COSMOFIRST,2025-12-01,727.5,741.95,712.05,718.75,31536.0
COSMOFIRST,2025-12-02,718.75,741.0,709.65,730.15,37672.0
COSMOFIRST,2025-12-03,730.0,733.0,721.75,729.05,30062.0
COSMOFIRST,2025-12-04,720.05,733.85,720.05,732.9,31224.0
COSMOFIRST,2025-12-05,725.55,734.95,711.7,718.65,76387.0
COSMOFIRST,2025-12-08,713.1,718.8,663.05,673.0,82839.0
COSMOFIRST,2025-12-09,673.0,759.8,659.95,744.45,502448.0
COSMOFIRST,2025-12-10,737.0,769.9,734.25,755.2,99388.0
COSMOFIRST,2025-12-11,755.0,755.0,721.0,740.0,59380.0
COSMOFIRST,2025-12-12,738.45,744.95,715.45,718.05,38445.0
COSMOFIRST,2025-12-15,723.8,745.4,707.0,710.95,48947.0
COSMOFIRST,2025-12-16,710.95,712.0,694.0,695.85,47739.0
COSMOFIRST,2025-12-17,695.85,704.8,690.75,697.1,43913.0
COSMOFIRST,2025-12-18,697.1,697.45,678.15,679.6,28543.0
COSMOFIRST,2025-12-19,679.6,688.3,675.7,687.4,35787.0
COSMOFIRST,2025-12-22,688.0,696.85,684.25,689.3,48376.0
COSMOFIRST,2025-12-23,690.85,690.85,679.95,681.55,32917.0
COSMOFIRST,2025-12-24,682.0,689.3,668.15,672.55,39545.0
COSMOFIRST,2025-12-26,681.6,691.3,667.0,668.95,30796.0
COSMOFIRST,2025-12-29,669.0,680.95,663.5,674.0,26236.0
COSMOFIRST,2025-12-30,674.0,680.45,667.9,678.35,20139.0
COSMOFIRST,2025-12-31,672.0,689.3,672.0,687.4,31184.0
COSMOFIRST,2026-01-01,685.0,692.3,672.7,677.9,26590.0
COSMOFIRST,2026-01-02,678.1,704.9,678.1,695.2,51756.0
COSMOFIRST,2026-01-05,697.75,705.9,684.8,686.1,48833.0
COSMOFIRST,2026-01-06,681.5,686.45,668.8,674.7,49346.0
COSMOFIRST,2026-01-07,678.9,683.45,670.2,677.5,74639.0
COSMOFIRST,2026-01-08,680.0,691.2,670.7,673.1,49175.0
COSMOFIRST,2026-01-09,668.3,671.25,651.9,654.65,40392.0
COSMOFIRST,2026-01-12,650.6,664.4,637.0,650.25,32083.0
COSMOFIRST,2026-01-13,648.7,657.25,639.0,643.15,38116.0
COSMOFIRST,2026-01-14,643.15,654.45,640.7,641.9,44963.0
COSMOFIRST,2026-01-16,647.65,659.5,639.45,643.4,38998.0
COSMOFIRST,2026-01-19,642.0,642.65,623.8,626.6,59324.0
COSMOFIRST,2026-01-20,625.0,626.6,584.05,588.4,156398.0
COSMOFIRST,2026-01-21,591.9,620.35,587.5,595.6,150745.0
COSMOFIRST,2026-01-22,598.45,618.0,585.0,613.05,96247.0
COSMOFIRST,2026-01-23,619.0,619.0,575.0,577.4,100488.0
COSMOFIRST,2026-01-27,580.85,596.6,573.45,585.3,51284.0
COSMOFIRST,2026-01-28,585.3,597.8,584.65,590.6,62033.0
COSMOFIRST,2026-01-29,590.25,595.45,577.8,584.45,39165.0
COSMOFIRST,2026-01-30,581.05,601.8,576.0,595.5,35486.0
COSMOFIRST,2026-02-01,585.8,594.4,570.0,576.85,29411.0
COSMOFIRST,2026-02-02,576.0,585.0,560.8,579.65,62291.0
COSMOFIRST,2026-02-03,651.95,674.55,630.15,641.25,237264.0
COSMOFIRST,2026-02-04,635.1,659.35,635.1,644.65,58661.0
COSMOFIRST,2026-02-05,644.65,672.55,627.6,630.25,73379.0
COSMOFIRST,2026-02-06,623.95,629.95,605.5,617.25,71189.0
COSMOFIRST,2026-02-09,628.8,638.9,616.75,631.8,109432.0
COSMOFIRST,2026-02-10,631.8,662.05,630.35,660.1,140235.0
COSMOFIRST,2026-02-11,660.1,710.15,640.0,663.35,288623.0
COSMOFIRST,2026-02-12,653.4,708.0,618.6,700.0,275691.0
COSMOFIRST,2026-02-13,698.05,763.25,676.2,739.2,563194.0
COSMOFIRST,2026-02-16,735.05,737.0,691.65,729.5,227723.0
COSMOFIRST,2026-02-17,728.55,737.0,701.85,707.75,71932.0
COSMOFIRST,2026-02-18,707.0,716.4,696.9,701.6,53611.0
COSMOFIRST,2026-02-19,701.6,718.9,687.6,695.9,72715.0
COSMOFIRST,2026-02-20,686.0,700.8,670.0,673.05,58027.0
COSMOFIRST,2026-02-23,671.55,695.0,660.6,664.55,50036.0
COSMOFIRST,2026-02-24,664.6,666.15,646.1,653.1,32721.0
COSMOFIRST,2026-02-25,653.0,728.8,653.0,700.25,917241.0
COSMOFIRST,2026-02-26,700.95,714.0,699.4,704.65,89828.0
COSMOFIRST,2026-02-27,700.0,730.25,698.0,711.35,130455.0
COSMOFIRST,2026-03-02,653.6,702.85,653.6,687.8,92419.0
COSMOFIRST,2026-03-04,679.6,686.15,667.0,673.1,67957.0
COSMOFIRST,2026-03-05,674.35,696.9,674.35,681.35,70214.0
COSMOFIRST,2026-03-06,684.5,748.1,683.7,700.05,497046.0
COSMOFIRST,2026-03-09,685.0,690.35,667.0,671.75,59692.0
COSMOFIRST,2026-03-10,684.9,686.5,652.3,663.85,114109.0
COSMOFIRST,2026-03-11,668.5,681.7,662.0,664.7,40240.0
COSMOFIRST,2026-03-12,665.0,671.4,652.6,661.15,82200.0
COSMOFIRST,2026-03-13,656.0,660.3,637.0,645.65,68114.0
COSMOFIRST,2026-03-16,645.65,673.1,613.4,660.85,116727.0
COSMOFIRST,2026-03-17,660.0,666.15,634.05,639.85,81517.0
COSMOFIRST,2026-03-18,643.0,660.0,631.45,642.95,98958.0
COSMOFIRST,2026-03-19,640.0,655.0,616.15,621.65,80345.0
COSMOFIRST,2026-03-20,630.95,648.4,622.1,624.55,46997.0
COSMOFIRST,2026-03-23,623.15,623.15,586.0,588.9,81615.0
COSMOFIRST,2026-03-24,602.95,618.0,600.0,609.95,113755.0
COSMOFIRST,2026-03-25,621.5,626.8,608.0,610.5,170598.0
COSMOFIRST,2026-03-27,610.9,611.2,590.0,595.05,119284.0
COSMOFIRST,2026-03-30,594.4,610.45,579.65,595.45,164737.0
COSMOFIRST,2026-04-01,602.95,634.65,602.95,623.95,75010.0
COSMOFIRST,2026-04-02,622.0,622.0,598.1,615.6,66252.0
COSMOFIRST,2026-04-06,614.95,627.6,602.25,622.2,41101.0
COSMOFIRST,2026-04-07,617.95,631.0,614.05,623.25,31238.0
COSMOFIRST,2026-04-08,645.0,655.0,636.4,650.25,64966.0
COSMOFIRST,2026-04-09,645.05,667.45,640.0,643.65,75413.0
COSMOFIRST,2026-04-10,647.5,669.7,647.5,656.05,115223.0
COSMOFIRST,2026-04-13,645.0,668.45,632.7,663.15,48218.0
COSMOFIRST,2026-04-15,672.0,684.0,668.1,673.6,55904.0
COSMOFIRST,2026-04-16,684.95,684.95,659.0,664.4,100094.0
COSMOFIRST,2026-04-17,672.7,679.7,666.2,668.75,55861.0
COSMOFIRST,2026-04-20,661.65,676.95,654.5,660.3,57065.0
COSMOFIRST,2026-04-21,666.85,688.6,664.7,675.9,85496.0
COSMOFIRST,2026-04-22,671.0,699.0,671.0,696.75,118196.0
COSMOFIRST,2026-04-23,697.05,741.3,697.05,716.0,218731.0
COSMOFIRST,2026-04-24,722.0,727.0,692.5,698.3,74048.0
COSMOFIRST,2026-04-27,700.0,714.0,699.0,708.5,52924.0
COSMOFIRST,2026-04-28,707.5,744.0,705.5,719.6,116787.0
COSMOFIRST,2026-04-29,721.05,724.95,710.0,712.55,81201.0
COSMOFIRST,2026-04-30,708.0,716.55,696.55,713.75,46545.0
COSMOFIRST,2026-05-04,724.45,732.0,713.45,717.9,46919.0
COSMOFIRST,2026-05-05,715.0,717.45,691.6,696.1,35698.0
COSMOFIRST,2026-05-06,700.0,730.0,700.0,724.85,128489.0
COSMOFIRST,2026-05-07,725.05,782.9,723.05,769.05,344798.0
COSMOFIRST,2026-05-08,772.0,822.8,757.0,815.45,375599.0
COSMOFIRST,2026-05-11,808.0,828.95,770.0,779.5,135540.0
COSMOFIRST,2026-05-12,776.0,779.6,750.85,762.85,83404.0
COSMOFIRST,2026-05-13,765.0,776.45,744.6,763.75,81210.0
COSMOFIRST,2026-05-14,762.0,774.85,759.05,763.05,36591.0
COSMOFIRST,2026-05-15,763.15,769.2,755.0,760.1,33409.0
COSMOFIRST,2026-05-18,755.0,774.0,733.5,767.7,49981.0
COSMOFIRST,2026-05-19,769.95,818.8,762.0,811.6,173891.0
COSMOFIRST,2026-05-20,805.9,815.9,791.0,797.5,71820.0
COSMOFIRST,2026-05-21,835.0,865.0,794.0,799.75,1082916.0
COSMOFIRST,2026-05-22,808.55,814.0,766.65,771.1,182445.0
COSMOFIRST,2026-05-25,776.2,792.0,761.0,768.15,119455.0
COSMOFIRST,2026-05-26,768.15,787.9,762.5,771.85,108397.0
CROMPTON,2025-05-21,348.0,350.35,342.75,349.05,2416117.0
CROMPTON,2025-05-22,347.4,348.45,344.35,346.0,2855538.0
CROMPTON,2025-05-23,346.0,353.0,343.05,351.55,1288725.0
CROMPTON,2025-05-26,354.0,359.3,350.55,356.95,2735085.0
CROMPTON,2025-05-27,357.5,358.35,352.15,357.0,2310356.0
CROMPTON,2025-05-28,358.05,358.25,351.15,352.65,1763858.0
CROMPTON,2025-05-29,355.35,360.9,350.7,359.3,2161524.0
CROMPTON,2025-05-30,359.5,360.2,350.85,352.9,1555328.0
CROMPTON,2025-06-02,352.85,355.2,350.0,354.45,1371440.0
CROMPTON,2025-06-03,355.9,355.9,348.5,349.2,1416416.0
CROMPTON,2025-06-04,346.0,350.9,345.2,347.5,1607181.0
CROMPTON,2025-06-05,347.5,351.5,347.1,350.45,1783253.0
CROMPTON,2025-06-06,351.0,353.45,349.0,351.65,965707.0
CROMPTON,2025-06-09,354.15,356.35,352.7,354.35,1168088.0
CROMPTON,2025-06-10,356.0,356.05,352.15,355.0,2238193.0
CROMPTON,2025-06-11,355.45,356.9,349.2,352.55,1098549.0
CROMPTON,2025-06-12,351.8,352.9,341.7,343.75,3146184.0
CROMPTON,2025-06-13,337.0,344.5,336.75,343.9,1428304.0
CROMPTON,2025-06-16,346.7,350.0,343.3,348.65,1250147.0
CROMPTON,2025-06-17,350.0,352.4,347.55,349.55,948053.0
CROMPTON,2025-06-18,347.1,350.5,344.5,346.65,1080692.0
CROMPTON,2025-06-19,347.95,348.5,338.0,339.55,968732.0
CROMPTON,2025-06-20,340.0,345.4,337.8,344.6,1462827.0
CROMPTON,2025-06-23,341.5,349.45,339.25,347.45,1503552.0
CROMPTON,2025-06-24,351.0,352.5,347.25,348.05,1648120.0
CROMPTON,2025-06-25,350.05,355.75,346.7,354.85,2999157.0
CROMPTON,2025-06-26,356.6,358.75,350.8,357.75,3027870.0
CROMPTON,2025-06-27,360.0,362.0,355.65,357.15,1948776.0
CROMPTON,2025-06-30,359.7,360.4,354.1,355.15,1635521.0
CROMPTON,2025-07-01,355.15,356.1,350.1,351.25,2077669.0
CROMPTON,2025-07-02,351.25,352.25,344.4,347.1,1370449.0
CROMPTON,2025-07-03,348.0,354.65,345.8,350.25,1217394.0
CROMPTON,2025-07-04,351.25,356.3,350.15,355.05,1564163.0
CROMPTON,2025-07-07,355.05,358.0,349.15,351.55,1110333.0
CROMPTON,2025-07-08,351.55,351.95,342.4,343.45,2596736.0
CROMPTON,2025-07-09,343.45,345.75,341.5,342.8,963557.0
CROMPTON,2025-07-10,345.8,345.8,342.0,343.8,1421482.0
CROMPTON,2025-07-11,343.9,343.9,333.5,335.65,1663456.0
CROMPTON,2025-07-14,336.0,339.95,334.75,338.65,2419646.0
CROMPTON,2025-07-15,339.5,353.15,339.5,351.85,3626870.0
CROMPTON,2025-07-16,350.0,353.25,347.4,350.25,1553436.0
CROMPTON,2025-07-17,351.0,352.4,348.0,349.6,2360948.0
CROMPTON,2025-07-18,350.5,351.95,343.2,343.85,1798748.0
CROMPTON,2025-07-21,344.95,344.95,337.85,341.15,1282305.0
CROMPTON,2025-07-22,341.3,341.5,333.05,335.95,3615808.0
CROMPTON,2025-07-23,336.95,343.0,334.85,340.0,2419048.0
CROMPTON,2025-07-24,339.8,339.8,333.2,334.15,1276774.0
CROMPTON,2025-07-25,334.5,334.5,328.0,328.95,1536672.0
CROMPTON,2025-07-28,328.75,333.95,326.8,331.2,861761.0
CROMPTON,2025-07-29,329.0,330.55,325.3,327.7,1266410.0
CROMPTON,2025-07-30,330.45,330.8,320.75,324.15,2089982.0
CROMPTON,2025-07-31,322.95,325.8,320.5,323.0,1568950.0
CROMPTON,2025-08-01,322.6,324.95,320.45,321.2,1483613.0
CROMPTON,2025-08-04,321.8,327.6,319.65,327.1,1375813.0
CROMPTON,2025-08-05,327.1,327.1,321.05,323.25,2867169.0
CROMPTON,2025-08-06,322.95,324.05,317.6,319.0,2591418.0
CROMPTON,2025-08-07,319.0,322.75,317.0,319.35,2424367.0
CROMPTON,2025-08-08,315.0,323.0,315.0,319.7,3901406.0
CROMPTON,2025-08-11,318.1,320.3,314.0,317.85,1767812.0
CROMPTON,2025-08-12,317.85,321.65,315.2,317.35,1890781.0
CROMPTON,2025-08-13,317.75,321.1,316.75,318.5,1579937.0
CROMPTON,2025-08-14,320.0,324.25,319.4,319.8,1246603.0
CROMPTON,2025-08-18,325.1,329.1,324.15,325.45,2116903.0
CROMPTON,2025-08-19,325.8,330.7,322.5,329.5,1781293.0
CROMPTON,2025-08-20,329.9,330.3,326.1,328.35,2274711.0
CROMPTON,2025-08-21,330.9,330.9,319.95,320.85,2354813.0
CROMPTON,2025-08-22,320.85,326.0,316.0,316.7,2224130.0
CROMPTON,2025-08-25,318.2,323.95,316.6,322.9,2048986.0
CROMPTON,2025-08-26,323.0,327.3,321.25,324.95,2854082.0
CROMPTON,2025-08-28,324.95,326.3,319.8,324.05,1777977.0
CROMPTON,2025-08-29,323.05,334.4,323.05,330.0,3392084.0
CROMPTON,2025-09-01,331.2,336.4,331.05,335.15,1345273.0
CROMPTON,2025-09-02,337.05,337.5,331.25,333.7,1224187.0
CROMPTON,2025-09-03,335.0,335.15,330.7,332.6,1280428.0
CROMPTON,2025-09-04,337.0,337.0,326.5,327.85,1544039.0
CROMPTON,2025-09-05,327.8,329.8,325.25,327.6,1589492.0
CROMPTON,2025-09-08,328.6,335.0,325.25,327.0,1199089.0
CROMPTON,2025-09-09,328.0,328.05,321.0,321.95,1939329.0
CROMPTON,2025-09-10,324.5,325.4,317.0,317.8,3439176.0
CROMPTON,2025-09-11,319.0,320.15,314.25,315.2,3190684.0
CROMPTON,2025-09-12,318.1,318.1,313.55,314.45,1571326.0
CROMPTON,2025-09-15,315.15,319.45,309.6,311.85,3227840.0
CROMPTON,2025-09-16,312.8,315.0,311.0,313.95,1968239.0
CROMPTON,2025-09-17,315.6,318.75,313.65,315.05,1842251.0
CROMPTON,2025-09-18,319.0,319.0,314.7,316.85,1630108.0
CROMPTON,2025-09-19,317.95,317.95,313.0,313.95,1453920.0
CROMPTON,2025-09-22,314.0,314.5,307.1,308.75,2438609.0
CROMPTON,2025-09-23,309.3,309.6,302.5,305.35,2832595.0
CROMPTON,2025-09-24,305.05,306.6,299.0,300.05,2221061.0
CROMPTON,2025-09-25,300.0,300.9,295.4,299.25,4969829.0
CROMPTON,2025-09-26,299.25,300.05,290.35,292.6,5080459.0
CROMPTON,2025-09-29,294.9,295.6,292.1,293.65,2414846.0
CROMPTON,2025-09-30,294.0,295.5,286.0,291.3,4550209.0
CROMPTON,2025-10-01,291.35,294.55,289.3,293.1,2403173.0
CROMPTON,2025-10-03,295.0,296.05,292.35,295.2,2633199.0
CROMPTON,2025-10-06,297.85,297.85,288.1,289.05,2671943.0
CROMPTON,2025-10-07,290.0,291.1,286.1,287.5,2004020.0
CROMPTON,2025-10-08,289.8,289.8,285.0,285.95,3609043.0
CROMPTON,2025-10-09,287.4,287.95,283.15,284.55,4736898.0
CROMPTON,2025-10-10,286.4,290.5,284.8,287.75,2686053.0
CROMPTON,2025-10-13,288.55,288.55,283.4,284.5,2656931.0
CROMPTON,2025-10-14,285.2,286.4,278.0,280.1,5279016.0
CROMPTON,2025-10-15,282.3,288.95,281.35,288.4,3813531.0
CROMPTON,2025-10-16,290.0,291.35,285.35,288.6,2388997.0
CROMPTON,2025-10-17,289.0,291.3,286.0,287.5,1778582.0
CROMPTON,2025-10-20,289.05,289.1,285.85,287.05,2852534.0
CROMPTON,2025-10-21,290.15,290.3,287.6,288.6,318168.0
CROMPTON,2025-10-23,290.0,293.05,287.65,290.95,2839746.0
CROMPTON,2025-10-24,292.75,294.5,289.0,293.35,3224313.0
CROMPTON,2025-10-27,296.9,296.9,291.5,292.05,3112928.0
CROMPTON,2025-10-28,292.8,293.0,287.5,290.3,4533574.0
CROMPTON,2025-10-29,291.45,292.5,288.75,291.05,2939138.0
CROMPTON,2025-10-30,291.0,291.7,284.7,286.65,3894928.0
CROMPTON,2025-10-31,286.65,289.3,281.95,282.7,4577706.0
CROMPTON,2025-11-03,282.7,285.4,280.85,284.1,3215109.0
CROMPTON,2025-11-04,285.0,286.0,282.4,283.25,2340525.0
CROMPTON,2025-11-06,283.5,284.35,276.4,278.55,2344095.0
CROMPTON,2025-11-07,273.0,279.8,269.1,277.15,6292556.0
CROMPTON,2025-11-10,277.15,286.35,276.05,280.3,5652838.0
CROMPTON,2025-11-11,280.4,280.95,273.65,279.1,2263086.0
CROMPTON,2025-11-12,280.15,282.65,278.3,281.3,4617350.0
CROMPTON,2025-11-13,282.65,282.7,276.35,278.6,2083208.0
CROMPTON,2025-11-14,278.45,279.6,274.35,276.15,3368751.0
CROMPTON,2025-11-17,276.15,278.2,273.65,274.35,1786175.0
CROMPTON,2025-11-18,274.45,277.9,271.15,273.1,2176991.0
CROMPTON,2025-11-19,273.75,275.25,272.8,274.3,2675917.0
CROMPTON,2025-11-20,275.95,275.95,268.9,270.0,2348660.0
CROMPTON,2025-11-21,269.95,271.25,265.95,267.35,1797104.0
CROMPTON,2025-11-24,267.95,269.85,265.0,265.4,1795957.0
CROMPTON,2025-11-25,265.0,265.55,262.15,265.05,2618236.0
CROMPTON,2025-11-26,265.95,271.85,264.4,268.35,2945617.0
CROMPTON,2025-11-27,269.05,269.25,266.15,266.65,1488268.0
CROMPTON,2025-11-28,266.75,267.8,264.6,265.35,1077848.0
CROMPTON,2025-12-01,266.0,267.15,261.6,262.45,2493309.0
CROMPTON,2025-12-02,263.75,264.7,260.25,260.9,1457185.0
CROMPTON,2025-12-03,260.9,261.8,255.25,255.85,4895978.0
CROMPTON,2025-12-04,255.1,261.8,255.1,258.9,1906296.0
CROMPTON,2025-12-05,260.05,263.35,257.5,260.1,2322140.0
CROMPTON,2025-12-08,260.1,260.5,251.55,252.7,1788625.0
CROMPTON,2025-12-09,252.3,254.85,250.1,253.15,1704967.0
CROMPTON,2025-12-10,253.5,256.3,249.0,249.9,2069091.0
CROMPTON,2025-12-11,249.95,252.55,248.4,251.5,1659999.0
CROMPTON,2025-12-12,251.9,255.25,250.3,254.1,1205605.0
CROMPTON,2025-12-15,254.0,254.0,251.2,253.05,757160.0
CROMPTON,2025-12-16,252.8,254.7,251.55,252.45,1629647.0
CROMPTON,2025-12-17,253.15,253.6,248.0,249.15,1706218.0
CROMPTON,2025-12-18,250.6,264.3,250.0,255.65,15018319.0
CROMPTON,2025-12-19,255.65,256.95,250.75,255.6,3766354.0
CROMPTON,2025-12-22,259.95,260.6,256.95,259.1,3417868.0
CROMPTON,2025-12-23,260.9,261.35,257.45,259.7,2771302.0
CROMPTON,2025-12-24,260.0,261.0,256.75,257.4,1650819.0
CROMPTON,2025-12-26,257.4,259.2,255.75,256.85,1421040.0
CROMPTON,2025-12-29,257.9,258.0,253.8,255.4,1235378.0
CROMPTON,2025-12-30,255.0,255.4,250.6,251.6,2674749.0
CROMPTON,2025-12-31,252.0,253.6,247.5,252.25,3355281.0
CROMPTON,2026-01-01,252.3,254.15,248.3,249.25,1673462.0
CROMPTON,2026-01-02,250.0,255.9,247.9,252.1,7080593.0
CROMPTON,2026-01-05,252.7,260.9,250.5,259.75,5740102.0
CROMPTON,2026-01-06,260.5,262.85,257.3,259.9,3372581.0
CROMPTON,2026-01-07,261.0,265.9,259.3,263.45,3737947.0
CROMPTON,2026-01-08,264.0,266.0,256.75,257.65,2677012.0
CROMPTON,2026-01-09,257.75,259.05,250.0,252.35,3912266.0
CROMPTON,2026-01-12,251.5,252.85,247.0,251.15,2834350.0
CROMPTON,2026-01-13,251.9,253.9,248.15,252.8,2258568.0
CROMPTON,2026-01-14,252.6,256.0,251.65,254.7,1388641.0
CROMPTON,2026-01-16,255.0,256.9,250.0,251.2,1899361.0
CROMPTON,2026-01-19,251.2,251.35,242.7,243.2,2400212.0
CROMPTON,2026-01-20,243.35,244.75,232.05,233.6,5202703.0
CROMPTON,2026-01-21,232.9,235.55,228.85,232.25,4280088.0
CROMPTON,2026-01-22,235.95,236.4,229.0,229.65,3048234.0
CROMPTON,2026-01-23,232.8,232.8,223.75,225.3,3859058.0
CROMPTON,2026-01-27,226.0,226.0,219.5,222.15,4314040.0
CROMPTON,2026-01-28,222.7,227.15,222.15,225.4,4143799.0
CROMPTON,2026-01-29,226.9,226.9,218.7,221.7,3914866.0
CROMPTON,2026-01-30,219.6,222.75,217.4,221.45,4231737.0
CROMPTON,2026-02-01,222.95,231.86,221.2,225.9,3034657.0
CROMPTON,2026-02-02,226.47,227.0,219.15,225.41,3743357.0
CROMPTON,2026-02-03,234.97,239.49,229.48,232.69,4511140.0
CROMPTON,2026-02-04,232.81,246.7,232.1,244.06,9631168.0
CROMPTON,2026-02-05,245.74,247.84,241.71,246.63,3565459.0
CROMPTON,2026-02-06,246.95,247.55,241.99,245.03,2074085.0
CROMPTON,2026-02-09,245.06,263.8,243.05,262.92,8983263.0
CROMPTON,2026-02-10,264.0,269.2,260.6,261.66,5938522.0
CROMPTON,2026-02-11,261.99,267.25,261.07,266.04,2779422.0
CROMPTON,2026-02-12,265.0,267.69,261.19,264.4,3035533.0
CROMPTON,2026-02-13,264.0,269.85,255.9,267.52,4504154.0
CROMPTON,2026-02-16,268.0,274.25,265.1,272.66,5983086.0
CROMPTON,2026-02-17,273.0,274.77,268.0,270.55,4061488.0
CROMPTON,2026-02-18,271.0,273.07,267.5,272.52,1942687.0
CROMPTON,2026-02-19,273.0,273.0,265.0,265.9,1943913.0
CROMPTON,2026-02-20,265.0,271.57,264.2,265.43,1924449.0
CROMPTON,2026-02-23,269.5,269.5,263.35,265.46,1685792.0
CROMPTON,2026-02-24,263.6,264.91,259.11,262.43,1381957.0
CROMPTON,2026-02-25,264.0,267.6,260.56,263.3,1630052.0
CROMPTON,2026-02-26,263.3,265.41,260.2,262.5,1643704.0
CROMPTON,2026-02-27,262.8,263.73,255.8,257.85,2045333.0
CROMPTON,2026-03-02,247.0,256.4,246.6,253.45,3967184.0
CROMPTON,2026-03-04,248.0,248.25,243.15,245.35,2658747.0
CROMPTON,2026-03-05,247.2,251.1,241.55,250.1,1376955.0
CROMPTON,2026-03-06,249.9,251.65,247.05,248.0,961019.0
CROMPTON,2026-03-09,239.15,244.35,238.75,241.3,1559512.0
CROMPTON,2026-03-10,243.05,247.1,242.1,245.25,1169549.0
CROMPTON,2026-03-11,245.8,249.5,245.25,247.5,1348965.0
CROMPTON,2026-03-12,248.0,254.5,243.0,247.2,2440630.0
CROMPTON,2026-03-13,246.6,247.85,239.0,246.25,3034305.0
CROMPTON,2026-03-16,246.0,248.8,240.15,247.15,1630711.0
CROMPTON,2026-03-17,248.45,252.0,245.5,248.65,1547555.0
CROMPTON,2026-03-18,249.5,254.0,248.65,250.15,1599160.0
CROMPTON,2026-03-19,248.95,248.95,241.1,242.45,1685619.0
CROMPTON,2026-03-20,244.05,247.75,242.45,243.15,1174291.0
CROMPTON,2026-03-23,241.8,241.8,230.35,233.2,2243916.0
CROMPTON,2026-03-24,236.0,239.7,231.8,237.55,2417807.0
CROMPTON,2026-03-25,238.0,245.8,238.0,242.55,1968484.0
CROMPTON,2026-03-27,240.75,241.9,231.5,232.3,2344761.0
CROMPTON,2026-03-30,230.0,230.05,222.15,223.6,4419666.0
CROMPTON,2026-04-01,228.7,233.31,228.0,232.59,2989782.0
CROMPTON,2026-04-02,228.01,232.8,224.85,231.91,2043088.0
CROMPTON,2026-04-06,231.98,236.32,226.66,235.18,1828702.0
CROMPTON,2026-04-07,233.0,235.48,230.33,234.56,2440115.0
CROMPTON,2026-04-08,242.0,248.8,240.0,246.05,3871701.0
CROMPTON,2026-04-09,246.05,246.36,236.24,237.9,4764822.0
CROMPTON,2026-04-10,239.6,242.75,237.34,241.72,2995165.0
CROMPTON,2026-04-13,236.3,240.73,234.22,237.67,1952501.0
CROMPTON,2026-04-15,241.5,251.38,241.49,247.95,3545223.0
CROMPTON,2026-04-16,252.38,262.1,249.05,260.97,8988325.0
CROMPTON,2026-04-17,263.0,263.5,258.51,261.45,4340724.0
CROMPTON,2026-04-20,262.36,266.94,256.15,261.22,5611186.0
CROMPTON,2026-04-21,263.98,265.57,258.0,258.65,1785812.0
CROMPTON,2026-04-22,258.0,262.85,257.1,261.37,2999029.0
CROMPTON,2026-04-23,261.01,261.01,250.21,253.39,5335493.0
CROMPTON,2026-04-24,254.63,257.0,248.31,250.23,2472229.0
CROMPTON,2026-04-27,253.0,259.83,252.1,258.68,2660391.0
CROMPTON,2026-04-28,258.67,272.5,256.5,269.63,11443201.0
CROMPTON,2026-04-29,270.9,280.89,269.63,276.01,17813850.0
CROMPTON,2026-04-30,272.4,275.09,266.0,272.36,6912508.0
CROMPTON,2026-05-04,273.0,280.0,270.3,277.95,5096674.0
CROMPTON,2026-05-05,277.05,278.3,273.3,275.5,4168821.0
CROMPTON,2026-05-06,277.0,286.9,276.1,284.05,8247404.0
CROMPTON,2026-05-07,284.6,292.95,283.25,290.75,6870435.0
CROMPTON,2026-05-08,290.9,299.15,289.35,293.3,8477610.0
CROMPTON,2026-05-11,290.2,292.9,285.7,290.2,3478542.0
CROMPTON,2026-05-12,290.0,290.2,280.3,282.05,5419634.0
CROMPTON,2026-05-13,282.25,287.65,280.0,284.8,6086493.0
CROMPTON,2026-05-14,286.4,293.5,280.35,288.95,12392861.0
CROMPTON,2026-05-15,289.0,310.5,284.0,301.95,18051421.0
CROMPTON,2026-05-18,298.8,298.8,288.15,293.3,4483026.0
CROMPTON,2026-05-19,295.0,297.7,290.5,293.6,2924150.0
CROMPTON,2026-05-20,289.15,292.9,287.15,290.6,1877603.0
CROMPTON,2026-05-21,291.9,293.95,289.6,291.85,1355199.0
CROMPTON,2026-05-22,292.3,299.9,291.0,294.75,2218686.0
CROMPTON,2026-05-25,296.8,298.25,292.55,293.5,1618146.0
CROMPTON,2026-05-26,293.5,293.6,288.0,289.05,1511338.0
DABUR,2025-05-21,477.8,484.9,477.3,481.75,1927887.0
DABUR,2025-05-22,482.0,483.1,475.0,477.05,1958254.0
DABUR,2025-05-23,477.95,484.45,477.95,481.95,1495455.0
DABUR,2025-05-26,482.0,485.55,479.75,480.3,2584471.0
DABUR,2025-05-27,481.3,485.6,480.4,484.1,1713846.0
DABUR,2025-05-28,484.0,486.8,482.55,484.7,1568432.0
DABUR,2025-05-29,484.7,484.85,479.95,482.1,1599536.0
DABUR,2025-05-30,482.0,486.15,478.7,482.95,6304976.0
DABUR,2025-06-02,484.45,490.2,481.55,484.45,1851827.0
DABUR,2025-06-03,484.45,486.8,482.55,485.65,1460542.0
DABUR,2025-06-04,487.0,493.4,484.4,491.85,2318406.0
DABUR,2025-06-05,494.3,494.35,487.0,488.7,1792668.0
DABUR,2025-06-06,487.4,487.65,480.55,481.25,3468649.0
DABUR,2025-06-09,483.65,486.0,481.35,485.6,1389266.0
DABUR,2025-06-10,486.15,491.4,484.5,489.55,1496169.0
DABUR,2025-06-11,490.0,493.7,485.35,486.5,2168242.0
DABUR,2025-06-12,487.1,487.8,471.45,472.95,3727720.0
DABUR,2025-06-13,468.0,470.05,464.25,466.5,3850751.0
DABUR,2025-06-16,467.6,473.95,465.3,471.7,1942798.0
DABUR,2025-06-17,471.7,474.35,469.15,472.05,1521179.0
DABUR,2025-06-18,472.0,474.15,468.05,470.2,2812394.0
DABUR,2025-06-19,469.0,470.7,464.0,465.1,1349010.0
DABUR,2025-06-20,465.1,468.6,463.9,466.9,2804520.0
DABUR,2025-06-23,465.65,468.35,463.1,467.5,1567027.0
DABUR,2025-06-24,468.0,475.5,468.0,475.1,2587207.0
DABUR,2025-06-25,476.0,481.5,475.35,480.25,2954897.0
DABUR,2025-06-26,482.0,483.3,478.8,481.55,1414934.0
DABUR,2025-06-27,482.7,488.3,481.6,486.35,2780971.0
DABUR,2025-06-30,487.4,487.75,479.4,485.25,3254231.0
DABUR,2025-07-01,487.0,489.2,480.7,482.4,1617894.0
DABUR,2025-07-02,484.8,488.4,479.4,487.55,2358163.0
DABUR,2025-07-03,489.5,492.95,487.5,491.6,2976302.0
DABUR,2025-07-04,493.0,497.4,491.6,495.1,2857925.0
DABUR,2025-07-07,501.9,517.7,496.05,512.75,10017201.0
DABUR,2025-07-08,512.5,514.4,510.5,513.1,1995221.0
DABUR,2025-07-09,511.0,523.45,511.0,522.15,3433335.0
DABUR,2025-07-10,523.7,524.4,517.85,522.4,2272923.0
DABUR,2025-07-11,521.5,535.9,518.6,530.85,4512466.0
DABUR,2025-07-14,530.85,530.85,530.85,530.85,198533.0
DABUR,2025-07-14,533.5,536.5,524.55,526.2,1428794.0
DABUR,2025-07-15,526.5,528.9,523.15,527.0,1243559.0
DABUR,2025-07-16,527.0,530.35,525.1,527.95,2301562.0
DABUR,2025-07-17,530.0,531.7,526.55,528.7,1537940.0
DABUR,2025-07-18,522.45,523.4,518.35,522.6,1616139.0
DABUR,2025-07-21,520.1,522.15,513.4,514.55,1172175.0
DABUR,2025-07-22,515.45,516.5,511.0,515.05,1471884.0
DABUR,2025-07-23,517.75,518.5,510.85,513.85,1898497.0
DABUR,2025-07-24,516.9,516.9,511.0,512.55,3715595.0
DABUR,2025-07-25,512.0,514.0,508.35,511.35,2132786.0
DABUR,2025-07-28,507.0,523.95,507.0,522.0,2759206.0
DABUR,2025-07-29,524.65,525.6,514.65,518.3,2646055.0
DABUR,2025-07-30,519.05,523.25,517.6,522.0,1616247.0
DABUR,2025-07-31,518.3,531.75,517.15,529.0,3024718.0
DABUR,2025-08-01,533.0,547.7,531.9,534.35,8042006.0
DABUR,2025-08-04,534.35,538.85,528.2,529.65,2602888.0
DABUR,2025-08-05,529.65,529.65,521.0,524.7,2027038.0
DABUR,2025-08-06,524.15,524.15,512.0,514.0,931299.0
DABUR,2025-08-07,513.75,519.7,512.1,517.2,957305.0
DABUR,2025-08-08,518.0,519.8,506.0,507.25,510393.0
DABUR,2025-08-11,507.7,511.55,499.3,510.05,1123741.0
DABUR,2025-08-12,510.0,510.95,501.25,502.9,839972.0
DABUR,2025-08-13,503.4,504.95,498.65,503.5,864573.0
DABUR,2025-08-14,504.0,505.5,499.4,500.9,1202134.0
DABUR,2025-08-18,513.9,529.8,512.0,519.1,4810046.0
DABUR,2025-08-19,519.85,522.75,514.0,522.05,645927.0
DABUR,2025-08-20,522.0,536.4,521.1,535.0,12345218.0
DABUR,2025-08-21,535.95,536.45,514.75,515.7,6041694.0
DABUR,2025-08-22,516.0,519.85,514.55,515.95,1596318.0
DABUR,2025-08-25,515.9,520.45,513.45,518.6,1204983.0
DABUR,2025-08-26,518.6,526.8,517.1,522.4,3045617.0
DABUR,2025-08-28,526.55,526.55,512.25,513.85,2068611.0
DABUR,2025-08-29,515.45,528.55,509.7,521.1,3745766.0
DABUR,2025-09-01,521.55,524.55,520.05,523.65,4327053.0
DABUR,2025-09-02,525.0,547.75,523.65,544.6,8973936.0
DABUR,2025-09-03,545.9,549.25,541.25,543.5,2220814.0
DABUR,2025-09-04,565.0,577.0,551.35,552.7,8712233.0
DABUR,2025-09-05,553.8,555.85,542.35,546.7,1489345.0
DABUR,2025-09-08,547.95,551.65,542.7,546.2,782235.0
DABUR,2025-09-09,546.25,547.4,539.25,544.25,1937685.0
DABUR,2025-09-10,546.9,548.95,543.7,547.5,874891.0
DABUR,2025-09-11,547.25,548.4,543.0,544.1,891836.0
DABUR,2025-09-12,544.1,544.1,533.7,538.85,2746427.0
DABUR,2025-09-15,536.5,542.6,536.5,540.9,837561.0
DABUR,2025-09-16,540.6,542.3,534.5,535.7,1405923.0
DABUR,2025-09-17,537.55,539.5,532.2,535.15,822210.0
DABUR,2025-09-18,536.0,539.0,532.4,536.3,2012300.0
DABUR,2025-09-19,536.95,542.8,532.7,535.45,2411369.0
DABUR,2025-09-22,536.0,536.75,518.0,522.05,2892697.0
DABUR,2025-09-23,522.0,522.0,512.65,515.0,3466804.0
DABUR,2025-09-24,515.0,520.95,511.4,517.8,1781081.0
DABUR,2025-09-25,517.8,521.85,505.15,506.3,2356326.0
DABUR,2025-09-26,508.0,508.0,493.0,499.75,3168298.0
DABUR,2025-09-29,497.75,501.7,490.55,492.85,17685374.0
DABUR,2025-09-30,495.0,500.15,489.5,491.3,2645097.0
DABUR,2025-10-01,491.3,496.0,483.65,495.05,2443402.0
DABUR,2025-10-03,495.05,497.8,490.75,496.15,3035129.0
DABUR,2025-10-06,495.5,497.75,491.8,493.35,2681852.0
DABUR,2025-10-07,493.35,502.8,489.9,492.25,4534081.0
DABUR,2025-10-08,485.0,493.2,479.15,480.15,3627391.0
DABUR,2025-10-09,480.45,486.5,479.15,485.4,3052079.0
DABUR,2025-10-10,485.4,490.85,485.4,489.7,1613675.0
DABUR,2025-10-13,488.6,489.6,482.55,487.75,1990140.0
DABUR,2025-10-14,487.75,489.75,484.55,487.35,1611549.0
DABUR,2025-10-15,486.05,494.4,486.05,493.15,2084672.0
DABUR,2025-10-16,493.9,502.0,493.9,500.75,1236003.0
DABUR,2025-10-17,500.6,511.65,499.6,508.35,3436032.0
DABUR,2025-10-20,511.1,511.1,503.5,504.55,824259.0
DABUR,2025-10-21,506.15,507.85,503.45,506.4,128942.0
DABUR,2025-10-23,507.0,515.0,505.3,511.4,3693389.0
DABUR,2025-10-24,512.4,512.4,498.4,508.45,3786598.0
DABUR,2025-10-27,508.5,510.2,504.7,507.05,3258720.0
DABUR,2025-10-28,508.1,508.2,501.0,503.4,2826407.0
DABUR,2025-10-29,503.4,508.9,501.8,508.05,1880484.0
DABUR,2025-10-30,511.5,511.5,499.6,501.55,1744704.0
DABUR,2025-10-31,502.9,502.95,486.7,487.55,4980727.0
DABUR,2025-11-03,488.1,504.45,485.6,503.3,4523334.0
DABUR,2025-11-04,502.3,519.95,501.95,517.05,5322219.0
DABUR,2025-11-06,517.05,524.5,511.05,523.7,3911239.0
DABUR,2025-11-07,522.0,522.0,512.5,518.65,1754801.0
DABUR,2025-11-10,520.0,521.0,512.8,515.45,1005698.0
DABUR,2025-11-11,515.7,521.65,512.65,519.95,1478112.0
DABUR,2025-11-12,519.95,524.9,516.05,522.3,2517903.0
DABUR,2025-11-13,522.0,528.6,517.0,522.2,1859578.0
DABUR,2025-11-14,522.0,527.0,517.55,525.0,1789377.0
DABUR,2025-11-17,529.0,529.9,523.35,524.25,1856462.0
DABUR,2025-11-18,524.2,524.25,512.5,520.85,1958068.0
DABUR,2025-11-19,520.85,523.55,516.6,517.55,2419687.0
DABUR,2025-11-20,519.05,527.0,516.7,525.05,2956054.0
DABUR,2025-11-21,525.05,525.05,514.3,515.65,2659623.0
DABUR,2025-11-24,516.95,517.85,511.4,512.4,5926288.0
DABUR,2025-11-25,511.4,515.45,509.0,514.4,2050235.0
DABUR,2025-11-26,514.15,520.05,513.85,517.2,914828.0
DABUR,2025-11-27,517.25,520.5,514.75,519.15,1262843.0
DABUR,2025-11-28,520.45,520.45,513.45,517.4,999605.0
DABUR,2025-12-01,517.45,519.35,514.15,515.25,1619957.0
DABUR,2025-12-02,513.1,517.85,507.0,507.95,2434279.0
DABUR,2025-12-03,505.15,509.05,500.8,506.0,1388012.0
DABUR,2025-12-04,505.15,510.25,502.55,508.1,1371715.0
DABUR,2025-12-05,503.25,510.8,502.35,510.1,1205977.0
DABUR,2025-12-08,508.1,510.9,500.75,504.45,1140189.0
DABUR,2025-12-09,500.35,505.95,498.0,503.6,1423785.0
DABUR,2025-12-10,505.0,505.95,498.1,502.55,1311806.0
DABUR,2025-12-11,500.1,503.35,496.65,501.75,1116224.0
DABUR,2025-12-12,502.5,503.7,494.0,495.0,1506050.0
DABUR,2025-12-15,493.5,499.9,493.1,497.2,993514.0
DABUR,2025-12-16,497.0,504.5,494.6,497.2,1484940.0
DABUR,2025-12-17,497.0,498.6,492.3,494.15,551891.0
DABUR,2025-12-18,494.05,494.05,489.55,492.55,683973.0
DABUR,2025-12-19,493.0,495.0,491.4,493.95,1241449.0
DABUR,2025-12-22,495.4,497.5,493.05,493.7,998215.0
DABUR,2025-12-23,494.15,495.5,491.45,493.15,993407.0
DABUR,2025-12-24,493.15,495.05,489.05,490.55,850597.0
DABUR,2025-12-26,490.7,492.95,487.8,488.2,518698.0
DABUR,2025-12-29,488.35,491.25,485.95,489.3,982019.0
DABUR,2025-12-30,489.4,497.35,487.0,495.65,2216264.0
DABUR,2025-12-31,495.0,509.9,494.9,503.6,2391679.0
DABUR,2026-01-01,505.0,505.9,497.85,499.95,698247.0
DABUR,2026-01-02,501.45,526.35,499.0,522.6,5340608.0
DABUR,2026-01-05,524.0,534.0,519.9,521.2,3290459.0
DABUR,2026-01-06,517.4,522.65,501.25,520.35,2899294.0
DABUR,2026-01-07,523.8,527.0,518.75,520.9,2870097.0
DABUR,2026-01-08,520.0,526.6,515.0,519.45,3203359.0
DABUR,2026-01-09,518.7,525.55,516.1,522.4,1522552.0
DABUR,2026-01-12,522.3,525.95,519.5,524.0,1894623.0
DABUR,2026-01-13,525.0,529.15,516.75,522.05,1288670.0
DABUR,2026-01-14,518.1,523.7,511.1,513.75,798936.0
DABUR,2026-01-16,513.75,520.3,512.0,514.55,660633.0
DABUR,2026-01-19,510.8,517.8,510.2,512.75,581267.0
DABUR,2026-01-20,512.75,516.5,503.85,505.1,807821.0
DABUR,2026-01-21,501.1,518.4,501.1,516.2,4341920.0
DABUR,2026-01-22,521.0,529.55,519.15,525.35,4249013.0
DABUR,2026-01-23,525.35,533.0,517.9,519.0,2352107.0
DABUR,2026-01-27,520.5,521.0,512.1,513.4,1475952.0
DABUR,2026-01-28,513.95,518.0,502.2,515.75,2775407.0
DABUR,2026-01-29,515.8,517.2,499.35,510.45,1887628.0
DABUR,2026-01-30,512.15,519.9,501.35,506.6,2737132.0
DABUR,2026-02-01,509.25,518.0,494.8,502.1,1363827.0
DABUR,2026-02-02,501.0,503.0,493.85,499.0,2469560.0
DABUR,2026-02-03,509.0,510.0,495.6,500.5,1860653.0
DABUR,2026-02-04,500.0,506.2,496.8,501.2,1059709.0
DABUR,2026-02-05,501.55,507.9,499.35,504.3,1537272.0
DABUR,2026-02-06,502.0,509.0,498.55,508.3,950728.0
DABUR,2026-02-09,510.5,516.0,507.55,514.4,1265939.0
DABUR,2026-02-10,516.0,520.65,510.0,519.7,1143420.0
DABUR,2026-02-11,519.7,523.0,517.0,522.35,1282937.0
DABUR,2026-02-12,520.65,522.85,516.1,519.55,911264.0
DABUR,2026-02-13,517.25,518.95,510.1,512.45,1746636.0
DABUR,2026-02-16,512.9,515.95,508.05,514.25,667469.0
DABUR,2026-02-17,511.1,519.05,511.1,516.8,963143.0
DABUR,2026-02-18,525.0,525.3,503.5,510.6,4359136.0
DABUR,2026-02-19,510.6,514.3,500.05,501.65,923005.0
DABUR,2026-02-20,501.15,511.15,500.4,509.7,1277646.0
DABUR,2026-02-23,509.0,515.95,507.3,514.35,1044529.0
DABUR,2026-02-24,514.45,519.75,512.75,518.05,1517098.0
DABUR,2026-02-25,521.25,523.75,516.5,518.65,3015805.0
DABUR,2026-02-26,518.65,525.0,517.4,524.45,714000.0
DABUR,2026-02-27,523.05,525.5,512.0,518.5,2414657.0
DABUR,2026-03-02,500.8,513.75,500.8,507.6,2107282.0
DABUR,2026-03-04,499.0,504.95,486.0,487.4,1732747.0
DABUR,2026-03-05,494.0,494.0,482.0,487.9,972511.0
DABUR,2026-03-06,486.0,486.15,477.5,478.6,1190560.0
DABUR,2026-03-09,472.55,473.05,464.2,466.7,858312.0
DABUR,2026-03-10,472.55,483.45,471.2,480.9,1029742.0
DABUR,2026-03-11,485.0,485.0,470.0,471.85,861166.0
DABUR,2026-03-12,471.3,471.3,456.5,459.35,1756738.0
DABUR,2026-03-13,454.8,462.45,452.05,453.5,1711951.0
DABUR,2026-03-16,455.0,461.45,449.2,458.85,2534686.0
DABUR,2026-03-17,460.3,460.7,451.9,452.6,1315801.0
DABUR,2026-03-18,452.2,455.8,450.0,451.85,2602680.0
DABUR,2026-03-19,448.7,448.7,428.8,430.2,3248941.0
DABUR,2026-03-20,433.7,434.8,429.0,430.7,1933160.0
DABUR,2026-03-23,428.95,428.95,416.05,417.35,3382496.0
DABUR,2026-03-24,422.1,426.2,417.0,421.4,2473037.0
DABUR,2026-03-25,425.0,439.15,421.1,431.0,2329148.0
DABUR,2026-03-27,430.0,430.0,418.5,419.6,1692776.0
DABUR,2026-03-30,417.5,417.5,408.0,410.45,2504445.0
DABUR,2026-04-01,420.0,420.95,412.2,414.95,979365.0
DABUR,2026-04-02,412.45,420.0,403.35,417.25,1150474.0
DABUR,2026-04-06,423.5,423.85,408.35,413.7,2859076.0
DABUR,2026-04-07,413.5,416.2,408.5,414.25,2064376.0
DABUR,2026-04-08,425.0,430.65,422.9,427.25,1650777.0
DABUR,2026-04-09,427.1,433.4,422.95,429.4,1797506.0
DABUR,2026-04-10,425.0,437.8,424.75,435.7,2166631.0
DABUR,2026-04-13,430.05,432.4,422.65,424.75,1187970.0
DABUR,2026-04-15,430.2,437.4,428.25,433.25,4079260.0
DABUR,2026-04-16,435.5,441.4,426.4,427.55,3639152.0
DABUR,2026-04-17,427.0,444.1,424.2,442.85,4983325.0
DABUR,2026-04-20,443.95,447.3,436.55,441.7,1662485.0
DABUR,2026-04-21,441.65,455.45,439.05,452.0,3053842.0
DABUR,2026-04-22,452.0,465.0,450.75,460.0,2380888.0
DABUR,2026-04-23,458.9,461.3,452.7,460.0,1370343.0
DABUR,2026-04-24,460.0,462.5,448.1,451.1,1509926.0
DABUR,2026-04-27,452.45,457.4,451.0,452.0,677273.0
DABUR,2026-04-28,452.15,453.1,449.0,450.15,533943.0
DABUR,2026-04-29,449.05,458.25,449.05,456.0,1078626.0
DABUR,2026-04-30,456.0,456.0,440.35,441.5,1448773.0
DABUR,2026-05-04,445.0,450.9,443.0,445.65,1046716.0
DABUR,2026-05-05,446.8,462.2,445.85,460.55,2742900.0
DABUR,2026-05-06,465.0,468.0,458.6,466.25,2906897.0
DABUR,2026-05-07,469.35,474.5,461.1,470.0,2831472.0
DABUR,2026-05-08,485.0,490.5,469.1,487.7,11860370.0
DABUR,2026-05-11,485.0,485.0,471.2,473.45,2033029.0
DABUR,2026-05-12,472.75,476.25,469.55,473.25,2195129.0
DABUR,2026-05-13,480.8,480.8,461.6,463.1,2495630.0
DABUR,2026-05-14,467.0,469.9,457.85,464.75,1901251.0
DABUR,2026-05-15,465.3,471.5,460.5,467.7,932763.0
DABUR,2026-05-18,466.8,466.8,453.9,456.35,1177536.0
DABUR,2026-05-19,456.35,462.25,451.5,452.8,1222771.0
DABUR,2026-05-20,449.8,453.0,445.55,450.9,854233.0
DABUR,2026-05-21,453.0,454.1,443.6,446.85,2589322.0
DABUR,2026-05-22,448.0,454.65,445.7,451.05,970954.0
DABUR,2026-05-25,453.4,455.75,446.25,447.2,879387.0
DABUR,2026-05-26,447.2,449.1,445.2,447.6,1154362.0
DATAPATTNS,2025-05-21,2657.9,2829.8,2590.0,2744.2,3672775.0
DATAPATTNS,2025-05-22,2757.0,2767.9,2681.7,2740.8,1072756.0
DATAPATTNS,2025-05-23,2775.0,2780.5,2682.1,2718.4,792695.0
DATAPATTNS,2025-05-26,2730.0,2910.0,2717.8,2824.8,2390879.0
DATAPATTNS,2025-05-27,2832.0,2875.9,2792.2,2813.8,1045833.0
DATAPATTNS,2025-05-28,2824.6,2870.0,2801.8,2845.7,763508.0
DATAPATTNS,2025-05-29,2880.0,2930.0,2841.4,2861.4,944240.0
DATAPATTNS,2025-05-30,2865.0,2920.0,2803.7,2848.2,959867.0
DATAPATTNS,2025-06-02,2850.0,2972.0,2818.3,2947.3,1961597.0
DATAPATTNS,2025-06-03,2960.0,3027.0,2933.3,2963.9,1142851.0
DATAPATTNS,2025-06-04,2960.0,3043.9,2911.9,2985.2,1270764.0
DATAPATTNS,2025-06-05,3003.0,3209.9,2974.0,3171.3,2898002.0
DATAPATTNS,2025-06-06,3200.0,3268.8,3050.0,3064.3,1492426.0
DATAPATTNS,2025-06-09,3075.0,3110.1,2942.0,2953.9,791544.0
DATAPATTNS,2025-06-10,2972.8,3136.0,2960.0,3123.4,1633605.0
DATAPATTNS,2025-06-11,3139.0,3139.0,2961.1,3027.8,726518.0
DATAPATTNS,2025-06-12,3026.9,3049.3,2902.6,2930.0,601596.0
DATAPATTNS,2025-06-13,2840.2,3025.0,2840.0,3002.5,845827.0
DATAPATTNS,2025-06-16,3015.4,3059.0,2896.0,2960.8,621057.0
DATAPATTNS,2025-06-17,2975.0,3048.5,2970.1,2999.3,447542.0
DATAPATTNS,2025-06-18,3010.2,3065.0,2971.9,3001.2,501012.0
DATAPATTNS,2025-06-19,3005.9,3115.0,2901.7,2935.1,1129045.0
DATAPATTNS,2025-06-20,2943.0,2998.0,2906.1,2957.8,590173.0
DATAPATTNS,2025-06-23,2956.9,3053.4,2937.2,3023.7,624221.0
DATAPATTNS,2025-06-24,3054.9,3070.0,2922.0,2934.6,442961.0
DATAPATTNS,2025-06-25,2935.0,2945.0,2775.0,2790.6,766545.0
DATAPATTNS,2025-06-26,2804.9,2907.0,2804.9,2862.5,584660.0
DATAPATTNS,2025-06-27,2873.5,2897.9,2805.0,2824.0,324827.0
DATAPATTNS,2025-06-30,2856.6,2912.0,2839.7,2900.7,358820.0
DATAPATTNS,2025-07-01,2900.0,2964.9,2895.0,2929.1,265534.0
DATAPATTNS,2025-07-02,2936.9,2962.4,2913.0,2953.7,244991.0
DATAPATTNS,2025-07-03,2960.0,3006.3,2931.0,2966.8,242977.0
DATAPATTNS,2025-07-04,3000.0,3025.5,2971.6,2981.5,355175.0
DATAPATTNS,2025-07-07,2972.0,2980.0,2916.5,2962.9,177750.0
DATAPATTNS,2025-07-08,2962.9,2999.0,2921.0,2989.7,264428.0
DATAPATTNS,2025-07-09,2980.0,3038.0,2975.4,3025.3,245805.0
DATAPATTNS,2025-07-10,3030.0,3030.3,2921.2,2945.7,218156.0
DATAPATTNS,2025-07-11,2959.9,2968.0,2835.7,2849.1,248556.0
DATAPATTNS,2025-07-14,2854.1,2890.0,2811.0,2862.7,228593.0
DATAPATTNS,2025-07-15,2862.7,2909.9,2852.0,2872.2,144830.0
DATAPATTNS,2025-07-16,2870.0,2909.4,2848.0,2893.2,152962.0
DATAPATTNS,2025-07-17,2895.0,2909.9,2880.0,2895.6,111067.0
DATAPATTNS,2025-07-18,2881.9,2934.7,2735.8,2757.5,380903.0
DATAPATTNS,2025-07-21,2750.7,2752.4,2627.1,2728.2,406644.0
DATAPATTNS,2025-07-22,2728.2,2814.9,2726.2,2808.1,231821.0
DATAPATTNS,2025-07-23,2818.5,2830.0,2746.5,2777.8,131953.0
DATAPATTNS,2025-07-24,2788.0,2802.9,2753.7,2780.7,109481.0
DATAPATTNS,2025-07-25,2780.7,2782.0,2670.9,2677.4,133065.0
DATAPATTNS,2025-07-28,2670.1,2724.5,2558.0,2571.6,262341.0
DATAPATTNS,2025-07-29,2558.1,2625.0,2529.8,2584.4,186512.0
DATAPATTNS,2025-07-30,2600.0,2610.4,2550.1,2592.9,138633.0
DATAPATTNS,2025-07-31,2530.0,2717.1,2520.0,2640.9,308382.0
DATAPATTNS,2025-08-01,2640.0,2640.0,2541.4,2550.5,143700.0
DATAPATTNS,2025-08-04,2540.1,2725.0,2525.7,2713.8,410942.0
DATAPATTNS,2025-08-05,2725.0,2735.0,2630.0,2661.4,235919.0
DATAPATTNS,2025-08-06,2686.0,2710.0,2585.0,2596.1,199422.0
DATAPATTNS,2025-08-07,2590.0,2626.9,2542.1,2569.6,192214.0
DATAPATTNS,2025-08-08,2400.0,2480.0,2351.0,2427.5,1034188.0
DATAPATTNS,2025-08-11,2372.2,2585.7,2372.2,2514.3,701262.0
DATAPATTNS,2025-08-12,2515.0,2548.2,2480.6,2525.1,172009.0
DATAPATTNS,2025-08-13,2537.1,2584.0,2500.0,2506.0,238354.0
DATAPATTNS,2025-08-14,2510.0,2527.9,2501.6,2517.5,121189.0
DATAPATTNS,2025-08-18,2561.8,2615.7,2543.1,2591.4,249491.0
DATAPATTNS,2025-08-19,2598.0,2599.9,2531.0,2541.0,190889.0
DATAPATTNS,2025-08-20,2552.1,2578.5,2505.6,2560.3,222892.0
DATAPATTNS,2025-08-21,2560.3,2610.9,2538.1,2599.9,299982.0
DATAPATTNS,2025-08-22,2598.0,2680.9,2560.1,2590.6,252834.0
DATAPATTNS,2025-08-25,2639.0,2650.0,2548.7,2557.4,156906.0
DATAPATTNS,2025-08-26,2552.1,2593.9,2488.0,2505.6,207037.0
DATAPATTNS,2025-08-28,2493.9,2498.2,2417.0,2425.8,128812.0
DATAPATTNS,2025-08-29,2430.0,2458.7,2376.0,2402.8,141325.0
DATAPATTNS,2025-09-01,2407.0,2522.5,2407.0,2511.8,157657.0
DATAPATTNS,2025-09-02,2530.0,2597.0,2490.9,2545.5,181835.0
DATAPATTNS,2025-09-03,2545.5,2590.4,2527.9,2546.5,86930.0
DATAPATTNS,2025-09-04,2588.0,2588.0,2430.1,2443.3,193784.0
DATAPATTNS,2025-09-05,2454.0,2520.0,2415.2,2476.8,189754.0
DATAPATTNS,2025-09-08,2476.8,2554.6,2470.9,2538.6,140013.0
DATAPATTNS,2025-09-09,2539.0,2576.3,2537.2,2560.8,124075.0
DATAPATTNS,2025-09-10,2566.1,2587.4,2538.2,2568.6,124129.0
DATAPATTNS,2025-09-11,2573.9,2689.0,2565.3,2576.9,493877.0
DATAPATTNS,2025-09-12,2592.0,2726.3,2551.1,2711.0,629024.0
DATAPATTNS,2025-09-15,2750.0,2834.9,2685.1,2717.2,759184.0
DATAPATTNS,2025-09-16,2730.0,2777.0,2686.0,2762.1,258985.0
DATAPATTNS,2025-09-17,2770.0,2925.0,2765.8,2870.2,1032814.0
DATAPATTNS,2025-09-18,2892.5,2892.5,2820.2,2833.8,363272.0
DATAPATTNS,2025-09-19,2828.9,2874.9,2803.5,2860.2,269811.0
DATAPATTNS,2025-09-22,2860.2,2902.9,2800.0,2814.2,228891.0
DATAPATTNS,2025-09-23,2814.2,2860.0,2764.7,2773.3,234908.0
DATAPATTNS,2025-09-24,2770.0,2793.9,2722.6,2737.9,142428.0
DATAPATTNS,2025-09-25,2742.0,2838.0,2730.1,2752.8,287170.0
DATAPATTNS,2025-09-26,2765.0,2765.0,2631.5,2654.9,235276.0
DATAPATTNS,2025-09-29,2669.6,2710.0,2510.0,2541.4,408147.0
DATAPATTNS,2025-09-30,2560.4,2597.4,2504.0,2549.4,163343.0
DATAPATTNS,2025-10-01,2559.9,2653.0,2533.4,2630.9,241862.0
DATAPATTNS,2025-10-03,2644.1,2873.9,2632.0,2835.3,1968332.0
DATAPATTNS,2025-10-06,2839.0,2866.4,2806.4,2841.7,360147.0
DATAPATTNS,2025-10-07,2841.7,2854.8,2782.6,2822.0,197998.0
DATAPATTNS,2025-10-08,2822.0,2825.1,2771.6,2781.2,153943.0
DATAPATTNS,2025-10-09,2786.7,2853.0,2760.8,2824.9,214518.0
DATAPATTNS,2025-10-10,2824.9,2891.5,2784.6,2805.3,321852.0
DATAPATTNS,2025-10-13,2775.1,2805.8,2708.0,2717.6,214135.0
DATAPATTNS,2025-10-14,2728.0,2771.0,2720.4,2759.0,211094.0
DATAPATTNS,2025-10-15,2769.9,2785.0,2689.5,2697.2,348427.0
DATAPATTNS,2025-10-16,2707.0,2744.1,2685.0,2731.7,184246.0
DATAPATTNS,2025-10-17,2730.0,2890.0,2725.0,2806.8,1136442.0
DATAPATTNS,2025-10-20,2820.0,2823.2,2758.7,2782.0,179369.0
DATAPATTNS,2025-10-21,2804.0,2850.0,2801.0,2842.0,103879.0
DATAPATTNS,2025-10-23,2843.0,2861.3,2785.0,2797.9,162496.0
DATAPATTNS,2025-10-24,2811.8,2864.0,2785.2,2798.7,260983.0
DATAPATTNS,2025-10-27,2798.7,2803.2,2745.0,2790.8,176054.0
DATAPATTNS,2025-10-28,2790.8,2830.0,2759.9,2787.5,165744.0
DATAPATTNS,2025-10-29,2787.5,2787.5,2740.9,2753.0,101997.0
DATAPATTNS,2025-10-30,2752.4,2778.4,2700.3,2708.0,159655.0
DATAPATTNS,2025-10-31,2710.0,2755.6,2710.0,2744.0,148617.0
DATAPATTNS,2025-11-03,2744.0,2775.3,2722.8,2751.5,95006.0
DATAPATTNS,2025-11-04,2752.0,2764.6,2690.0,2700.5,123153.0
DATAPATTNS,2025-11-06,2700.5,2707.9,2604.0,2613.8,159738.0
DATAPATTNS,2025-11-07,2607.9,2626.1,2545.0,2616.2,135567.0
DATAPATTNS,2025-11-10,2625.0,2699.1,2610.3,2644.4,190450.0
DATAPATTNS,2025-11-11,2644.4,2808.0,2638.4,2756.7,1092658.0
DATAPATTNS,2025-11-12,2778.9,2830.0,2718.0,2792.2,328396.0
DATAPATTNS,2025-11-13,2940.0,3044.5,2886.6,3003.4,6290518.0
DATAPATTNS,2025-11-14,2991.0,3120.0,2970.2,3100.7,2418278.0
DATAPATTNS,2025-11-17,3110.0,3193.6,3061.1,3085.9,1126659.0
DATAPATTNS,2025-11-18,3072.5,3156.0,3055.4,3114.4,752856.0
DATAPATTNS,2025-11-19,3108.0,3108.9,3027.1,3055.2,405760.0
DATAPATTNS,2025-11-20,3050.0,3215.0,3042.7,3104.6,1830313.0
DATAPATTNS,2025-11-21,3103.0,3144.0,3011.0,3028.4,584477.0
DATAPATTNS,2025-11-24,3018.4,3018.4,2925.0,2941.2,483756.0
DATAPATTNS,2025-11-25,2940.0,3043.2,2935.0,2946.4,760450.0
DATAPATTNS,2025-11-26,2956.1,2999.9,2927.3,2941.8,408211.0
DATAPATTNS,2025-11-27,2950.0,3023.6,2937.2,2965.6,406595.0
DATAPATTNS,2025-11-28,2962.0,3050.0,2958.0,2970.8,656200.0
DATAPATTNS,2025-12-01,2987.0,3025.0,2913.8,2929.1,357428.0
DATAPATTNS,2025-12-02,2925.0,2969.4,2844.4,2895.2,358877.0
DATAPATTNS,2025-12-03,2908.0,2908.0,2850.2,2888.5,248230.0
DATAPATTNS,2025-12-04,2887.8,2965.0,2875.0,2896.9,503479.0
DATAPATTNS,2025-12-05,2897.1,2931.6,2744.0,2766.3,439407.0
DATAPATTNS,2025-12-08,2765.9,2765.9,2569.4,2587.4,659417.0
DATAPATTNS,2025-12-09,2579.1,2634.4,2511.7,2623.6,537066.0
DATAPATTNS,2025-12-10,2628.0,2635.2,2530.0,2543.2,322686.0
DATAPATTNS,2025-12-11,2543.2,2609.9,2515.1,2603.5,289309.0
DATAPATTNS,2025-12-12,2617.0,2626.0,2566.0,2594.2,227718.0
DATAPATTNS,2025-12-15,2590.0,2618.6,2575.0,2606.4,148462.0
DATAPATTNS,2025-12-16,2603.0,2603.0,2550.0,2581.2,184150.0
DATAPATTNS,2025-12-17,2580.0,2580.0,2447.1,2467.7,306261.0
DATAPATTNS,2025-12-18,2467.7,2518.1,2435.5,2512.6,325611.0
DATAPATTNS,2025-12-19,2524.0,2565.0,2503.0,2556.4,173803.0
DATAPATTNS,2025-12-22,2556.4,2639.0,2556.4,2615.4,352933.0
DATAPATTNS,2025-12-23,2615.5,2680.3,2595.2,2657.8,287282.0
DATAPATTNS,2025-12-24,2645.0,2735.0,2630.4,2672.3,429900.0
DATAPATTNS,2025-12-26,2664.4,2747.8,2651.0,2677.8,364500.0
DATAPATTNS,2025-12-29,2682.0,2719.0,2631.3,2651.4,227208.0
DATAPATTNS,2025-12-30,2650.1,2655.0,2556.2,2583.1,291842.0
DATAPATTNS,2025-12-31,2577.2,2645.0,2577.2,2626.6,199095.0
DATAPATTNS,2026-01-01,2623.0,2633.1,2592.8,2601.2,82385.0
DATAPATTNS,2026-01-02,2601.0,2638.0,2596.2,2621.7,107739.0
DATAPATTNS,2026-01-05,2624.0,2745.0,2607.9,2731.3,557525.0
DATAPATTNS,2026-01-06,2737.0,2739.7,2652.0,2678.6,271463.0
DATAPATTNS,2026-01-07,2670.0,2699.9,2647.7,2693.4,132148.0
DATAPATTNS,2026-01-08,2690.0,2774.0,2671.6,2684.4,595436.0
DATAPATTNS,2026-01-09,2672.2,2762.0,2626.2,2650.6,449936.0
DATAPATTNS,2026-01-12,2643.0,2655.0,2553.0,2617.0,317263.0
DATAPATTNS,2026-01-13,2630.0,2651.9,2550.0,2591.5,175798.0
DATAPATTNS,2026-01-14,2582.0,2663.4,2571.1,2578.5,350858.0
DATAPATTNS,2026-01-16,2582.9,2601.7,2522.0,2542.0,289947.0
DATAPATTNS,2026-01-19,2527.0,2568.0,2470.1,2486.0,238051.0
DATAPATTNS,2026-01-20,2477.1,2477.1,2221.4,2250.6,1288037.0
DATAPATTNS,2026-01-21,2250.6,2270.0,2188.5,2214.7,688340.0
DATAPATTNS,2026-01-22,2248.0,2305.0,2231.3,2293.4,462418.0
DATAPATTNS,2026-01-23,2304.0,2304.0,2167.0,2182.5,452250.0
DATAPATTNS,2026-01-27,2199.8,2319.0,2131.0,2297.4,683748.0
DATAPATTNS,2026-01-28,2319.8,2650.0,2297.6,2610.6,2955877.0
DATAPATTNS,2026-01-29,2610.6,2644.3,2544.0,2562.5,1089709.0
DATAPATTNS,2026-01-30,2546.1,2765.0,2515.4,2671.8,1192382.0
DATAPATTNS,2026-02-01,2691.0,2836.6,2298.0,2470.9,1912383.0
DATAPATTNS,2026-02-02,2495.0,2609.9,2453.0,2557.6,1233071.0
DATAPATTNS,2026-02-03,2700.0,2700.9,2549.0,2606.6,629260.0
DATAPATTNS,2026-02-04,2599.0,2650.1,2520.0,2618.6,617285.0
DATAPATTNS,2026-02-05,2618.6,2625.0,2512.0,2523.5,320409.0
DATAPATTNS,2026-02-06,2700.0,2758.9,2574.0,2723.7,3563917.0
DATAPATTNS,2026-02-09,2738.0,2816.0,2700.5,2805.1,841233.0
DATAPATTNS,2026-02-10,2801.0,2927.1,2785.0,2840.5,709477.0
DATAPATTNS,2026-02-11,2850.0,2898.0,2787.0,2832.7,460683.0
DATAPATTNS,2026-02-12,2827.0,2827.0,2751.3,2783.3,288158.0
DATAPATTNS,2026-02-13,2760.0,2789.0,2725.0,2768.8,256905.0
DATAPATTNS,2026-02-16,2755.0,2877.0,2722.9,2828.4,498933.0
DATAPATTNS,2026-02-17,2830.0,2880.0,2796.4,2817.3,260039.0
DATAPATTNS,2026-02-18,2835.0,2911.0,2812.4,2898.1,465438.0
DATAPATTNS,2026-02-19,2901.0,2961.0,2860.0,2914.0,658550.0
DATAPATTNS,2026-02-20,2900.0,3190.0,2880.0,2984.6,2954923.0
DATAPATTNS,2026-02-23,3014.5,3075.0,2970.9,3061.4,805767.0
DATAPATTNS,2026-02-24,3056.0,3129.0,3026.5,3097.7,865752.0
DATAPATTNS,2026-02-25,3113.1,3144.0,3042.0,3070.6,454935.0
DATAPATTNS,2026-02-26,3085.0,3280.0,3046.0,3243.6,2043919.0
DATAPATTNS,2026-02-27,3230.0,3309.9,3161.1,3210.2,967561.0
DATAPATTNS,2026-03-02,3120.0,3348.0,3117.1,3204.3,1854061.0
DATAPATTNS,2026-03-04,3198.7,3249.0,3078.0,3126.3,974618.0
DATAPATTNS,2026-03-05,3124.5,3422.0,3117.0,3359.2,2763865.0
DATAPATTNS,2026-03-06,3369.9,3609.5,3340.0,3491.2,2658765.0
DATAPATTNS,2026-03-09,3491.2,3560.0,3360.1,3493.2,2086215.0
DATAPATTNS,2026-03-10,3555.0,3600.0,3421.4,3441.8,1056610.0
DATAPATTNS,2026-03-11,3441.8,3505.4,3360.0,3383.2,691899.0
DATAPATTNS,2026-03-12,3373.0,3373.0,3230.1,3332.0,703664.0
DATAPATTNS,2026-03-13,3318.6,3339.0,3172.0,3215.0,804393.0
DATAPATTNS,2026-03-16,3215.3,3260.0,3055.1,3095.9,1003505.0
DATAPATTNS,2026-03-17,3096.0,3329.9,3094.5,3300.5,2096185.0
DATAPATTNS,2026-03-18,3305.0,3325.0,3205.0,3302.0,793953.0
DATAPATTNS,2026-03-19,3250.0,3350.0,3211.0,3256.4,931303.0
DATAPATTNS,2026-03-20,3265.8,3376.4,3205.5,3230.8,569222.0
DATAPATTNS,2026-03-23,3206.3,3241.9,3012.6,3072.6,766107.0
DATAPATTNS,2026-03-24,3134.0,3257.1,3101.9,3237.9,791424.0
DATAPATTNS,2026-03-25,3261.9,3342.0,3190.2,3213.3,945482.0
DATAPATTNS,2026-03-27,3195.0,3224.1,3136.6,3153.0,578749.0
DATAPATTNS,2026-03-30,3113.0,3225.0,3015.1,3035.3,875305.0
DATAPATTNS,2026-04-01,3140.0,3180.0,3062.1,3107.6,843921.0
DATAPATTNS,2026-04-02,3069.0,3088.0,2900.1,3055.3,968279.0
DATAPATTNS,2026-04-06,3068.0,3175.9,2998.1,3136.7,821747.0
DATAPATTNS,2026-04-07,3117.0,3246.0,3088.3,3209.1,734094.0
DATAPATTNS,2026-04-08,3325.0,3325.9,3256.7,3280.8,468264.0
DATAPATTNS,2026-04-09,3265.0,3411.5,3248.0,3369.4,993652.0
DATAPATTNS,2026-04-10,3390.0,3473.9,3256.5,3269.6,925712.0
DATAPATTNS,2026-04-13,3224.0,3360.0,3186.0,3343.1,756573.0
DATAPATTNS,2026-04-15,3400.0,3514.1,3400.0,3451.2,954042.0
DATAPATTNS,2026-04-16,3488.0,3534.9,3430.0,3490.5,685164.0
DATAPATTNS,2026-04-17,3525.0,3589.0,3475.0,3494.2,956589.0
DATAPATTNS,2026-04-20,3530.0,3607.0,3444.0,3467.6,1111522.0
DATAPATTNS,2026-04-21,3478.9,3699.0,3470.0,3526.4,2541971.0
DATAPATTNS,2026-04-22,3536.0,3885.0,3515.7,3828.3,2963516.0
DATAPATTNS,2026-04-23,3845.0,4189.9,3784.6,4135.1,5902264.0
DATAPATTNS,2026-04-24,4135.0,4147.0,3868.0,4077.7,3153381.0
DATAPATTNS,2026-04-27,4100.0,4168.0,3940.0,3960.1,1560665.0
DATAPATTNS,2026-04-28,3960.1,4174.7,3960.0,4059.9,1311746.0
DATAPATTNS,2026-04-29,4099.7,4295.0,4066.4,4118.1,1814621.0
DATAPATTNS,2026-04-30,4129.0,4209.7,4027.6,4081.7,1057980.0
DATAPATTNS,2026-05-04,4130.0,4169.8,3892.3,4093.2,1079561.0
DATAPATTNS,2026-05-05,4101.0,4269.0,4060.1,4219.9,1523726.0
DATAPATTNS,2026-05-06,4279.9,4303.0,4121.1,4171.5,1020044.0
DATAPATTNS,2026-05-07,4192.4,4280.0,4180.1,4250.1,716006.0
DATAPATTNS,2026-05-08,4239.9,4287.0,4085.1,4103.4,814195.0
DATAPATTNS,2026-05-11,4090.0,4175.0,4040.0,4142.0,654209.0
DATAPATTNS,2026-05-12,4115.1,4145.3,4015.1,4062.5,544891.0
DATAPATTNS,2026-05-13,4075.0,4226.7,4037.3,4196.2,835377.0
DATAPATTNS,2026-05-14,4250.0,4250.0,3952.0,4010.5,1164041.0
DATAPATTNS,2026-05-15,4010.5,4030.0,3565.6,3876.5,3470053.0
DATAPATTNS,2026-05-18,3869.7,3884.9,3685.0,3752.2,1071054.0
DATAPATTNS,2026-05-19,3770.0,3847.9,3621.6,3634.5,819880.0
DATAPATTNS,2026-05-20,3615.0,3875.0,3600.1,3834.1,1356724.0
DATAPATTNS,2026-05-21,3910.0,4007.9,3872.1,3934.5,983950.0
DATAPATTNS,2026-05-22,3955.0,4084.5,3944.0,3969.7,1026747.0
DATAPATTNS,2026-05-25,4020.0,4148.0,3970.0,4096.0,1081059.0
DATAPATTNS,2026-05-26,4092.0,4147.0,4060.0,4101.7,556839.0
DMART,2025-05-21,4090.0,4125.5,4070.0,4112.7,194859.0
DMART,2025-05-22,4112.8,4128.0,4051.0,4082.7,277337.0
DMART,2025-05-23,4083.9,4153.3,4065.2,4140.8,269462.0
DMART,2025-05-26,4145.0,4170.0,4120.0,4138.4,139851.0
DMART,2025-05-27,4139.8,4149.5,4078.0,4094.0,324619.0
DMART,2025-05-28,4094.0,4101.9,4040.0,4042.3,254917.0
DMART,2025-05-29,4050.0,4070.0,4015.0,4042.3,252344.0
DMART,2025-05-30,4042.3,4085.4,3991.8,4002.1,448046.0
DMART,2025-06-02,3990.0,4044.0,3981.3,4025.5,232097.0
DMART,2025-06-03,4025.5,4058.5,4014.3,4055.2,310603.0
DMART,2025-06-04,4061.6,4085.0,4007.5,4074.5,196473.0
DMART,2025-06-05,4078.0,4244.8,4074.5,4153.5,783594.0
DMART,2025-06-06,4166.0,4240.0,4143.5,4201.6,354672.0
DMART,2025-06-09,4201.6,4227.1,4167.0,4179.1,213415.0
DMART,2025-06-10,4179.1,4192.2,3928.9,4080.0,3585928.0
DMART,2025-06-11,4080.0,4134.3,4051.0,4078.2,688519.0
DMART,2025-06-12,4100.0,4105.0,4032.3,4074.0,769964.0
DMART,2025-06-13,4034.0,4078.5,3983.6,4051.9,303824.0
DMART,2025-06-16,4034.8,4096.9,3983.6,4087.0,271737.0
DMART,2025-06-17,4087.0,4109.0,4041.0,4059.1,232437.0
DMART,2025-06-18,4102.2,4240.0,4081.0,4228.4,1806132.0
DMART,2025-06-19,4229.0,4254.0,4160.3,4203.1,741827.0
DMART,2025-06-20,4203.1,4324.5,4161.1,4300.3,1012429.0
DMART,2025-06-23,4269.1,4358.6,4255.4,4335.8,824556.0
DMART,2025-06-24,4353.0,4356.7,4239.4,4250.6,439985.0
DMART,2025-06-25,4251.3,4294.0,4236.7,4276.4,533866.0
DMART,2025-06-26,4295.0,4333.4,4268.0,4315.4,326677.0
DMART,2025-06-27,4322.9,4348.9,4290.0,4313.5,251774.0
DMART,2025-06-30,4319.8,4395.0,4313.5,4372.3,811305.0
DMART,2025-07-01,4389.0,4483.6,4380.5,4452.4,953859.0
DMART,2025-07-02,4495.5,4495.5,4340.0,4391.9,772653.0
DMART,2025-07-03,4349.5,4374.8,4217.9,4348.7,1833798.0
DMART,2025-07-04,4364.9,4375.5,4251.0,4261.1,488810.0
DMART,2025-07-07,4279.0,4297.0,4230.1,4236.3,247672.0
DMART,2025-07-08,4259.9,4267.7,4193.0,4213.0,378622.0
DMART,2025-07-09,4213.0,4242.4,4171.0,4190.9,234783.0
DMART,2025-07-10,4190.9,4212.1,4150.1,4169.0,294423.0
DMART,2025-07-11,4169.0,4185.0,4041.0,4064.2,802558.0
DMART,2025-07-14,4090.0,4115.0,3930.0,4011.3,2032633.0
DMART,2025-07-15,4020.1,4058.0,3991.7,4026.7,1541742.0
DMART,2025-07-16,4026.8,4127.9,4012.5,4086.0,759577.0
DMART,2025-07-17,4095.9,4100.0,4049.0,4055.9,168284.0
DMART,2025-07-18,4059.9,4073.7,4028.4,4048.6,247574.0
DMART,2025-07-21,4039.8,4049.8,4002.6,4023.7,403439.0
DMART,2025-07-22,4042.7,4084.0,4009.5,4033.3,960660.0
DMART,2025-07-23,4039.9,4050.5,3995.1,4043.9,709291.0
DMART,2025-07-24,4045.5,4069.2,4012.9,4021.0,402668.0
DMART,2025-07-25,4021.8,4027.1,3951.1,3997.0,431585.0
DMART,2025-07-28,3991.0,4019.4,3941.0,3949.9,325329.0
DMART,2025-07-29,3976.3,4007.1,3931.0,3999.0,277427.0
DMART,2025-07-30,3999.0,4324.0,3999.0,4281.4,3389361.0
DMART,2025-07-31,4235.0,4346.8,4235.0,4267.4,1085879.0
DMART,2025-08-01,4267.9,4310.0,4175.0,4196.0,351617.0
DMART,2025-08-04,4196.0,4225.2,4139.1,4197.2,279716.0
DMART,2025-08-05,4200.0,4267.4,4188.1,4257.8,366011.0
DMART,2025-08-06,4284.0,4284.0,4222.5,4242.0,256136.0
DMART,2025-08-07,4241.9,4290.0,4207.1,4263.5,244170.0
DMART,2025-08-08,4220.0,4280.0,4163.0,4170.1,281763.0
DMART,2025-08-11,4150.1,4222.8,4150.1,4184.5,244806.0
DMART,2025-08-12,4184.5,4273.4,4184.5,4252.5,278164.0
DMART,2025-08-13,4255.0,4340.0,4247.3,4334.6,470225.0
DMART,2025-08-14,4334.6,4394.9,4327.1,4358.2,646059.0
DMART,2025-08-18,4446.0,4592.9,4401.5,4558.0,1589953.0
DMART,2025-08-19,4584.9,4661.6,4561.3,4653.2,856309.0
DMART,2025-08-20,4651.5,4759.9,4630.1,4737.9,1269103.0
DMART,2025-08-21,4737.9,4749.6,4673.0,4691.9,873600.0
DMART,2025-08-22,4708.0,4730.0,4636.8,4698.8,449652.0
DMART,2025-08-25,4714.5,4750.5,4700.1,4725.3,853238.0
DMART,2025-08-26,4751.8,4799.1,4696.2,4716.4,911518.0
DMART,2025-08-28,4805.0,4805.0,4671.4,4699.9,648948.0
DMART,2025-08-29,4720.0,4800.5,4680.0,4755.6,591567.0
DMART,2025-09-01,4753.0,4829.0,4720.0,4734.9,564620.0
DMART,2025-09-02,4749.9,4772.0,4670.0,4680.0,395168.0
DMART,2025-09-03,4680.0,4780.0,4675.5,4758.5,406023.0
DMART,2025-09-04,4949.0,4949.5,4781.5,4829.3,999705.0
DMART,2025-09-05,4850.0,4898.5,4767.2,4793.3,247794.0
DMART,2025-09-08,4810.0,4814.9,4690.6,4714.2,214159.0
DMART,2025-09-09,4726.1,4778.0,4691.5,4759.8,184352.0
DMART,2025-09-10,4778.0,4789.8,4613.0,4631.3,341652.0
DMART,2025-09-11,4642.3,4646.0,4562.6,4589.7,381814.0
DMART,2025-09-12,4632.0,4634.0,4587.0,4616.6,384352.0
DMART,2025-09-15,4616.0,4697.5,4575.0,4651.0,384078.0
DMART,2025-09-16,4667.0,4715.0,4655.0,4696.2,239708.0
DMART,2025-09-17,4712.0,4755.1,4693.3,4717.3,299305.0
DMART,2025-09-18,4768.0,4818.0,4745.8,4760.3,420160.0
DMART,2025-09-19,4773.0,4798.0,4728.0,4775.3,456609.0
DMART,2025-09-22,4785.4,4789.8,4655.3,4671.2,253711.0
DMART,2025-09-23,4695.8,4711.7,4572.5,4633.9,398679.0
DMART,2025-09-24,4630.0,4754.6,4606.4,4645.8,484648.0
DMART,2025-09-25,4640.0,4651.7,4565.1,4576.2,454357.0
DMART,2025-09-26,4589.9,4629.3,4510.0,4517.8,504865.0
DMART,2025-09-29,4500.0,4571.0,4483.8,4529.9,429367.0
DMART,2025-09-30,4530.0,4566.9,4419.9,4475.4,733529.0
DMART,2025-10-01,4475.4,4529.7,4422.0,4449.9,507811.0
DMART,2025-10-03,4445.0,4445.0,4387.1,4418.4,477671.0
DMART,2025-10-06,4375.0,4388.1,4269.0,4301.6,1191976.0
DMART,2025-10-07,4315.0,4345.0,4269.0,4303.0,597770.0
DMART,2025-10-08,4305.0,4323.0,4268.0,4294.4,402659.0
DMART,2025-10-09,4294.4,4320.0,4275.0,4305.1,224961.0
DMART,2025-10-10,4308.9,4365.9,4301.5,4320.4,423959.0
DMART,2025-10-13,4275.0,4349.9,4192.1,4202.6,959344.0
DMART,2025-10-14,4235.0,4246.0,4196.7,4205.2,276492.0
DMART,2025-10-15,4230.0,4275.0,4215.0,4259.6,415827.0
DMART,2025-10-16,4278.0,4334.8,4267.4,4316.1,363379.0
DMART,2025-10-17,4312.0,4316.1,4276.9,4302.5,234370.0
DMART,2025-10-20,4310.0,4319.7,4260.0,4275.3,228477.0
DMART,2025-10-21,4308.0,4311.0,4260.0,4274.5,36984.0
DMART,2025-10-23,4287.0,4334.5,4256.2,4268.0,274317.0
DMART,2025-10-24,4268.0,4271.7,4197.0,4213.9,250190.0
DMART,2025-10-27,4214.0,4264.9,4214.0,4257.9,281638.0
DMART,2025-10-28,4274.6,4292.8,4183.1,4220.9,310562.0
DMART,2025-10-29,4225.0,4254.0,4213.2,4229.4,148520.0
DMART,2025-10-30,4248.0,4248.0,4149.9,4161.1,445095.0
DMART,2025-10-31,4164.1,4204.9,4147.0,4153.5,280621.0
DMART,2025-11-03,4153.5,4173.5,4111.0,4156.0,178823.0
DMART,2025-11-04,4160.0,4222.0,4145.0,4182.4,314080.0
DMART,2025-11-06,4182.4,4191.4,4071.9,4082.2,487314.0
DMART,2025-11-07,4082.2,4082.2,3984.6,4011.0,1195522.0
DMART,2025-11-10,4011.0,4067.0,4011.0,4019.0,290454.0
DMART,2025-11-11,4025.0,4077.4,4020.0,4072.2,272277.0
DMART,2025-11-12,4112.6,4112.6,4047.3,4058.0,381769.0
DMART,2025-11-13,4058.0,4090.0,4040.4,4062.5,252053.0
DMART,2025-11-14,4060.0,4069.2,4020.0,4053.7,305911.0
DMART,2025-11-17,4059.9,4086.0,4032.0,4036.2,186267.0
DMART,2025-11-18,4036.2,4042.2,3991.6,3997.2,311407.0
DMART,2025-11-19,4010.0,4039.0,3997.1,4026.5,378207.0
DMART,2025-11-20,4045.0,4099.7,4037.1,4085.0,387479.0
DMART,2025-11-21,4085.0,4098.9,4030.5,4038.0,330945.0
DMART,2025-11-24,4046.9,4048.5,3975.2,3987.5,724604.0
DMART,2025-11-25,3997.9,4015.4,3960.0,3988.6,446861.0
DMART,2025-11-26,3999.9,4029.9,3980.0,4019.1,360542.0
DMART,2025-11-27,4029.0,4038.0,3986.0,4007.1,237041.0
DMART,2025-11-28,4005.0,4044.8,3992.2,3996.5,211068.0
DMART,2025-12-01,3997.0,4009.5,3946.0,3963.3,256602.0
DMART,2025-12-02,3968.0,3975.2,3935.0,3961.8,292968.0
DMART,2025-12-03,3961.8,3969.2,3883.0,3909.7,359508.0
DMART,2025-12-04,3910.3,3935.0,3897.3,3913.3,200117.0
DMART,2025-12-05,3913.3,3956.4,3904.3,3952.1,184255.0
DMART,2025-12-08,3950.0,3955.2,3826.6,3867.6,268207.0
DMART,2025-12-09,3867.6,3920.0,3841.7,3910.0,255693.0
DMART,2025-12-10,3891.0,3923.7,3805.0,3816.3,576341.0
DMART,2025-12-11,3820.0,3848.8,3770.0,3830.8,396885.0
DMART,2025-12-12,3830.8,3868.6,3810.0,3843.0,248192.0
DMART,2025-12-15,3859.9,3859.9,3812.0,3825.6,241968.0
DMART,2025-12-16,3878.9,3914.8,3825.9,3856.8,667837.0
DMART,2025-12-17,3857.5,3869.8,3808.7,3826.2,401218.0
DMART,2025-12-18,3814.8,3822.3,3742.4,3757.2,327081.0
DMART,2025-12-19,3796.1,3830.0,3756.4,3819.5,265092.0
DMART,2025-12-22,3826.9,3868.0,3815.7,3818.6,207963.0
DMART,2025-12-23,3835.0,3844.4,3802.5,3828.2,240671.0
DMART,2025-12-24,3843.0,3843.0,3771.3,3800.2,363697.0
DMART,2025-12-26,3805.0,3824.0,3781.2,3787.4,245539.0
DMART,2025-12-29,3778.0,3828.0,3768.4,3788.0,239535.0
DMART,2025-12-30,3792.0,3805.3,3748.2,3753.5,489287.0
DMART,2025-12-31,3753.5,3800.0,3742.2,3782.2,638024.0
DMART,2026-01-01,3794.8,3808.0,3703.0,3716.1,517006.0
DMART,2026-01-02,3735.0,3753.5,3700.0,3719.8,295500.0
DMART,2026-01-05,3719.1,3719.1,3635.3,3646.3,567365.0
DMART,2026-01-06,3641.0,3680.0,3605.1,3663.7,585617.0
DMART,2026-01-07,3665.0,3849.9,3662.0,3841.6,1317962.0
DMART,2026-01-08,3843.0,3872.4,3781.0,3789.8,400228.0
DMART,2026-01-09,3794.0,3833.2,3745.1,3801.3,600885.0
DMART,2026-01-12,3852.0,3918.6,3760.5,3832.5,2052645.0
DMART,2026-01-13,3851.5,3889.0,3782.7,3826.9,693948.0
DMART,2026-01-14,3822.0,3889.8,3811.8,3830.3,495104.0
DMART,2026-01-16,3820.0,3832.0,3741.0,3775.7,817036.0
DMART,2026-01-19,3775.7,3846.0,3733.3,3766.7,404691.0
DMART,2026-01-20,3768.0,3786.5,3645.5,3661.6,521411.0
DMART,2026-01-21,3661.6,3694.6,3617.6,3656.7,473540.0
DMART,2026-01-22,3690.0,3735.0,3658.0,3724.1,409471.0
DMART,2026-01-23,3724.1,3738.9,3646.8,3665.6,185668.0
DMART,2026-01-27,3651.0,3686.1,3633.8,3670.6,374815.0
DMART,2026-01-28,3663.0,3744.3,3663.0,3735.7,242635.0
DMART,2026-01-29,3710.4,3727.2,3641.0,3667.2,448584.0
DMART,2026-01-30,3645.0,3740.0,3638.0,3689.5,619205.0
DMART,2026-02-01,3690.0,3710.0,3529.0,3613.7,289099.0
DMART,2026-02-02,3639.0,3683.3,3600.0,3674.2,212416.0
DMART,2026-02-03,3750.0,3802.4,3709.0,3776.6,412498.0
DMART,2026-02-04,3794.0,3849.0,3749.0,3824.3,269849.0
DMART,2026-02-05,3849.0,3949.5,3825.1,3934.9,867140.0
DMART,2026-02-06,3934.8,3949.0,3850.0,3889.9,276165.0
DMART,2026-02-09,3893.1,3939.6,3890.2,3922.4,224953.0
DMART,2026-02-10,3940.0,4019.0,3920.0,4002.2,388861.0
DMART,2026-02-11,4014.0,4032.2,3970.1,4003.7,324857.0
DMART,2026-02-12,4000.0,4000.0,3947.6,3963.0,197205.0
DMART,2026-02-13,3944.3,3949.5,3887.0,3909.2,219061.0
DMART,2026-02-16,3850.0,3900.8,3842.3,3880.7,239724.0
DMART,2026-02-17,3869.9,3940.0,3869.9,3902.9,176705.0
DMART,2026-02-18,3903.0,3924.7,3883.5,3915.2,170546.0
DMART,2026-02-19,3915.0,3944.0,3821.2,3834.1,286762.0
DMART,2026-02-20,3848.4,3889.3,3825.0,3866.4,194556.0
DMART,2026-02-23,3889.0,3900.0,3810.3,3845.3,438695.0
DMART,2026-02-24,3840.0,3862.3,3798.6,3849.3,395317.0
DMART,2026-02-25,3880.0,3945.8,3857.8,3888.2,325095.0
DMART,2026-02-26,3900.0,3900.6,3820.0,3865.6,415196.0
DMART,2026-02-27,3880.2,3883.0,3804.0,3847.6,478983.0
DMART,2026-03-02,3700.0,3833.1,3700.0,3802.5,378340.0
DMART,2026-03-04,3772.2,3795.0,3736.0,3760.9,603969.0
DMART,2026-03-05,3763.0,3853.0,3726.6,3835.4,516200.0
DMART,2026-03-06,3825.0,3903.9,3825.0,3875.8,224906.0
DMART,2026-03-09,3866.9,3982.0,3814.5,3966.2,933615.0
DMART,2026-03-10,3993.0,4000.0,3916.9,3946.8,320407.0
DMART,2026-03-11,3946.8,3992.0,3908.1,3944.8,380922.0
DMART,2026-03-12,3928.2,3975.0,3856.2,3953.6,352801.0
DMART,2026-03-13,3945.0,4056.0,3825.0,3834.3,913594.0
DMART,2026-03-16,3824.3,3834.8,3736.1,3817.9,401345.0
DMART,2026-03-17,3827.8,3853.0,3775.0,3781.4,229556.0
DMART,2026-03-18,3800.0,3905.3,3790.3,3844.0,340765.0
DMART,2026-03-19,3801.0,3872.6,3771.0,3808.2,426306.0
DMART,2026-03-20,3822.1,3848.0,3748.7,3770.8,386084.0
DMART,2026-03-23,3750.0,3752.0,3630.0,3655.6,296381.0
DMART,2026-03-24,3730.0,3820.5,3685.1,3756.5,416887.0
DMART,2026-03-25,3780.0,3939.0,3761.0,3910.8,1335663.0
DMART,2026-03-27,3900.0,3940.0,3865.5,3903.2,1548765.0
DMART,2026-03-30,3897.6,4015.0,3877.0,3956.8,1738503.0
DMART,2026-04-01,4075.0,4294.8,4066.1,4271.1,2710202.0
DMART,2026-04-02,4228.4,4393.7,4190.3,4362.4,1579436.0
DMART,2026-04-06,4450.0,4562.6,4353.1,4551.3,1915220.0
DMART,2026-04-07,4485.7,4558.8,4453.1,4466.0,601591.0
DMART,2026-04-08,4521.3,4538.5,4355.0,4368.8,1093580.0
DMART,2026-04-09,4351.0,4430.0,4322.3,4415.6,549708.0
DMART,2026-04-10,4415.6,4437.1,4348.3,4400.6,441927.0
DMART,2026-04-13,4300.0,4477.2,4284.2,4448.0,874894.0
DMART,2026-04-15,4500.0,4509.6,4368.0,4473.3,846585.0
DMART,2026-04-16,4496.1,4506.9,4386.0,4428.3,342142.0
DMART,2026-04-17,4446.0,4644.0,4435.1,4628.5,1366449.0
DMART,2026-04-20,4629.9,4634.3,4550.6,4605.2,521891.0
DMART,2026-04-21,4605.2,4627.3,4550.0,4589.4,411473.0
DMART,2026-04-22,4589.2,4628.9,4532.1,4594.8,325451.0
DMART,2026-04-23,4590.0,4595.0,4512.2,4521.2,256265.0
DMART,2026-04-24,4559.5,4559.5,4416.0,4443.5,214778.0
DMART,2026-04-27,4489.8,4529.0,4460.3,4507.1,478314.0
DMART,2026-04-28,4506.4,4600.5,4480.0,4544.4,447096.0
DMART,2026-04-29,4558.0,4639.9,4558.0,4593.4,299310.0
DMART,2026-04-30,4584.0,4615.0,4511.0,4585.9,528855.0
DMART,2026-05-04,4585.0,4585.0,4351.0,4376.5,1358897.0
DMART,2026-05-05,4380.0,4385.9,4303.0,4358.7,318092.0
DMART,2026-05-06,4363.4,4444.5,4342.1,4432.2,396395.0
DMART,2026-05-07,4430.0,4437.2,4371.0,4386.5,320800.0
DMART,2026-05-08,4410.2,4448.0,4382.4,4402.1,266657.0
DMART,2026-05-11,4401.4,4431.8,4368.6,4389.4,165017.0
DMART,2026-05-12,4389.0,4419.2,4325.0,4331.7,245222.0
DMART,2026-05-13,4331.7,4388.9,4325.0,4334.7,225236.0
DMART,2026-05-14,4370.0,4388.0,4281.2,4341.4,309428.0
DMART,2026-05-15,4341.4,4387.0,4330.3,4358.7,145953.0
DMART,2026-05-18,4335.3,4345.6,4268.0,4304.7,168644.0
DMART,2026-05-19,4304.0,4315.5,4211.0,4236.0,367515.0
DMART,2026-05-20,4235.0,4240.2,4111.0,4144.2,346215.0
DMART,2026-05-21,4167.4,4253.0,4122.3,4137.2,498131.0
DMART,2026-05-22,4145.0,4159.0,4103.6,4117.0,207036.0
DMART,2026-05-25,4150.0,4154.9,4077.6,4097.2,284287.0
DMART,2026-05-26,4099.9,4119.8,4059.9,4103.6,479388.0
DRREDDY,2025-05-21,1225.1,1256.6,1220.1,1224.7,2615092.0
DRREDDY,2025-05-22,1224.7,1229.8,1211.4,1222.2,2260610.0
DRREDDY,2025-05-23,1228.0,1234.9,1216.0,1230.1,734297.0
DRREDDY,2025-05-26,1229.9,1247.9,1228.7,1240.9,985434.0
DRREDDY,2025-05-27,1243.9,1249.0,1237.3,1243.2,1145000.0
DRREDDY,2025-05-28,1247.8,1252.2,1237.0,1242.6,766968.0
DRREDDY,2025-05-29,1245.4,1253.4,1240.4,1248.2,1791885.0
DRREDDY,2025-05-30,1248.2,1257.6,1241.0,1251.2,3161983.0
DRREDDY,2025-06-02,1251.0,1251.5,1232.5,1247.7,1139977.0
DRREDDY,2025-06-03,1250.0,1253.4,1240.8,1248.3,811620.0
DRREDDY,2025-06-04,1248.3,1266.0,1246.3,1251.9,1387633.0
DRREDDY,2025-06-05,1264.2,1303.4,1264.2,1290.6,3834672.0
DRREDDY,2025-06-06,1295.1,1322.9,1295.0,1320.9,2158757.0
DRREDDY,2025-06-09,1327.4,1329.0,1308.6,1319.1,1227356.0
DRREDDY,2025-06-10,1321.0,1362.6,1321.0,1348.8,3022355.0
DRREDDY,2025-06-11,1350.0,1355.4,1340.2,1351.1,1094247.0
DRREDDY,2025-06-12,1360.0,1379.7,1343.5,1362.7,2625058.0
DRREDDY,2025-06-13,1355.0,1366.8,1345.0,1362.5,1419556.0
DRREDDY,2025-06-16,1359.8,1359.8,1342.2,1346.8,1294663.0
DRREDDY,2025-06-17,1348.3,1349.7,1302.6,1318.8,1649457.0
DRREDDY,2025-06-18,1311.1,1324.8,1308.8,1313.3,728945.0
DRREDDY,2025-06-19,1305.0,1332.0,1304.3,1326.1,1654212.0
DRREDDY,2025-06-20,1332.4,1335.0,1318.2,1325.3,1843895.0
DRREDDY,2025-06-23,1318.9,1323.0,1302.1,1317.9,843945.0
DRREDDY,2025-06-24,1317.9,1353.7,1309.1,1337.3,1011128.0
DRREDDY,2025-06-25,1348.3,1348.3,1336.0,1341.6,833145.0
DRREDDY,2025-06-26,1326.0,1333.7,1314.6,1321.5,2373431.0
DRREDDY,2025-06-27,1328.9,1331.6,1298.4,1301.0,1770595.0
DRREDDY,2025-06-30,1302.9,1305.0,1272.5,1283.3,2224279.0
DRREDDY,2025-07-01,1286.3,1294.9,1273.3,1276.8,1851442.0
DRREDDY,2025-07-02,1276.0,1280.9,1263.7,1270.8,2027306.0
DRREDDY,2025-07-03,1274.9,1297.6,1270.0,1291.3,1918977.0
DRREDDY,2025-07-04,1303.0,1313.0,1287.2,1307.4,1466009.0
DRREDDY,2025-07-07,1307.9,1313.4,1298.1,1310.5,569025.0
DRREDDY,2025-07-08,1310.3,1310.3,1273.6,1283.8,1602620.0
DRREDDY,2025-07-09,1280.0,1285.7,1266.9,1269.4,1494337.0
DRREDDY,2025-07-10,1262.9,1269.9,1252.1,1262.6,1246082.0
DRREDDY,2025-07-11,1263.0,1272.0,1251.3,1254.7,895466.0
DRREDDY,2025-07-14,1254.0,1254.0,1254.0,1254.0,141606.0
DRREDDY,2025-07-14,1254.7,1261.4,1245.3,1250.6,1035555.0
DRREDDY,2025-07-15,1254.8,1264.5,1241.0,1260.9,1183659.0
DRREDDY,2025-07-16,1260.9,1262.0,1250.0,1259.4,1159859.0
DRREDDY,2025-07-17,1259.4,1274.8,1255.5,1263.1,709420.0
DRREDDY,2025-07-18,1265.0,1270.6,1251.1,1257.5,690731.0
DRREDDY,2025-07-21,1250.2,1262.4,1245.2,1259.3,1065189.0
DRREDDY,2025-07-22,1261.0,1263.6,1236.0,1240.0,1304352.0
DRREDDY,2025-07-23,1240.2,1252.1,1231.0,1247.4,1088262.0
DRREDDY,2025-07-24,1261.1,1287.9,1256.1,1265.5,3809212.0
DRREDDY,2025-07-25,1266.0,1288.5,1261.2,1277.9,1621138.0
DRREDDY,2025-07-28,1280.0,1290.0,1271.6,1287.4,1553778.0
DRREDDY,2025-07-29,1287.0,1302.0,1282.8,1299.8,1943466.0
DRREDDY,2025-07-30,1298.1,1298.1,1277.7,1292.1,1387013.0
DRREDDY,2025-07-31,1274.5,1285.0,1257.0,1270.3,1968821.0
DRREDDY,2025-08-01,1258.0,1259.0,1213.7,1220.6,2525210.0
DRREDDY,2025-08-04,1225.1,1232.2,1219.2,1225.0,767310.0
DRREDDY,2025-08-05,1225.0,1232.0,1205.0,1214.8,956582.0
DRREDDY,2025-08-06,1214.8,1217.8,1187.5,1196.7,1701845.0
DRREDDY,2025-08-07,1184.0,1210.0,1183.4,1200.8,1246560.0
DRREDDY,2025-08-08,1200.8,1215.0,1195.4,1211.4,2389106.0
DRREDDY,2025-08-11,1212.5,1237.0,1208.6,1219.5,1246374.0
DRREDDY,2025-08-12,1210.0,1227.2,1204.1,1220.3,922461.0
DRREDDY,2025-08-13,1220.3,1255.5,1219.8,1253.4,1192506.0
DRREDDY,2025-08-14,1255.1,1266.0,1250.2,1260.4,1603933.0
DRREDDY,2025-08-18,1270.0,1270.6,1241.1,1262.7,1648543.0
DRREDDY,2025-08-19,1263.0,1263.8,1241.9,1244.2,1061816.0
DRREDDY,2025-08-20,1244.0,1250.7,1238.0,1245.4,685379.0
DRREDDY,2025-08-21,1245.4,1281.8,1240.3,1276.6,2008295.0
DRREDDY,2025-08-22,1274.1,1284.1,1265.6,1277.6,1229920.0
DRREDDY,2025-08-25,1277.7,1288.9,1275.3,1283.9,967056.0
DRREDDY,2025-08-26,1276.0,1279.6,1259.0,1263.2,2798216.0
DRREDDY,2025-08-28,1263.2,1267.4,1248.5,1259.8,1827890.0
DRREDDY,2025-08-29,1259.0,1266.4,1240.8,1260.1,2422956.0
DRREDDY,2025-09-01,1260.1,1285.0,1260.1,1279.9,1273903.0
DRREDDY,2025-09-02,1279.9,1283.4,1248.0,1253.7,1632660.0
DRREDDY,2025-09-03,1250.0,1265.9,1247.6,1262.2,1294925.0
DRREDDY,2025-09-04,1268.0,1274.7,1249.0,1253.0,1230934.0
DRREDDY,2025-09-05,1254.3,1271.7,1253.6,1268.1,769861.0
DRREDDY,2025-09-08,1269.0,1277.0,1248.7,1250.6,969297.0
DRREDDY,2025-09-09,1257.5,1295.8,1256.8,1291.3,1643726.0
DRREDDY,2025-09-09,1250.6,1250.6,1250.6,1250.6,581268.0
DRREDDY,2025-09-10,1294.4,1310.0,1293.7,1304.2,1232984.0
DRREDDY,2025-09-11,1304.0,1311.0,1283.0,1303.1,1349391.0
DRREDDY,2025-09-12,1303.1,1321.0,1302.8,1316.7,1042942.0
DRREDDY,2025-09-15,1308.9,1311.8,1292.5,1300.8,1331182.0
DRREDDY,2025-09-16,1300.0,1312.5,1296.4,1310.4,1034369.0
DRREDDY,2025-09-17,1317.0,1318.2,1305.2,1311.4,716840.0
DRREDDY,2025-09-18,1312.1,1325.8,1305.7,1322.7,822010.0
DRREDDY,2025-09-19,1324.7,1326.8,1312.0,1321.7,1409571.0
DRREDDY,2025-09-22,1320.9,1320.9,1293.5,1301.4,1399531.0
DRREDDY,2025-09-23,1300.0,1311.9,1295.2,1308.4,1271238.0
DRREDDY,2025-09-24,1303.3,1308.3,1294.4,1298.1,750456.0
DRREDDY,2025-09-25,1298.3,1307.3,1268.0,1275.2,1241492.0
DRREDDY,2025-09-26,1250.0,1278.5,1246.2,1253.1,2284377.0
DRREDDY,2025-09-29,1265.0,1270.0,1231.0,1234.6,3899164.0
DRREDDY,2025-09-30,1235.1,1240.3,1217.5,1223.7,2635047.0
DRREDDY,2025-10-01,1227.9,1250.7,1226.0,1244.7,4083180.0
DRREDDY,2025-10-03,1243.9,1265.4,1240.0,1248.1,2742600.0
DRREDDY,2025-10-06,1248.2,1251.3,1234.2,1248.6,1880910.0
DRREDDY,2025-10-07,1250.3,1256.1,1244.4,1248.5,1380941.0
DRREDDY,2025-10-08,1248.3,1251.0,1231.4,1234.5,1496744.0
DRREDDY,2025-10-09,1245.0,1264.9,1240.3,1246.1,2699135.0
DRREDDY,2025-10-10,1249.6,1267.7,1244.7,1264.4,1680920.0
DRREDDY,2025-10-13,1257.0,1265.1,1248.3,1262.4,1188201.0
DRREDDY,2025-10-14,1262.4,1262.4,1232.3,1237.3,1944911.0
DRREDDY,2025-10-15,1233.0,1242.3,1231.0,1232.4,2150067.0
DRREDDY,2025-10-16,1235.9,1242.6,1230.3,1240.2,1308931.0
DRREDDY,2025-10-17,1245.0,1262.0,1238.1,1255.9,1473018.0
DRREDDY,2025-10-20,1264.8,1287.7,1259.8,1282.0,1368192.0
DRREDDY,2025-10-21,1288.0,1294.0,1283.1,1288.7,226788.0
DRREDDY,2025-10-23,1303.6,1303.6,1271.6,1279.4,1991213.0
DRREDDY,2025-10-24,1280.0,1288.0,1265.5,1283.6,1167634.0
DRREDDY,2025-10-27,1283.0,1293.4,1264.6,1284.3,1927956.0
DRREDDY,2025-10-28,1283.9,1294.9,1275.3,1289.4,1828290.0
DRREDDY,2025-10-29,1299.0,1301.5,1235.0,1250.9,2574921.0
DRREDDY,2025-10-30,1196.0,1207.2,1180.9,1202.2,8883497.0
DRREDDY,2025-10-31,1202.5,1205.5,1191.0,1197.6,4250157.0
DRREDDY,2025-11-03,1196.9,1200.8,1187.9,1196.0,1547000.0
DRREDDY,2025-11-04,1198.0,1204.3,1193.3,1200.0,1015516.0
DRREDDY,2025-11-06,1202.0,1213.9,1193.2,1205.2,1560897.0
DRREDDY,2025-11-07,1208.0,1211.9,1198.0,1205.4,1076140.0
DRREDDY,2025-11-10,1199.4,1209.5,1195.0,1198.7,3483082.0
DRREDDY,2025-11-11,1203.6,1214.8,1198.6,1211.5,1048552.0
DRREDDY,2025-11-12,1220.1,1235.0,1215.0,1229.6,1222295.0
DRREDDY,2025-11-13,1235.8,1242.4,1227.3,1234.9,1426984.0
DRREDDY,2025-11-14,1235.2,1249.0,1231.8,1246.0,827643.0
DRREDDY,2025-11-17,1253.0,1253.0,1240.5,1244.4,1423044.0
DRREDDY,2025-11-18,1244.5,1247.0,1232.7,1243.8,971685.0
DRREDDY,2025-11-19,1248.7,1252.7,1237.0,1250.2,830105.0
DRREDDY,2025-11-20,1255.0,1255.0,1237.7,1248.6,854999.0
DRREDDY,2025-11-21,1244.8,1250.7,1237.1,1243.9,941902.0
DRREDDY,2025-11-24,1248.0,1262.4,1219.0,1226.2,7611988.0
DRREDDY,2025-11-25,1236.3,1251.2,1230.3,1236.1,1983817.0
DRREDDY,2025-11-26,1236.1,1251.0,1234.6,1248.0,809816.0
DRREDDY,2025-11-27,1248.0,1256.0,1241.0,1249.3,1060956.0
DRREDDY,2025-11-28,1250.0,1260.3,1245.0,1258.8,809748.0
DRREDDY,2025-12-01,1263.9,1268.8,1248.4,1260.1,1457856.0
DRREDDY,2025-12-02,1260.5,1278.3,1260.5,1275.2,2361183.0
DRREDDY,2025-12-03,1283.6,1293.0,1269.2,1280.7,4969448.0
DRREDDY,2025-12-04,1280.6,1284.2,1266.5,1277.6,1971130.0
DRREDDY,2025-12-05,1277.6,1282.8,1271.6,1275.2,1036082.0
DRREDDY,2025-12-08,1275.0,1279.0,1263.7,1266.5,1435892.0
DRREDDY,2025-12-09,1266.5,1267.4,1241.3,1246.2,2118272.0
DRREDDY,2025-12-10,1249.3,1262.1,1246.8,1250.8,1669910.0
DRREDDY,2025-12-11,1250.8,1275.9,1248.0,1273.5,1717539.0
DRREDDY,2025-12-12,1275.0,1280.4,1267.3,1279.3,981548.0
DRREDDY,2025-12-15,1274.9,1282.8,1264.1,1280.6,1078613.0
DRREDDY,2025-12-16,1285.9,1285.9,1272.0,1276.9,928506.0
DRREDDY,2025-12-17,1270.0,1281.0,1267.3,1272.0,894068.0
DRREDDY,2025-12-18,1277.0,1283.9,1262.0,1280.0,889699.0
DRREDDY,2025-12-19,1277.0,1292.9,1268.9,1278.2,1209487.0
DRREDDY,2025-12-22,1278.2,1286.3,1276.7,1283.4,614138.0
DRREDDY,2025-12-23,1288.6,1288.6,1277.8,1283.5,408490.0
DRREDDY,2025-12-24,1281.1,1285.1,1252.4,1265.8,1265233.0
DRREDDY,2025-12-26,1265.0,1275.0,1261.1,1269.3,594744.0
DRREDDY,2025-12-29,1269.3,1275.9,1260.0,1268.6,811488.0
DRREDDY,2025-12-30,1268.0,1272.9,1256.4,1265.8,1123996.0
DRREDDY,2025-12-31,1270.0,1273.9,1260.0,1271.4,658106.0
DRREDDY,2026-01-01,1270.0,1270.0,1248.0,1253.4,553856.0
DRREDDY,2026-01-02,1249.0,1257.6,1236.0,1256.1,1591218.0
DRREDDY,2026-01-05,1256.0,1262.3,1245.0,1250.0,1184386.0
DRREDDY,2026-01-06,1250.0,1258.8,1245.5,1256.2,540944.0
DRREDDY,2026-01-07,1252.6,1265.0,1240.0,1242.8,1215477.0
DRREDDY,2026-01-08,1241.6,1241.6,1202.2,1206.9,2000942.0
DRREDDY,2026-01-09,1207.0,1216.4,1203.6,1210.1,1390935.0
DRREDDY,2026-01-12,1210.0,1218.7,1199.9,1215.5,707317.0
DRREDDY,2026-01-13,1215.6,1215.9,1185.5,1191.3,2071117.0
DRREDDY,2026-01-14,1191.1,1195.0,1176.1,1186.5,2834908.0
DRREDDY,2026-01-16,1184.0,1197.0,1171.5,1175.5,2214792.0
DRREDDY,2026-01-19,1170.0,1177.5,1164.7,1167.2,1253443.0
DRREDDY,2026-01-20,1168.4,1192.8,1161.4,1166.7,2790934.0
DRREDDY,2026-01-21,1170.0,1193.8,1148.4,1157.2,2322066.0
DRREDDY,2026-01-22,1195.0,1225.0,1187.7,1217.5,6464461.0
DRREDDY,2026-01-23,1230.0,1250.8,1225.0,1235.6,3888860.0
DRREDDY,2026-01-27,1251.0,1252.3,1233.5,1239.8,2159137.0
DRREDDY,2026-01-28,1241.9,1243.2,1219.0,1222.5,1740662.0
DRREDDY,2026-01-29,1215.3,1218.0,1191.2,1208.9,1626394.0
DRREDDY,2026-01-30,1200.0,1224.8,1200.0,1218.1,1672460.0
DRREDDY,2026-02-01,1220.2,1235.6,1169.0,1178.7,555385.0
DRREDDY,2026-02-02,1189.5,1195.0,1167.1,1182.5,1207638.0
DRREDDY,2026-02-03,1265.0,1265.9,1218.1,1235.4,1521425.0
DRREDDY,2026-02-04,1235.5,1248.3,1230.1,1240.2,947684.0
DRREDDY,2026-02-05,1242.0,1253.6,1237.0,1244.9,953241.0
DRREDDY,2026-02-06,1244.9,1248.9,1225.0,1241.2,1324651.0
DRREDDY,2026-02-09,1260.0,1278.8,1243.5,1275.5,2111316.0
DRREDDY,2026-02-10,1279.0,1283.5,1253.0,1256.0,1412804.0
DRREDDY,2026-02-11,1263.9,1273.5,1253.2,1270.3,855888.0
DRREDDY,2026-02-12,1268.9,1277.6,1261.5,1274.9,981247.0
DRREDDY,2026-02-13,1274.0,1279.3,1263.6,1268.1,838946.0
DRREDDY,2026-02-16,1257.1,1275.2,1257.1,1269.4,469592.0
DRREDDY,2026-02-17,1266.0,1286.8,1258.2,1284.8,687326.0
DRREDDY,2026-02-18,1289.0,1291.5,1276.6,1280.3,689997.0
DRREDDY,2026-02-19,1290.0,1295.7,1276.5,1282.3,1333838.0
DRREDDY,2026-02-20,1281.9,1292.4,1275.0,1280.4,1753200.0
DRREDDY,2026-02-23,1290.0,1313.5,1282.1,1307.4,1849756.0
DRREDDY,2026-02-24,1307.5,1315.0,1297.1,1300.2,1803242.0
DRREDDY,2026-02-25,1281.0,1324.0,1266.9,1306.5,2296240.0
DRREDDY,2026-02-26,1311.2,1327.0,1305.0,1319.3,1511598.0
DRREDDY,2026-02-27,1313.8,1317.2,1278.2,1286.3,3510396.0
DRREDDY,2026-03-02,1252.6,1300.0,1221.2,1294.4,1052234.0
DRREDDY,2026-03-04,1274.4,1299.2,1272.1,1291.2,1890939.0
DRREDDY,2026-03-05,1292.5,1322.1,1292.5,1313.5,1060509.0
DRREDDY,2026-03-06,1313.5,1316.4,1290.8,1303.8,963701.0
DRREDDY,2026-03-09,1285.5,1294.9,1273.6,1287.0,1597730.0
DRREDDY,2026-03-10,1288.0,1329.6,1288.0,1314.6,2329349.0
DRREDDY,2026-03-11,1311.1,1336.0,1311.1,1325.5,2454389.0
DRREDDY,2026-03-12,1321.0,1337.3,1303.6,1319.0,1969692.0
DRREDDY,2026-03-13,1310.0,1319.9,1280.9,1292.3,1574522.0
DRREDDY,2026-03-16,1292.1,1297.0,1264.0,1276.9,1294975.0
DRREDDY,2026-03-17,1279.9,1291.4,1265.0,1283.8,1003677.0
DRREDDY,2026-03-18,1283.8,1299.3,1280.1,1294.8,849938.0
DRREDDY,2026-03-19,1278.7,1286.4,1266.7,1274.5,1035491.0
DRREDDY,2026-03-20,1289.0,1307.5,1288.2,1298.9,3359706.0
DRREDDY,2026-03-23,1293.0,1293.0,1244.2,1253.3,2112613.0
DRREDDY,2026-03-24,1267.2,1279.8,1248.4,1259.6,3166135.0
DRREDDY,2026-03-25,1268.9,1309.0,1260.1,1300.7,1577150.0
DRREDDY,2026-03-27,1297.0,1302.9,1278.2,1281.7,2165113.0
DRREDDY,2026-03-30,1265.0,1276.2,1251.1,1254.9,1991442.0
DRREDDY,2026-04-01,1280.0,1284.8,1206.1,1209.6,2240507.0
DRREDDY,2026-04-02,1187.5,1222.6,1167.5,1217.3,3560727.0
DRREDDY,2026-04-06,1220.1,1223.2,1196.3,1217.8,1099471.0
DRREDDY,2026-04-07,1208.0,1211.0,1179.0,1196.1,2330512.0
DRREDDY,2026-04-08,1210.0,1219.9,1185.4,1191.4,2063229.0
DRREDDY,2026-04-09,1189.0,1214.7,1189.0,1211.9,2746602.0
DRREDDY,2026-04-10,1212.8,1236.8,1208.8,1232.2,1931448.0
DRREDDY,2026-04-13,1218.0,1239.1,1204.0,1235.9,1463269.0
DRREDDY,2026-04-15,1220.0,1222.0,1195.4,1217.8,4693413.0
DRREDDY,2026-04-16,1222.0,1227.6,1214.1,1221.4,2014236.0
DRREDDY,2026-04-17,1215.2,1242.0,1212.4,1235.7,2564061.0
DRREDDY,2026-04-20,1235.0,1243.0,1223.0,1232.6,1605279.0
DRREDDY,2026-04-21,1232.6,1234.9,1218.4,1220.6,1230733.0
DRREDDY,2026-04-22,1214.1,1226.0,1208.1,1217.0,1573272.0
DRREDDY,2026-04-23,1230.0,1357.0,1217.5,1331.0,16407707.0
DRREDDY,2026-04-24,1293.0,1348.8,1293.0,1317.1,5638719.0
DRREDDY,2026-04-27,1320.4,1350.0,1309.0,1334.5,1940454.0
DRREDDY,2026-04-28,1342.4,1367.9,1327.4,1354.6,2336352.0
DRREDDY,2026-04-29,1367.0,1375.9,1321.5,1329.8,4545837.0
DRREDDY,2026-04-30,1327.0,1340.3,1313.6,1322.9,1227007.0
DRREDDY,2026-05-04,1320.0,1320.0,1280.6,1287.2,2285506.0
DRREDDY,2026-05-05,1287.6,1292.4,1268.5,1271.2,986348.0
DRREDDY,2026-05-06,1282.0,1328.6,1277.1,1311.0,3340410.0
DRREDDY,2026-05-07,1309.1,1315.7,1297.3,1307.6,2530096.0
DRREDDY,2026-05-08,1303.5,1310.2,1290.0,1293.9,964903.0
DRREDDY,2026-05-11,1288.0,1299.9,1272.5,1279.9,1506740.0
DRREDDY,2026-05-12,1278.9,1288.3,1264.5,1270.0,1946195.0
DRREDDY,2026-05-13,1245.6,1303.8,1230.0,1265.3,9276074.0
DRREDDY,2026-05-14,1265.3,1307.7,1255.0,1303.6,2362951.0
DRREDDY,2026-05-15,1303.6,1344.9,1303.6,1336.7,3982549.0
DRREDDY,2026-05-18,1336.5,1341.9,1322.0,1331.2,1926791.0
DRREDDY,2026-05-19,1332.0,1345.0,1318.9,1335.2,2488019.0
DRREDDY,2026-05-20,1323.6,1336.0,1319.6,1321.9,1277182.0
DRREDDY,2026-05-21,1325.0,1331.6,1314.2,1318.5,2183121.0
DRREDDY,2026-05-22,1319.0,1329.6,1305.1,1307.2,2002451.0
DRREDDY,2026-05-25,1320.0,1340.5,1298.7,1331.4,4659781.0
DRREDDY,2026-05-26,1333.0,1341.0,1321.6,1327.9,1909354.0
EIDPARRY,2025-05-21,971.2,986.25,958.1,981.1,207781.0
EIDPARRY,2025-05-22,972.0,984.7,972.0,981.5,103912.0
EIDPARRY,2025-05-23,982.9,1004.0,976.5,999.25,453288.0
EIDPARRY,2025-05-26,1008.9,1019.0,978.2,987.1,403438.0
EIDPARRY,2025-05-27,987.1,998.4,971.05,985.1,205469.0
EIDPARRY,2025-05-28,985.0,1042.0,980.0,985.75,794893.0
EIDPARRY,2025-05-29,989.0,991.6,961.0,964.55,263618.0
EIDPARRY,2025-05-30,964.0,974.7,946.9,950.15,287479.0
EIDPARRY,2025-06-02,948.7,959.9,940.0,951.9,150407.0
EIDPARRY,2025-06-03,957.0,996.0,953.75,983.5,370241.0
EIDPARRY,2025-06-04,984.0,986.0,968.85,979.65,252564.0
EIDPARRY,2025-06-05,979.55,985.05,971.4,974.4,109593.0
EIDPARRY,2025-06-06,971.15,982.75,966.0,969.45,169339.0
EIDPARRY,2025-06-09,969.15,977.0,963.2,969.8,183828.0
EIDPARRY,2025-06-10,972.95,986.15,966.55,972.2,215759.0
EIDPARRY,2025-06-11,977.6,1016.0,973.3,1011.25,671329.0
EIDPARRY,2025-06-12,1020.0,1022.0,981.1,987.1,279779.0
EIDPARRY,2025-06-13,973.25,992.7,965.5,984.65,171006.0
EIDPARRY,2025-06-16,984.55,985.5,952.0,966.55,159517.0
EIDPARRY,2025-06-17,970.0,983.7,945.4,950.85,134735.0
EIDPARRY,2025-06-18,943.1,969.5,931.25,961.6,181119.0
EIDPARRY,2025-06-19,960.0,978.9,954.0,956.3,273208.0
EIDPARRY,2025-06-20,956.3,968.95,951.2,955.15,183671.0
EIDPARRY,2025-06-23,950.0,980.0,944.75,973.0,257273.0
EIDPARRY,2025-06-24,979.0,981.9,962.45,970.85,137858.0
EIDPARRY,2025-06-25,972.0,1065.0,972.0,1055.0,1866694.0
EIDPARRY,2025-06-26,1055.0,1074.9,1014.4,1019.3,683615.0
EIDPARRY,2025-06-27,1020.0,1070.0,1013.55,1056.5,582936.0
EIDPARRY,2025-06-30,1066.9,1127.95,1050.65,1110.0,949857.0
EIDPARRY,2025-07-01,1110.0,1124.0,1092.9,1109.0,285184.0
EIDPARRY,2025-07-02,1116.4,1117.0,1083.0,1101.4,240760.0
EIDPARRY,2025-07-03,1092.4,1129.0,1092.0,1114.7,248667.0
EIDPARRY,2025-07-04,1109.2,1117.7,1090.0,1095.6,197335.0
EIDPARRY,2025-07-07,1092.0,1101.9,1074.1,1092.8,183952.0
EIDPARRY,2025-07-08,1090.0,1098.0,1054.6,1080.2,229764.0
EIDPARRY,2025-07-09,1080.0,1091.9,1073.2,1087.8,131468.0
EIDPARRY,2025-07-10,1085.0,1116.1,1075.2,1109.8,246214.0
EIDPARRY,2025-07-11,1111.0,1161.1,1105.0,1152.4,749332.0
EIDPARRY,2025-07-14,1153.0,1169.0,1107.6,1157.2,447758.0
EIDPARRY,2025-07-15,1154.1,1169.9,1149.5,1160.7,211439.0
EIDPARRY,2025-07-16,1151.2,1172.5,1145.1,1157.0,171218.0
EIDPARRY,2025-07-17,1154.9,1164.0,1140.5,1151.0,99363.0
EIDPARRY,2025-07-18,1151.0,1158.4,1136.2,1152.2,144275.0
EIDPARRY,2025-07-21,1150.0,1180.0,1139.4,1162.1,203622.0
EIDPARRY,2025-07-22,1167.5,1189.0,1160.0,1167.6,263075.0
EIDPARRY,2025-07-23,1168.0,1186.9,1151.4,1183.7,149336.0
EIDPARRY,2025-07-24,1179.0,1194.7,1157.1,1186.4,227639.0
EIDPARRY,2025-07-25,1180.0,1191.8,1164.0,1174.3,181749.0
EIDPARRY,2025-07-28,1176.8,1187.8,1169.6,1180.0,138316.0
EIDPARRY,2025-07-29,1185.3,1222.2,1176.2,1208.8,1074779.0
EIDPARRY,2025-07-30,1212.0,1246.5,1204.1,1236.2,416631.0
EIDPARRY,2025-07-31,1224.1,1246.8,1210.0,1233.5,294912.0
EIDPARRY,2025-08-01,1233.5,1242.0,1193.3,1204.6,248769.0
EIDPARRY,2025-08-04,1205.0,1212.3,1190.0,1191.1,237673.0
EIDPARRY,2025-08-05,1191.0,1207.5,1180.1,1195.5,437731.0
EIDPARRY,2025-08-06,1187.0,1246.1,1167.5,1196.6,1268857.0
EIDPARRY,2025-08-07,1210.0,1225.0,1133.1,1143.2,531658.0
EIDPARRY,2025-08-08,1135.0,1157.7,1052.0,1117.6,274377.0
EIDPARRY,2025-08-11,1122.0,1159.0,1122.0,1148.4,483013.0
EIDPARRY,2025-08-12,1148.0,1175.0,1141.7,1168.4,210319.0
EIDPARRY,2025-08-13,1159.9,1161.1,1130.4,1138.5,369837.0
EIDPARRY,2025-08-14,1142.8,1168.0,1142.0,1162.6,249482.0
EIDPARRY,2025-08-18,1168.5,1185.0,1152.5,1177.0,128491.0
EIDPARRY,2025-08-19,1179.9,1182.9,1141.7,1145.8,167458.0
EIDPARRY,2025-08-20,1146.8,1159.9,1135.5,1155.7,98938.0
EIDPARRY,2025-08-21,1155.1,1174.9,1152.9,1170.4,134732.0
EIDPARRY,2025-08-22,1164.0,1183.2,1152.9,1178.0,164487.0
EIDPARRY,2025-08-25,1169.9,1196.4,1163.3,1175.4,283903.0
EIDPARRY,2025-08-26,1164.0,1164.0,1125.0,1131.2,258014.0
EIDPARRY,2025-08-28,1110.0,1133.9,1101.6,1128.4,148156.0
EIDPARRY,2025-08-29,1115.0,1134.0,1103.0,1125.8,154924.0
EIDPARRY,2025-09-01,1105.0,1145.7,1097.6,1129.9,286299.0
EIDPARRY,2025-09-02,1152.6,1176.0,1098.5,1104.0,511122.0
EIDPARRY,2025-09-03,1106.0,1131.9,1104.0,1123.6,184954.0
EIDPARRY,2025-09-04,1130.0,1131.8,1110.4,1125.8,173390.0
EIDPARRY,2025-09-05,1122.3,1129.0,1108.6,1112.8,115214.0
EIDPARRY,2025-09-08,1112.8,1119.0,1062.1,1067.3,253968.0
EIDPARRY,2025-09-09,1069.1,1098.9,1060.0,1070.4,218722.0
EIDPARRY,2025-09-10,1079.0,1098.0,1077.7,1086.0,182014.0
EIDPARRY,2025-09-11,1086.0,1098.0,1078.2,1084.1,88123.0
EIDPARRY,2025-09-12,1084.0,1088.8,1068.9,1072.6,177177.0
EIDPARRY,2025-09-15,1068.0,1084.0,1068.0,1075.3,153633.0
EIDPARRY,2025-09-16,1076.6,1094.7,1074.9,1088.1,94380.0
EIDPARRY,2025-09-17,1088.2,1104.0,1078.7,1095.8,124854.0
EIDPARRY,2025-09-18,1095.8,1099.8,1081.0,1094.1,110859.0
EIDPARRY,2025-09-19,1094.0,1102.0,1060.1,1066.3,314081.0
EIDPARRY,2025-09-22,1060.0,1078.0,1058.0,1074.5,169290.0
EIDPARRY,2025-09-23,1074.5,1076.0,1057.0,1067.1,113061.0
EIDPARRY,2025-09-24,1067.0,1078.0,1063.4,1073.3,102682.0
EIDPARRY,2025-09-25,1067.8,1076.5,1059.0,1061.7,60556.0
EIDPARRY,2025-09-26,1057.1,1060.5,1028.1,1031.6,103416.0
EIDPARRY,2025-09-29,1028.5,1033.6,998.8,1012.8,335258.0
EIDPARRY,2025-09-30,1015.0,1032.0,1009.3,1025.5,159163.0
EIDPARRY,2025-10-01,1028.9,1041.0,1021.0,1035.0,120007.0
EIDPARRY,2025-10-03,1030.1,1046.5,1027.5,1041.9,84901.0
EIDPARRY,2025-10-06,1047.0,1054.0,1035.7,1045.8,136473.0
EIDPARRY,2025-10-07,1042.0,1058.2,1040.4,1045.0,88943.0
EIDPARRY,2025-10-08,1045.2,1064.9,1041.9,1056.5,197021.0
EIDPARRY,2025-10-09,1035.0,1054.6,1034.0,1037.3,129434.0
EIDPARRY,2025-10-10,1042.2,1045.0,1021.3,1026.5,82421.0
EIDPARRY,2025-10-13,1026.5,1051.0,1020.3,1036.0,175408.0
EIDPARRY,2025-10-14,1040.8,1045.0,1030.0,1038.9,95812.0
EIDPARRY,2025-10-15,1038.9,1043.9,1025.5,1034.4,128647.0
EIDPARRY,2025-10-16,1034.4,1043.9,1021.0,1031.6,72387.0
EIDPARRY,2025-10-17,1032.3,1032.3,1013.9,1022.2,119682.0
EIDPARRY,2025-10-20,1027.0,1033.3,1011.5,1028.6,108366.0
EIDPARRY,2025-10-21,1033.4,1044.0,1028.1,1039.2,17297.0
EIDPARRY,2025-10-23,1039.2,1059.5,1031.7,1043.2,145439.0
EIDPARRY,2025-10-24,1048.4,1051.5,1029.3,1038.8,88628.0
EIDPARRY,2025-10-27,1040.0,1078.4,1033.3,1066.1,199714.0
EIDPARRY,2025-10-28,1066.0,1118.0,1059.8,1070.4,579923.0
EIDPARRY,2025-10-29,1070.8,1094.3,1070.0,1089.8,154850.0
EIDPARRY,2025-10-30,1095.4,1095.4,1075.0,1077.2,295651.0
EIDPARRY,2025-10-31,1076.1,1084.5,1062.5,1072.4,127492.0
EIDPARRY,2025-11-03,1077.7,1086.0,1055.6,1060.3,137041.0
EIDPARRY,2025-11-04,1063.0,1065.3,1045.0,1047.4,103014.0
EIDPARRY,2025-11-06,1047.6,1051.7,1037.4,1040.7,73940.0
EIDPARRY,2025-11-07,1038.0,1040.0,1011.0,1024.6,189973.0
EIDPARRY,2025-11-10,1034.9,1041.0,1021.4,1025.2,211750.0
EIDPARRY,2025-11-11,1029.8,1059.0,1003.1,1017.0,619040.0
EIDPARRY,2025-11-12,1040.0,1081.0,1033.1,1047.4,876510.0
EIDPARRY,2025-11-13,1045.2,1073.0,1036.7,1044.9,139438.0
EIDPARRY,2025-11-14,1042.9,1044.9,1018.6,1025.4,115580.0
EIDPARRY,2025-11-17,1029.0,1063.5,1028.7,1051.1,251544.0
EIDPARRY,2025-11-18,1051.1,1051.1,1022.0,1027.8,136686.0
EIDPARRY,2025-11-19,1027.6,1035.8,1023.5,1030.4,107162.0
EIDPARRY,2025-11-20,1035.5,1041.0,1022.4,1029.0,110391.0
EIDPARRY,2025-11-21,1026.0,1037.8,1012.9,1018.4,124315.0
EIDPARRY,2025-11-24,1018.4,1023.3,1010.1,1017.0,133707.0
EIDPARRY,2025-11-25,1017.0,1031.8,1004.5,1025.8,111679.0
EIDPARRY,2025-11-26,1023.2,1039.9,1021.1,1032.6,72236.0
EIDPARRY,2025-11-27,1035.2,1036.9,1026.0,1029.9,77877.0
EIDPARRY,2025-11-28,1030.6,1035.0,1021.0,1030.9,152185.0
EIDPARRY,2025-12-01,1031.0,1032.2,1013.5,1017.5,76688.0
EIDPARRY,2025-12-02,1017.5,1045.0,1017.5,1042.2,181683.0
EIDPARRY,2025-12-03,1042.9,1046.6,1022.3,1035.6,168303.0
EIDPARRY,2025-12-04,1030.5,1039.0,1027.3,1034.4,100182.0
EIDPARRY,2025-12-05,1037.4,1037.4,1026.5,1032.8,86485.0
EIDPARRY,2025-12-08,1024.2,1031.3,1001.2,1009.0,96446.0
EIDPARRY,2025-12-09,1008.0,1021.0,974.0,1009.5,320967.0
EIDPARRY,2025-12-10,1011.1,1054.0,1011.1,1042.4,256975.0
EIDPARRY,2025-12-11,1037.2,1039.2,1015.3,1029.6,119572.0
EIDPARRY,2025-12-12,1035.0,1039.9,1024.0,1035.4,87011.0
EIDPARRY,2025-12-15,1031.7,1041.0,1027.1,1037.8,47971.0
EIDPARRY,2025-12-16,1038.3,1045.9,1021.5,1027.8,59869.0
EIDPARRY,2025-12-17,1024.4,1031.6,1010.5,1013.3,84912.0
EIDPARRY,2025-12-18,1014.0,1030.5,1005.5,1026.8,105550.0
EIDPARRY,2025-12-19,1026.8,1027.8,992.2,1000.2,355619.0
EIDPARRY,2025-12-22,1001.0,1049.5,999.7,1038.6,237143.0
EIDPARRY,2025-12-23,1030.5,1072.0,1030.0,1064.2,329191.0
EIDPARRY,2025-12-24,1064.9,1071.9,1046.0,1061.6,101400.0
EIDPARRY,2025-12-26,1061.3,1079.9,1055.8,1068.7,206457.0
EIDPARRY,2025-12-29,1065.8,1076.9,1047.9,1058.6,167807.0
EIDPARRY,2025-12-30,1051.0,1057.7,1026.0,1030.8,315089.0
EIDPARRY,2025-12-31,1036.0,1044.0,1029.5,1034.7,56336.0
EIDPARRY,2026-01-01,1034.0,1038.3,1015.6,1018.0,90193.0
EIDPARRY,2026-01-02,1018.0,1020.5,1007.2,1011.2,135462.0
EIDPARRY,2026-01-05,1017.1,1027.0,1003.0,1007.7,143607.0
EIDPARRY,2026-01-06,1009.8,1010.8,996.2,998.2,387804.0
EIDPARRY,2026-01-07,998.4,1011.2,991.1,994.8,285512.0
EIDPARRY,2026-01-08,999.0,1003.2,949.9,959.0,213032.0
EIDPARRY,2026-01-09,962.7,969.0,935.0,939.7,484780.0
EIDPARRY,2026-01-12,934.0,945.0,921.5,939.8,155074.0
EIDPARRY,2026-01-13,939.9,952.2,934.8,942.5,122523.0
EIDPARRY,2026-01-14,942.5,951.4,932.5,943.0,519478.0
EIDPARRY,2026-01-16,949.0,953.7,927.0,931.0,215894.0
EIDPARRY,2026-01-19,925.0,936.0,921.1,929.7,99165.0
EIDPARRY,2026-01-20,923.0,927.4,907.1,910.1,198103.0
EIDPARRY,2026-01-21,901.3,918.4,896.4,908.2,207581.0
EIDPARRY,2026-01-22,912.7,919.8,902.6,914.0,167759.0
EIDPARRY,2026-01-23,914.0,919.7,875.0,879.6,237088.0
EIDPARRY,2026-01-27,879.6,892.5,860.1,884.5,192022.0
EIDPARRY,2026-01-28,885.0,904.6,884.8,900.5,77089.0
EIDPARRY,2026-01-29,900.6,907.8,880.0,902.5,91367.0
EIDPARRY,2026-01-30,894.3,927.1,882.8,923.1,160535.0
EIDPARRY,2026-02-01,922.6,922.6,870.55,877.8,71036.0
EIDPARRY,2026-02-02,877.0,899.0,870.25,891.2,90762.0
EIDPARRY,2026-02-03,912.45,920.0,901.0,903.6,245226.0
EIDPARRY,2026-02-04,908.8,923.95,899.65,911.9,161594.0
EIDPARRY,2026-02-05,911.15,916.85,884.6,891.1,87536.0
EIDPARRY,2026-02-06,888.0,890.75,878.0,881.15,76045.0
EIDPARRY,2026-02-09,885.0,931.1,882.4,929.45,174366.0
EIDPARRY,2026-02-10,926.0,939.85,913.75,932.25,206543.0
EIDPARRY,2026-02-11,930.1,933.4,915.85,923.9,113717.0
EIDPARRY,2026-02-12,922.0,928.0,901.1,909.45,322732.0
EIDPARRY,2026-02-13,905.8,942.15,900.4,907.15,501715.0
EIDPARRY,2026-02-16,911.05,911.1,888.0,899.75,186603.0
EIDPARRY,2026-02-17,899.75,924.45,893.55,916.45,232705.0
EIDPARRY,2026-02-18,916.45,921.15,903.85,909.6,172137.0
EIDPARRY,2026-02-19,909.6,912.6,890.0,895.55,346741.0
EIDPARRY,2026-02-20,895.0,895.1,883.95,886.9,511784.0
EIDPARRY,2026-02-23,889.9,899.6,877.25,885.2,158409.0
EIDPARRY,2026-02-24,881.15,888.6,859.85,867.0,204678.0
EIDPARRY,2026-02-25,868.05,876.45,861.75,866.65,130603.0
EIDPARRY,2026-02-26,867.0,880.15,861.0,876.8,150627.0
EIDPARRY,2026-02-27,885.0,890.05,860.0,865.2,412671.0
EIDPARRY,2026-03-02,844.55,873.65,844.55,870.5,158430.0
EIDPARRY,2026-03-04,858.1,884.0,833.0,853.9,718702.0
EIDPARRY,2026-03-05,859.6,884.0,824.6,834.0,352259.0
EIDPARRY,2026-03-06,835.0,844.6,819.0,824.0,166411.0
EIDPARRY,2026-03-09,817.2,817.2,787.1,795.15,338709.0
EIDPARRY,2026-03-10,805.95,832.6,796.05,826.65,188499.0
EIDPARRY,2026-03-11,829.9,833.6,809.45,810.1,134960.0
EIDPARRY,2026-03-12,804.0,819.0,791.1,810.35,201169.0
EIDPARRY,2026-03-13,810.35,815.8,782.2,789.55,158840.0
EIDPARRY,2026-03-16,791.0,799.95,770.05,786.15,159127.0
EIDPARRY,2026-03-17,790.75,815.65,786.15,809.7,211825.0
EIDPARRY,2026-03-18,810.3,834.2,807.05,820.9,178840.0
EIDPARRY,2026-03-19,801.0,813.4,794.0,795.85,122640.0
EIDPARRY,2026-03-20,794.25,814.95,786.0,789.05,204744.0
EIDPARRY,2026-03-23,789.05,789.05,750.95,765.85,220921.0
EIDPARRY,2026-03-24,778.4,796.5,764.0,790.1,272400.0
EIDPARRY,2026-03-25,801.0,818.0,792.0,808.3,269996.0
EIDPARRY,2026-03-27,805.9,816.4,781.6,795.45,305109.0
EIDPARRY,2026-03-30,780.0,796.15,773.0,775.5,295771.0
EIDPARRY,2026-04-01,788.1,820.0,788.1,814.1,312718.0
EIDPARRY,2026-04-02,802.2,817.0,780.15,807.35,256536.0
EIDPARRY,2026-04-06,815.0,827.8,795.0,815.0,323871.0
EIDPARRY,2026-04-07,815.0,825.65,807.35,821.2,168899.0
EIDPARRY,2026-04-08,842.0,844.0,828.0,840.95,221577.0
EIDPARRY,2026-04-09,847.0,853.85,825.0,830.7,243347.0
EIDPARRY,2026-04-10,837.25,860.05,835.3,854.5,154597.0
EIDPARRY,2026-04-13,840.05,867.25,833.2,856.45,191935.0
EIDPARRY,2026-04-15,876.0,876.0,851.2,866.25,180840.0
EIDPARRY,2026-04-16,874.0,874.0,840.1,852.5,256845.0
EIDPARRY,2026-04-17,852.0,874.7,850.0,865.15,209196.0
EIDPARRY,2026-04-20,873.05,873.05,847.0,850.8,163641.0
EIDPARRY,2026-04-21,850.9,858.0,846.8,851.15,120518.0
EIDPARRY,2026-04-22,857.4,875.0,850.2,872.5,277449.0
EIDPARRY,2026-04-23,877.55,913.9,863.7,871.6,1439243.0
EIDPARRY,2026-04-24,872.0,880.95,837.65,845.1,247305.0
EIDPARRY,2026-04-27,851.95,863.75,842.75,854.2,175843.0
EIDPARRY,2026-04-28,852.0,860.0,844.0,845.35,110198.0
EIDPARRY,2026-04-29,854.4,857.5,833.5,837.2,229659.0
EIDPARRY,2026-04-30,839.9,860.35,832.25,844.0,687091.0
EIDPARRY,2026-05-04,855.95,859.9,846.5,853.5,211642.0
EIDPARRY,2026-05-05,853.5,864.5,841.0,848.85,245032.0
EIDPARRY,2026-05-06,854.5,861.0,845.1,856.85,173743.0
EIDPARRY,2026-05-07,862.0,865.5,846.0,847.35,275399.0
EIDPARRY,2026-05-08,847.95,852.85,831.85,834.3,237610.0
EIDPARRY,2026-05-11,835.0,835.95,816.05,819.9,143626.0
EIDPARRY,2026-05-12,817.5,823.6,800.5,804.15,162732.0
EIDPARRY,2026-05-13,800.35,818.0,798.0,805.35,160163.0
EIDPARRY,2026-05-14,795.85,805.45,789.8,796.2,217232.0
EIDPARRY,2026-05-15,796.0,798.55,788.3,789.45,132952.0
EIDPARRY,2026-05-18,780.5,785.0,757.8,781.1,206121.0
EIDPARRY,2026-05-19,781.1,798.8,776.4,790.55,276585.0
EIDPARRY,2026-05-20,790.0,799.25,780.5,798.05,136681.0
EIDPARRY,2026-05-21,801.95,801.95,787.0,789.5,94087.0
EIDPARRY,2026-05-22,789.0,791.85,775.2,778.95,126049.0
EIDPARRY,2026-05-25,785.9,794.0,781.4,789.85,112672.0
EIDPARRY,2026-05-26,792.9,803.5,759.1,764.55,1037624.0
EMBASSY,2025-05-21,389.0,392.0,385.0,389.45,357792.0
EMBASSY,2025-05-22,389.45,391.8,385.52,389.87,2057712.0
EMBASSY,2025-05-23,390.86,392.8,388.99,390.43,358815.0
EMBASSY,2025-05-26,395.0,395.0,374.25,380.58,5950634.0
EMBASSY,2025-05-27,380.58,384.5,379.1,382.08,512048.0
EMBASSY,2025-05-28,382.08,384.4,382.08,383.36,312221.0
EMBASSY,2025-05-29,383.36,389.69,382.71,388.55,360035.0
EMBASSY,2025-05-30,387.78,391.0,378.2,381.4,1149011.0
EMBASSY,2025-06-02,381.01,390.0,381.01,389.19,698538.0
EMBASSY,2025-06-03,389.7,390.2,386.33,388.98,412702.0
EMBASSY,2025-06-04,389.04,389.95,385.0,387.92,567467.0
EMBASSY,2025-06-05,386.9,396.43,386.0,394.88,829554.0
EMBASSY,2025-06-06,394.95,397.0,389.05,395.98,888383.0
EMBASSY,2025-06-09,395.85,398.0,394.15,395.92,859898.0
EMBASSY,2025-06-10,395.33,397.95,394.26,395.58,615093.0
EMBASSY,2025-06-11,394.92,398.0,393.1,396.94,654715.0
EMBASSY,2025-06-12,397.0,398.85,393.59,397.09,459008.0
EMBASSY,2025-06-13,394.14,398.85,393.51,394.92,644101.0
EMBASSY,2025-06-16,395.9,399.0,390.55,393.88,265221.0
EMBASSY,2025-06-17,394.96,395.89,391.0,392.01,169067.0
EMBASSY,2025-06-18,393.7,395.9,390.25,391.65,539852.0
EMBASSY,2025-06-19,391.0,392.85,388.82,390.66,272861.0
EMBASSY,2025-06-20,389.1,393.5,385.0,388.43,826633.0
EMBASSY,2025-06-23,385.3,394.9,384.0,390.89,408900.0
EMBASSY,2025-06-24,392.25,392.67,385.0,385.24,262667.0
EMBASSY,2025-06-25,385.95,399.0,382.42,395.93,484820.0
EMBASSY,2025-06-26,391.41,395.0,384.61,393.7,875132.0
EMBASSY,2025-06-27,392.03,396.59,388.11,395.02,462713.0
EMBASSY,2025-06-30,393.96,393.96,388.0,389.5,744173.0
EMBASSY,2025-07-01,389.2,395.45,387.31,391.48,510270.0
EMBASSY,2025-07-02,392.6,392.9,389.0,390.92,641154.0
EMBASSY,2025-07-03,390.88,392.9,389.06,391.49,218958.0
EMBASSY,2025-07-04,390.12,392.9,389.45,392.03,379752.0
EMBASSY,2025-07-07,393.3,394.8,387.3,391.6,341102.0
EMBASSY,2025-07-08,392.8,398.9,388.1,395.16,989901.0
EMBASSY,2025-07-09,396.48,399.0,396.48,397.74,559009.0
EMBASSY,2025-07-10,388.9,397.0,388.05,390.89,1764912.0
EMBASSY,2025-07-11,389.13,392.55,388.15,390.08,399618.0
EMBASSY,2025-07-14,389.06,391.0,388.0,389.02,1245616.0
EMBASSY,2025-07-15,388.99,391.9,388.3,390.7,447838.0
EMBASSY,2025-07-16,390.11,392.9,390.01,392.31,495561.0
EMBASSY,2025-07-17,392.8,392.8,389.35,390.3,1349676.0
EMBASSY,2025-07-18,390.99,397.94,390.31,397.18,619749.0
EMBASSY,2025-07-21,397.18,400.0,396.0,398.67,626752.0
EMBASSY,2025-07-22,398.27,401.5,394.06,396.02,186509.0
EMBASSY,2025-07-23,396.0,404.98,395.5,403.71,761068.0
EMBASSY,2025-07-24,405.45,406.94,402.0,404.03,740900.0
EMBASSY,2025-07-25,402.85,405.7,399.07,401.48,280182.0
EMBASSY,2025-07-28,402.28,403.8,394.99,399.99,327290.0
EMBASSY,2025-07-29,398.53,400.0,393.51,394.5,744059.0
EMBASSY,2025-07-30,394.0,398.98,390.5,397.44,746317.0
EMBASSY,2025-07-31,393.44,397.9,393.0,395.69,757140.0
EMBASSY,2025-08-01,397.6,397.6,390.5,392.2,298578.0
EMBASSY,2025-08-04,391.6,392.2,388.15,389.25,1677546.0
EMBASSY,2025-08-05,385.0,386.5,382.55,385.43,1763026.0
EMBASSY,2025-08-06,385.21,396.5,384.06,393.28,448200.0
EMBASSY,2025-08-07,393.0,393.28,385.3,386.26,1107533.0
EMBASSY,2025-08-08,385.1,386.35,381.2,381.72,652770.0
EMBASSY,2025-08-11,382.4,387.8,381.72,386.42,222942.0
EMBASSY,2025-08-12,386.95,386.95,383.05,384.68,227338.0
EMBASSY,2025-08-13,385.7,386.53,383.25,384.02,408256.0
EMBASSY,2025-08-14,382.9,387.0,382.9,385.82,698687.0
EMBASSY,2025-08-18,388.0,388.0,384.1,385.41,975435.0
EMBASSY,2025-08-19,385.5,386.4,381.27,384.99,637237.0
EMBASSY,2025-08-20,384.29,388.7,383.11,388.23,512651.0
EMBASSY,2025-08-21,389.4,391.95,388.23,389.94,521498.0
EMBASSY,2025-08-22,389.94,393.08,389.05,392.07,285491.0
EMBASSY,2025-08-25,392.0,392.0,386.1,386.82,431018.0
EMBASSY,2025-08-26,387.7,387.7,377.11,380.81,878494.0
EMBASSY,2025-08-28,380.81,385.88,378.47,381.21,1518701.0
EMBASSY,2025-08-29,381.0,388.9,380.99,387.87,1855722.0
EMBASSY,2025-09-01,388.4,388.4,383.0,385.72,471411.0
EMBASSY,2025-09-02,384.22,389.75,384.22,388.19,379245.0
EMBASSY,2025-09-03,387.03,391.7,386.96,389.99,539117.0
EMBASSY,2025-09-04,389.0,391.0,385.2,390.89,261530.0
EMBASSY,2025-09-05,390.82,393.84,385.27,391.35,481494.0
EMBASSY,2025-09-08,392.99,392.99,385.5,388.88,337062.0
EMBASSY,2025-09-09,389.0,393.0,386.26,392.44,1483005.0
EMBASSY,2025-09-10,392.0,399.0,390.35,397.47,370369.0
EMBASSY,2025-09-11,397.47,397.89,395.0,397.32,296431.0
EMBASSY,2025-09-12,397.5,401.77,396.0,399.44,694924.0
EMBASSY,2025-09-15,401.98,412.35,400.01,409.56,591732.0
EMBASSY,2025-09-16,411.85,418.0,410.01,415.6,1220861.0
EMBASSY,2025-09-17,415.6,418.0,411.5,412.8,1128636.0
EMBASSY,2025-09-18,412.0,413.7,408.1,410.73,481723.0
EMBASSY,2025-09-19,408.01,411.49,401.01,404.79,1321855.0
EMBASSY,2025-09-22,405.7,409.97,404.0,408.19,356189.0
EMBASSY,2025-09-23,411.0,411.0,405.1,409.7,292812.0
EMBASSY,2025-09-24,409.7,411.97,404.05,405.19,609248.0
EMBASSY,2025-09-25,406.45,416.0,400.25,413.04,1348707.0
EMBASSY,2025-09-26,414.4,419.99,408.01,409.61,834188.0
EMBASSY,2025-09-29,410.5,415.65,410.03,413.88,1204527.0
EMBASSY,2025-09-30,415.0,423.0,414.8,421.93,3305047.0
EMBASSY,2025-10-01,420.94,427.0,417.01,424.06,3201692.0
EMBASSY,2025-10-03,422.0,430.0,422.0,427.48,1719416.0
EMBASSY,2025-10-06,428.7,428.7,417.4,420.52,9725930.0
EMBASSY,2025-10-07,418.6,428.0,418.6,424.5,492250.0
EMBASSY,2025-10-08,427.48,427.95,420.05,426.8,162959.0
EMBASSY,2025-10-09,427.8,428.25,418.05,425.99,439179.0
EMBASSY,2025-10-10,427.7,428.95,426.0,427.04,215172.0
EMBASSY,2025-10-13,428.38,428.38,420.5,421.42,204333.0
EMBASSY,2025-10-14,421.5,425.04,418.21,419.19,193422.0
EMBASSY,2025-10-15,420.0,426.64,420.0,424.25,309200.0
EMBASSY,2025-10-16,423.0,424.24,420.0,420.42,291079.0
EMBASSY,2025-10-17,421.1,421.87,418.99,419.82,351176.0
EMBASSY,2025-10-20,421.8,431.0,420.0,429.81,401896.0
EMBASSY,2025-10-21,430.75,433.9,427.15,432.87,26202.0
EMBASSY,2025-10-23,433.49,434.0,419.0,430.93,3140752.0
EMBASSY,2025-10-24,431.0,434.0,426.25,433.37,337736.0
EMBASSY,2025-10-27,435.4,437.0,430.2,433.88,543184.0
EMBASSY,2025-10-28,435.49,435.49,423.85,425.3,477716.0
EMBASSY,2025-10-29,425.02,436.2,423.1,434.7,552670.0
EMBASSY,2025-10-30,432.8,433.65,426.0,427.1,187772.0
EMBASSY,2025-10-31,427.7,435.9,426.25,428.95,533668.0
EMBASSY,2025-11-03,429.0,433.68,429.0,432.34,281870.0
EMBASSY,2025-11-04,432.87,435.0,428.5,431.88,830025.0
EMBASSY,2025-11-06,434.03,436.0,426.7,429.97,1680786.0
EMBASSY,2025-11-07,426.2,431.93,424.0,426.13,485806.0
EMBASSY,2025-11-10,425.65,431.95,422.13,428.11,1000999.0
EMBASSY,2025-11-11,427.74,427.74,419.75,423.98,1114435.0
EMBASSY,2025-11-12,425.9,425.9,422.51,422.96,466916.0
EMBASSY,2025-11-13,422.98,424.7,417.67,421.47,892188.0
EMBASSY,2025-11-14,420.01,421.8,415.05,415.71,2236631.0
EMBASSY,2025-11-17,417.62,419.87,416.14,418.49,872232.0
EMBASSY,2025-11-18,417.95,429.7,415.0,424.29,1673203.0
EMBASSY,2025-11-19,426.89,427.0,420.01,425.86,715439.0
EMBASSY,2025-11-20,427.3,437.0,425.86,436.4,4527638.0
EMBASSY,2025-11-21,432.5,434.8,425.05,432.46,540601.0
EMBASSY,2025-11-24,434.45,436.8,427.34,433.05,779516.0
EMBASSY,2025-11-25,432.45,432.45,427.51,428.35,548297.0
EMBASSY,2025-11-26,428.35,429.85,424.01,424.87,425279.0
EMBASSY,2025-11-27,424.91,428.0,422.03,426.44,291851.0
EMBASSY,2025-11-28,426.44,428.98,423.1,426.81,656908.0
EMBASSY,2025-12-01,428.45,430.15,426.9,429.62,1277061.0
EMBASSY,2025-12-02,429.62,439.95,429.62,437.98,1342389.0
EMBASSY,2025-12-03,439.19,453.99,437.98,449.69,808037.0
EMBASSY,2025-12-04,451.57,451.57,443.05,447.49,727115.0
EMBASSY,2025-12-05,446.65,449.77,438.37,441.16,1116816.0
EMBASSY,2025-12-08,441.95,447.9,437.16,439.29,639136.0
EMBASSY,2025-12-09,438.38,438.38,428.66,430.0,673130.0
EMBASSY,2025-12-10,430.6,442.0,430.6,436.62,706057.0
EMBASSY,2025-12-11,434.0,440.98,431.2,439.98,2213233.0
EMBASSY,2025-12-12,442.0,446.84,440.0,441.71,426735.0
EMBASSY,2025-12-15,444.24,446.5,435.58,440.11,353974.0
EMBASSY,2025-12-16,440.6,445.69,435.1,443.61,346306.0
EMBASSY,2025-12-17,444.4,446.18,431.05,432.89,469061.0
EMBASSY,2025-12-18,432.89,433.4,425.1,428.25,697849.0
EMBASSY,2025-12-19,428.26,432.99,426.0,428.19,1421005.0
EMBASSY,2025-12-22,426.5,430.99,425.2,426.79,603843.0
EMBASSY,2025-12-23,427.0,429.19,426.75,427.03,639456.0
EMBASSY,2025-12-24,428.69,429.8,423.05,425.03,923430.0
EMBASSY,2025-12-26,427.9,430.0,426.12,429.82,409952.0
EMBASSY,2025-12-29,432.0,432.0,421.31,423.91,1074428.0
EMBASSY,2025-12-30,425.84,427.76,423.0,424.26,1361874.0
EMBASSY,2025-12-31,424.99,437.85,422.1,435.32,506297.0
EMBASSY,2026-01-01,435.3,439.0,431.13,435.69,364501.0
EMBASSY,2026-01-02,436.7,439.0,435.5,438.51,297177.0
EMBASSY,2026-01-05,441.9,442.49,431.01,433.74,1212283.0
EMBASSY,2026-01-06,436.0,442.0,434.01,437.91,611548.0
EMBASSY,2026-01-07,440.89,445.0,438.26,444.56,906682.0
EMBASSY,2026-01-08,447.0,447.0,433.94,435.55,1867412.0
EMBASSY,2026-01-09,433.21,437.98,433.21,436.52,320024.0
EMBASSY,2026-01-12,437.7,439.98,435.0,436.79,576636.0
EMBASSY,2026-01-13,436.79,444.0,436.01,440.79,828798.0
EMBASSY,2026-01-14,438.4,444.0,435.99,440.19,596290.0
EMBASSY,2026-01-16,439.6,450.98,437.51,449.68,484001.0
EMBASSY,2026-01-19,450.9,450.94,435.06,436.15,444946.0
EMBASSY,2026-01-20,436.8,441.5,436.01,439.25,1040844.0
EMBASSY,2026-01-21,440.0,440.0,434.5,437.06,556881.0
EMBASSY,2026-01-22,438.8,439.7,435.11,436.28,336476.0
EMBASSY,2026-01-23,438.0,443.0,434.21,435.6,504502.0
EMBASSY,2026-01-27,435.5,435.5,429.06,430.56,1872292.0
EMBASSY,2026-01-28,433.05,433.05,428.2,430.28,618055.0
EMBASSY,2026-01-29,432.75,439.0,432.25,437.14,1341526.0
EMBASSY,2026-01-30,438.4,438.4,432.0,434.26,730820.0
EMBASSY,2026-02-01,434.26,440.0,432.35,439.57,93709.0
EMBASSY,2026-02-02,438.86,438.86,432.4,436.94,479680.0
EMBASSY,2026-02-03,439.0,439.49,429.01,432.63,614160.0
EMBASSY,2026-02-04,430.5,439.8,429.0,438.39,558093.0
EMBASSY,2026-02-05,439.0,440.25,437.25,440.04,593212.0
EMBASSY,2026-02-06,441.8,443.01,438.06,441.91,488400.0
EMBASSY,2026-02-09,446.5,454.0,445.64,452.63,643962.0
EMBASSY,2026-02-10,454.0,459.99,453.0,459.61,766344.0
EMBASSY,2026-02-11,455.9,462.0,451.21,460.99,579698.0
EMBASSY,2026-02-12,459.0,459.0,446.99,448.68,1034476.0
EMBASSY,2026-02-13,444.9,445.0,438.06,440.42,954089.0
EMBASSY,2026-02-16,440.42,446.69,439.76,444.79,291884.0
EMBASSY,2026-02-17,445.0,447.6,442.2,445.99,402439.0
EMBASSY,2026-02-18,445.7,445.7,436.01,437.91,1053639.0
EMBASSY,2026-02-19,439.0,444.7,432.65,435.21,255030.0
EMBASSY,2026-02-20,435.0,435.8,432.0,433.37,540974.0
EMBASSY,2026-02-23,433.0,435.99,431.59,434.36,527359.0
EMBASSY,2026-02-24,434.8,437.0,417.5,420.02,58160702.0
EMBASSY,2026-02-25,420.0,428.2,420.0,426.59,3617378.0
EMBASSY,2026-02-26,424.0,430.1,423.0,427.45,1196263.0
EMBASSY,2026-02-27,425.1,427.9,421.0,425.03,1706777.0
EMBASSY,2026-03-02,425.0,428.24,422.0,425.97,1504163.0
EMBASSY,2026-03-04,425.0,426.5,411.05,415.33,726632.0
EMBASSY,2026-03-05,414.8,422.9,411.05,419.85,2527650.0
EMBASSY,2026-03-06,421.7,439.4,420.0,433.75,1023705.0
EMBASSY,2026-03-09,430.0,430.0,422.0,424.31,623934.0
EMBASSY,2026-03-10,426.98,426.99,418.11,421.17,1102202.0
EMBASSY,2026-03-11,421.8,425.14,418.6,422.28,665227.0
EMBASSY,2026-03-12,421.0,442.99,415.31,431.05,817982.0
EMBASSY,2026-03-13,432.2,432.9,422.21,424.28,508801.0
EMBASSY,2026-03-16,427.0,434.79,421.2,422.84,857214.0
EMBASSY,2026-03-17,424.0,427.39,421.03,422.02,484289.0
EMBASSY,2026-03-18,422.12,429.47,419.1,419.99,1101074.0
EMBASSY,2026-03-19,418.3,423.89,414.2,418.9,606573.0
EMBASSY,2026-03-20,418.3,423.01,414.02,416.68,1360069.0
EMBASSY,2026-03-23,412.8,420.5,410.15,418.01,626171.0
EMBASSY,2026-03-24,418.6,424.0,415.0,422.83,365956.0
EMBASSY,2026-03-25,422.99,435.75,422.83,429.75,483365.0
EMBASSY,2026-03-27,430.55,430.72,424.99,426.63,589530.0
EMBASSY,2026-03-30,425.0,425.0,416.25,420.29,646113.0
EMBASSY,2026-04-01,422.4,424.01,417.0,420.9,1051346.0
EMBASSY,2026-04-02,418.8,433.9,418.67,429.97,873330.0
EMBASSY,2026-04-06,430.01,433.95,426.9,429.74,459146.0
EMBASSY,2026-04-07,430.0,430.0,425.5,429.85,322322.0
EMBASSY,2026-04-08,432.9,439.49,431.99,437.42,792780.0
EMBASSY,2026-04-09,439.0,444.0,437.5,439.91,407821.0
EMBASSY,2026-04-10,442.99,448.0,441.2,447.3,338001.0
EMBASSY,2026-04-13,451.4,451.4,445.26,447.96,876811.0
EMBASSY,2026-04-15,445.0,450.0,445.0,449.36,268690.0
EMBASSY,2026-04-16,450.6,450.6,440.0,442.48,164249.0
EMBASSY,2026-04-17,444.98,444.98,437.0,439.81,238118.0
EMBASSY,2026-04-20,439.81,441.01,428.45,429.91,622669.0
EMBASSY,2026-04-21,429.77,433.0,429.41,431.89,384757.0
EMBASSY,2026-04-22,432.85,433.8,426.01,426.4,339890.0
EMBASSY,2026-04-23,426.4,428.8,426.0,426.98,754375.0
EMBASSY,2026-04-24,428.4,433.97,426.0,432.97,237492.0
EMBASSY,2026-04-27,435.7,436.96,431.05,433.45,422418.0
EMBASSY,2026-04-28,432.0,435.0,425.1,426.89,6702318.0
EMBASSY,2026-04-29,427.99,434.74,425.8,427.09,2428064.0
EMBASSY,2026-04-30,423.0,426.48,422.0,424.76,491485.0
EMBASSY,2026-05-04,427.0,427.0,419.05,420.14,824077.0
EMBASSY,2026-05-05,419.9,424.5,419.51,423.29,346616.0
EMBASSY,2026-05-06,423.75,424.44,419.5,420.56,378039.0
EMBASSY,2026-05-07,420.56,423.18,420.56,421.11,589796.0
EMBASSY,2026-05-08,423.4,423.4,418.21,421.52,773641.0
EMBASSY,2026-05-11,422.85,422.88,418.76,421.06,487073.0
EMBASSY,2026-05-12,421.95,422.74,420.35,422.35,169763.0
EMBASSY,2026-05-12,421.0,421.0,421.0,421.0,26891249.0
EMBASSY,2026-05-13,423.67,423.89,420.0,421.74,285293.0
EMBASSY,2026-05-14,422.95,426.5,421.81,425.28,583405.0
EMBASSY,2026-05-14,421.0,421.0,421.0,421.0,19426614.0
EMBASSY,2026-05-15,425.0,426.55,420.11,421.09,263896.0
EMBASSY,2026-05-18,422.0,425.99,418.1,422.22,411067.0
EMBASSY,2026-05-19,424.59,433.5,422.66,430.15,457278.0
EMBASSY,2026-05-20,429.01,436.02,428.0,434.45,223802.0
EMBASSY,2026-05-21,434.79,438.35,429.5,434.33,231669.0
EMBASSY,2026-05-22,435.9,437.67,427.02,429.88,253446.0
EMBASSY,2026-05-25,429.95,435.86,427.89,430.74,376530.0
EMBASSY,2026-05-26,430.74,433.98,426.9,433.43,387493.0
EXIDEIND,2025-05-21,383.0,389.5,381.8,384.8,1333071.0
EXIDEIND,2025-05-22,384.8,387.5,380.05,382.4,1728598.0
EXIDEIND,2025-05-23,382.85,385.85,380.55,382.15,1952473.0
EXIDEIND,2025-05-26,383.9,387.65,382.05,386.8,1154702.0
EXIDEIND,2025-05-27,387.3,388.5,375.5,385.2,2910119.0
EXIDEIND,2025-05-28,385.2,388.7,384.1,386.7,1728672.0
EXIDEIND,2025-05-29,388.6,390.35,385.5,388.8,1776816.0
EXIDEIND,2025-05-30,388.8,390.2,383.15,386.85,1888195.0
EXIDEIND,2025-06-02,385.0,392.55,383.1,387.35,1529009.0
EXIDEIND,2025-06-03,387.35,391.9,385.15,386.2,1463373.0
EXIDEIND,2025-06-04,387.0,390.0,382.2,388.9,2078425.0
EXIDEIND,2025-06-05,390.9,393.75,388.2,391.15,2310114.0
EXIDEIND,2025-06-06,391.0,394.5,387.5,393.3,1838166.0
EXIDEIND,2025-06-09,395.0,401.95,392.15,400.8,3553688.0
EXIDEIND,2025-06-10,405.0,405.75,397.35,403.8,5033907.0
EXIDEIND,2025-06-11,402.0,410.0,401.1,405.55,3571479.0
EXIDEIND,2025-06-12,408.0,408.1,393.0,394.35,2861344.0
EXIDEIND,2025-06-13,377.05,390.35,377.05,384.85,1778475.0
EXIDEIND,2025-06-16,384.85,386.5,377.0,384.3,2248045.0
EXIDEIND,2025-06-17,384.3,385.7,380.2,382.95,1233370.0
EXIDEIND,2025-06-18,381.45,385.6,377.3,378.15,1045672.0
EXIDEIND,2025-06-19,377.0,380.55,370.1,374.75,2604775.0
EXIDEIND,2025-06-20,373.9,381.6,373.15,380.25,3051090.0
EXIDEIND,2025-06-23,376.0,382.35,376.0,378.3,3823423.0
EXIDEIND,2025-06-24,382.15,389.5,382.05,384.6,2025632.0
EXIDEIND,2025-06-25,385.55,390.45,384.15,385.8,2683521.0
EXIDEIND,2025-06-26,387.0,389.65,384.1,388.85,2474533.0
EXIDEIND,2025-06-27,389.95,393.8,388.0,388.45,2141558.0
EXIDEIND,2025-06-30,389.0,391.75,385.5,387.75,2106918.0
EXIDEIND,2025-07-01,388.6,390.85,385.0,385.85,734628.0
EXIDEIND,2025-07-02,386.0,389.15,381.6,382.85,2183885.0
EXIDEIND,2025-07-03,384.2,385.45,380.95,382.9,2251237.0
EXIDEIND,2025-07-04,382.9,389.3,380.6,383.45,2276640.0
EXIDEIND,2025-07-07,382.55,386.7,381.2,386.15,1259353.0
EXIDEIND,2025-07-08,386.15,389.6,383.0,388.7,1281125.0
EXIDEIND,2025-07-09,388.0,389.95,385.45,387.5,1625912.0
EXIDEIND,2025-07-10,388.45,390.35,386.0,388.95,1255994.0
EXIDEIND,2025-07-11,387.05,388.75,378.6,380.65,1215932.0
EXIDEIND,2025-07-14,380.0,384.0,376.1,383.35,921937.0
EXIDEIND,2025-07-15,385.0,386.8,383.8,386.5,899564.0
EXIDEIND,2025-07-16,386.0,386.7,377.55,385.95,2322273.0
EXIDEIND,2025-07-17,383.1,386.6,379.05,383.55,2048115.0
EXIDEIND,2025-07-18,382.95,386.35,379.05,384.05,1845205.0
EXIDEIND,2025-07-21,384.95,392.15,383.55,389.1,2362755.0
EXIDEIND,2025-07-22,391.0,395.6,388.4,394.25,3011062.0
EXIDEIND,2025-07-23,396.7,398.0,390.8,391.75,1972865.0
EXIDEIND,2025-07-24,392.15,395.8,390.25,391.2,1769630.0
EXIDEIND,2025-07-25,390.0,392.1,379.0,380.6,1523475.0
EXIDEIND,2025-07-28,378.0,386.05,377.3,382.1,1431163.0
EXIDEIND,2025-07-29,381.8,392.8,381.4,391.7,2163417.0
EXIDEIND,2025-07-30,392.3,393.1,388.8,391.05,998900.0
EXIDEIND,2025-07-31,386.1,389.2,381.2,384.3,1360355.0
EXIDEIND,2025-08-01,384.3,384.7,377.45,379.25,2021631.0
EXIDEIND,2025-08-04,378.5,391.65,376.7,390.8,2081395.0
EXIDEIND,2025-08-05,391.35,395.5,376.9,384.75,6696094.0
EXIDEIND,2025-08-06,388.5,391.7,379.7,381.55,4291389.0
EXIDEIND,2025-08-07,380.1,380.4,373.2,379.9,2467479.0
EXIDEIND,2025-08-08,377.0,381.0,374.25,375.65,1717927.0
EXIDEIND,2025-08-11,375.65,380.25,373.5,377.65,2391804.0
EXIDEIND,2025-08-12,378.05,379.25,374.9,376.4,1747236.0
EXIDEIND,2025-08-13,377.3,378.3,375.05,375.7,1889570.0
EXIDEIND,2025-08-14,375.7,376.8,370.75,374.45,1245199.0
EXIDEIND,2025-08-18,379.85,381.95,374.05,376.3,3208963.0
EXIDEIND,2025-08-19,377.45,394.45,376.0,392.8,24457473.0
EXIDEIND,2025-08-20,395.1,398.8,391.05,396.3,4081481.0
EXIDEIND,2025-08-21,399.5,402.35,394.3,400.45,4104887.0
EXIDEIND,2025-08-22,400.45,400.45,394.0,396.05,1862967.0
EXIDEIND,2025-08-25,397.0,403.6,392.4,400.25,2509380.0
EXIDEIND,2025-08-26,400.25,402.0,394.3,396.8,2480949.0
EXIDEIND,2025-08-28,396.5,397.9,391.0,394.0,2404867.0
EXIDEIND,2025-08-29,394.0,398.6,391.35,396.25,2247248.0
EXIDEIND,2025-09-01,398.2,413.45,396.3,412.25,4888750.0
EXIDEIND,2025-09-02,414.8,422.0,410.05,416.2,4896799.0
EXIDEIND,2025-09-03,416.2,420.7,412.3,419.1,2204668.0
EXIDEIND,2025-09-04,422.95,423.2,404.25,405.65,3308452.0
EXIDEIND,2025-09-05,406.5,414.8,406.5,412.75,1899722.0
EXIDEIND,2025-09-08,415.0,429.0,413.05,427.35,4458174.0
EXIDEIND,2025-09-09,427.5,430.0,423.05,426.75,2306523.0
EXIDEIND,2025-09-10,427.0,431.0,421.05,422.25,2555350.0
EXIDEIND,2025-09-11,422.25,425.05,420.55,422.7,1451017.0
EXIDEIND,2025-09-12,422.7,427.4,418.0,418.55,1868727.0
EXIDEIND,2025-09-15,419.25,422.2,413.85,415.65,1059766.0
EXIDEIND,2025-09-16,415.75,421.2,414.55,418.2,1549678.0
EXIDEIND,2025-09-17,419.05,421.0,417.1,418.8,1067243.0
EXIDEIND,2025-09-18,419.8,425.85,417.9,425.15,2015535.0
EXIDEIND,2025-09-19,423.4,425.1,413.4,414.5,3843720.0
EXIDEIND,2025-09-22,415.15,416.15,403.05,403.85,2474281.0
EXIDEIND,2025-09-23,404.0,410.5,402.6,403.25,2101382.0
EXIDEIND,2025-09-24,403.25,404.1,397.95,399.6,1558689.0
EXIDEIND,2025-09-25,398.0,399.3,391.2,393.15,2223246.0
EXIDEIND,2025-09-26,393.2,400.05,387.65,388.8,2218255.0
EXIDEIND,2025-09-29,389.5,392.0,385.75,388.55,1223452.0
EXIDEIND,2025-09-30,388.55,392.25,386.15,390.75,1686219.0
EXIDEIND,2025-10-01,391.9,396.35,390.15,395.05,1301811.0
EXIDEIND,2025-10-03,394.9,398.35,392.5,398.05,1614451.0
EXIDEIND,2025-10-06,398.0,402.75,395.75,399.95,1345884.0
EXIDEIND,2025-10-07,399.95,409.0,398.1,402.85,1830155.0
EXIDEIND,2025-10-08,402.8,405.2,396.0,398.35,1115813.0
EXIDEIND,2025-10-09,396.1,401.55,393.3,397.6,1559276.0
EXIDEIND,2025-10-10,393.0,403.65,393.0,400.65,1806878.0
EXIDEIND,2025-10-13,397.05,400.35,395.1,398.5,1045893.0
EXIDEIND,2025-10-14,401.3,401.3,390.1,393.15,1726707.0
EXIDEIND,2025-10-15,393.4,395.0,389.7,390.6,1604138.0
EXIDEIND,2025-10-16,390.6,398.9,390.6,397.85,1518275.0
EXIDEIND,2025-10-17,397.5,402.3,393.5,400.95,3180557.0
EXIDEIND,2025-10-20,400.0,402.8,397.6,398.85,1095093.0
EXIDEIND,2025-10-21,398.9,401.6,398.0,399.35,382337.0
EXIDEIND,2025-10-23,400.75,401.0,391.3,392.15,1844105.0
EXIDEIND,2025-10-24,392.0,393.8,387.8,388.7,2860401.0
EXIDEIND,2025-10-27,389.25,390.0,378.9,379.95,4173827.0
EXIDEIND,2025-10-28,380.7,383.95,378.5,380.7,3929437.0
EXIDEIND,2025-10-29,380.0,386.95,379.75,384.6,2270512.0
EXIDEIND,2025-10-30,385.3,385.85,377.6,383.05,3586392.0
EXIDEIND,2025-10-31,381.3,386.8,380.0,381.9,1778451.0
EXIDEIND,2025-11-03,382.0,385.7,380.95,383.3,1119862.0
EXIDEIND,2025-11-04,383.3,383.75,378.9,379.7,2127277.0
EXIDEIND,2025-11-06,379.65,382.65,375.45,379.85,1515399.0
EXIDEIND,2025-11-07,377.85,379.95,374.75,377.35,1541187.0
EXIDEIND,2025-11-10,377.45,381.0,377.0,379.1,1153922.0
EXIDEIND,2025-11-11,379.0,380.3,375.85,377.0,1315238.0
EXIDEIND,2025-11-12,378.2,382.9,378.0,380.4,1335467.0
EXIDEIND,2025-11-13,380.4,381.9,378.4,379.7,1497531.0
EXIDEIND,2025-11-14,378.55,382.4,378.0,381.0,1724815.0
EXIDEIND,2025-11-17,377.0,386.8,377.0,382.7,3658302.0
EXIDEIND,2025-11-18,382.2,383.45,378.95,381.5,1771009.0
EXIDEIND,2025-11-19,381.5,383.0,379.4,380.9,1350329.0
EXIDEIND,2025-11-20,380.9,383.25,380.5,380.8,1277581.0
EXIDEIND,2025-11-21,379.5,380.4,374.4,375.35,1679144.0
EXIDEIND,2025-11-24,374.0,375.2,361.85,363.45,2308560.0
EXIDEIND,2025-11-25,363.0,366.15,361.0,361.85,1827850.0
EXIDEIND,2025-11-26,362.0,366.15,360.1,365.15,2430013.0
EXIDEIND,2025-11-27,368.0,369.35,364.0,368.35,1519975.0
EXIDEIND,2025-11-28,370.0,376.0,368.0,374.8,1779891.0
EXIDEIND,2025-12-01,375.6,381.0,374.8,380.15,1972475.0
EXIDEIND,2025-12-02,380.2,381.0,376.2,378.45,1257595.0
EXIDEIND,2025-12-03,377.5,378.6,370.3,372.65,2341225.0
EXIDEIND,2025-12-04,371.7,381.75,371.7,380.35,2191657.0
EXIDEIND,2025-12-05,380.3,380.75,375.9,380.15,921587.0
EXIDEIND,2025-12-08,377.75,380.4,370.5,373.25,2433202.0
EXIDEIND,2025-12-09,371.55,374.55,367.0,373.4,1172173.0
EXIDEIND,2025-12-10,373.5,375.25,368.0,370.4,1158840.0
EXIDEIND,2025-12-11,370.4,375.25,368.3,374.6,600684.0
EXIDEIND,2025-12-12,374.0,375.9,370.95,373.75,799876.0
EXIDEIND,2025-12-15,373.75,373.75,369.9,372.45,671306.0
EXIDEIND,2025-12-16,370.95,371.9,364.1,366.25,1326473.0
EXIDEIND,2025-12-17,366.0,366.4,361.5,363.8,878512.0
EXIDEIND,2025-12-18,363.0,363.7,357.2,359.05,1059419.0
EXIDEIND,2025-12-19,359.05,364.0,358.05,363.25,1661778.0
EXIDEIND,2025-12-22,363.95,369.1,363.6,366.25,1189170.0
EXIDEIND,2025-12-23,366.35,371.4,364.2,370.05,1257107.0
EXIDEIND,2025-12-24,370.05,372.95,365.5,367.15,686505.0
EXIDEIND,2025-12-26,365.05,369.75,364.35,365.15,457109.0
EXIDEIND,2025-12-29,365.05,366.2,361.2,361.9,579834.0
EXIDEIND,2025-12-30,360.8,361.85,357.3,357.85,724713.0
EXIDEIND,2025-12-31,357.85,363.5,357.25,362.2,731453.0
EXIDEIND,2026-01-01,363.0,364.0,361.1,363.25,589837.0
EXIDEIND,2026-01-02,362.5,369.0,362.5,367.7,1083939.0
EXIDEIND,2026-01-05,368.2,375.7,365.4,367.3,2519704.0
EXIDEIND,2026-01-06,367.3,368.25,361.8,363.8,924558.0
EXIDEIND,2026-01-07,363.8,364.25,357.7,359.4,1115584.0
EXIDEIND,2026-01-08,359.5,361.85,351.5,352.8,1282301.0
EXIDEIND,2026-01-09,350.7,353.75,345.6,346.45,1105040.0
EXIDEIND,2026-01-12,345.0,350.75,340.0,349.7,2008447.0
EXIDEIND,2026-01-13,350.1,351.8,343.0,346.0,917928.0
EXIDEIND,2026-01-14,345.0,346.45,342.75,345.35,989702.0
EXIDEIND,2026-01-16,345.35,348.95,343.45,344.1,879779.0
EXIDEIND,2026-01-19,343.0,344.65,341.1,342.3,779413.0
EXIDEIND,2026-01-20,341.6,342.8,329.1,330.5,1181094.0
EXIDEIND,2026-01-21,330.0,333.0,322.4,325.95,2742731.0
EXIDEIND,2026-01-22,327.85,335.45,327.55,334.25,1329835.0
EXIDEIND,2026-01-23,334.25,337.35,324.15,325.2,1123208.0
EXIDEIND,2026-01-27,325.65,326.8,319.05,323.25,1488086.0
EXIDEIND,2026-01-28,323.25,326.0,319.7,321.15,2487601.0
EXIDEIND,2026-01-29,321.15,322.15,312.9,320.85,3235104.0
EXIDEIND,2026-01-30,320.0,326.0,314.9,321.6,3661799.0
EXIDEIND,2026-02-01,324.0,325.95,311.5,316.65,1610776.0
EXIDEIND,2026-02-02,318.0,323.45,308.45,321.2,1932681.0
EXIDEIND,2026-02-03,335.0,337.0,323.75,328.0,3003445.0
EXIDEIND,2026-02-04,338.0,345.9,332.55,341.5,8494116.0
EXIDEIND,2026-02-05,343.0,343.0,335.1,336.8,1053846.0
EXIDEIND,2026-02-06,336.8,336.8,329.2,332.65,1476846.0
EXIDEIND,2026-02-09,334.5,341.0,333.4,340.45,1349063.0
EXIDEIND,2026-02-10,342.0,344.0,337.1,338.8,1404239.0
EXIDEIND,2026-02-11,339.05,341.65,337.6,341.1,912523.0
EXIDEIND,2026-02-12,341.1,341.1,334.3,338.05,1708279.0
EXIDEIND,2026-02-13,337.7,340.35,332.15,336.8,1628679.0
EXIDEIND,2026-02-16,336.0,341.5,332.2,340.85,1178082.0
EXIDEIND,2026-02-17,342.5,343.85,340.0,341.1,1365711.0
EXIDEIND,2026-02-18,340.5,342.65,338.25,341.65,808524.0
EXIDEIND,2026-02-19,341.55,343.5,331.35,333.2,1606919.0
EXIDEIND,2026-02-20,333.2,338.9,332.4,336.45,1180349.0
EXIDEIND,2026-02-23,336.45,339.35,335.0,338.4,770938.0
EXIDEIND,2026-02-24,335.85,338.4,332.85,335.95,807265.0
EXIDEIND,2026-02-25,338.4,343.0,335.65,337.35,2484898.0
EXIDEIND,2026-02-26,338.65,340.3,334.85,339.85,1055014.0
EXIDEIND,2026-02-27,336.5,339.6,333.05,334.3,925477.0
EXIDEIND,2026-03-02,315.35,329.9,315.0,322.8,1651619.0
EXIDEIND,2026-03-04,317.0,318.95,311.15,313.95,1268764.0
EXIDEIND,2026-03-05,314.85,320.35,313.65,319.65,1346742.0
EXIDEIND,2026-03-06,320.2,323.2,315.2,315.95,775564.0
EXIDEIND,2026-03-09,309.5,309.5,302.75,308.9,1372447.0
EXIDEIND,2026-03-10,311.25,318.6,309.0,317.05,881075.0
EXIDEIND,2026-03-11,317.05,320.65,310.7,311.5,1302955.0
EXIDEIND,2026-03-12,308.5,314.45,304.5,310.0,1465707.0
EXIDEIND,2026-03-13,307.0,309.35,295.5,296.6,2543270.0
EXIDEIND,2026-03-16,296.6,299.25,290.95,295.15,1654554.0
EXIDEIND,2026-03-17,296.95,303.6,295.25,301.9,1849187.0
EXIDEIND,2026-03-18,303.45,310.3,302.95,308.75,1619400.0
EXIDEIND,2026-03-19,305.0,305.0,300.0,301.85,1364902.0
EXIDEIND,2026-03-20,303.85,308.0,301.7,302.65,1563002.0
EXIDEIND,2026-03-23,298.2,299.55,290.0,290.75,1794922.0
EXIDEIND,2026-03-24,296.5,301.0,291.0,298.5,1561582.0
EXIDEIND,2026-03-25,302.0,312.6,300.8,307.15,1953412.0
EXIDEIND,2026-03-27,307.15,308.1,299.0,300.85,1704633.0
EXIDEIND,2026-03-30,296.85,298.1,287.0,287.9,2228771.0
EXIDEIND,2026-04-01,294.2,302.35,294.0,299.85,1239360.0
EXIDEIND,2026-04-02,297.8,300.45,289.7,299.25,2063259.0
EXIDEIND,2026-04-06,299.5,300.3,294.15,298.8,1281718.0
EXIDEIND,2026-04-07,298.5,298.75,292.5,297.25,1199672.0
EXIDEIND,2026-04-08,307.0,317.75,303.0,314.15,2826346.0
EXIDEIND,2026-04-09,317.95,317.95,305.05,311.25,3649465.0
EXIDEIND,2026-04-10,312.8,326.45,312.1,324.5,4176699.0
EXIDEIND,2026-04-13,319.0,329.7,312.85,324.8,3033038.0
EXIDEIND,2026-04-15,330.15,332.3,327.0,330.0,1791841.0
EXIDEIND,2026-04-16,331.9,335.8,326.8,331.4,2224897.0
EXIDEIND,2026-04-17,331.75,333.4,328.7,330.0,1436687.0
EXIDEIND,2026-04-20,330.3,335.15,325.05,329.7,1738831.0
EXIDEIND,2026-04-21,329.7,335.85,328.6,333.1,1391477.0
EXIDEIND,2026-04-22,333.0,360.45,332.0,354.55,15696406.0
EXIDEIND,2026-04-23,353.8,359.85,345.05,347.25,6747931.0
EXIDEIND,2026-04-24,346.45,347.95,339.4,342.8,1971642.0
EXIDEIND,2026-04-27,345.0,353.7,344.8,352.35,2605727.0
EXIDEIND,2026-04-28,352.7,358.5,351.25,356.25,3553014.0
EXIDEIND,2026-04-29,357.5,370.3,356.9,363.45,4899239.0
EXIDEIND,2026-04-30,362.0,363.2,356.0,360.55,2235828.0
EXIDEIND,2026-05-04,365.0,379.9,353.45,359.05,10514260.0
EXIDEIND,2026-05-05,361.5,371.75,358.55,361.15,5370751.0
EXIDEIND,2026-05-06,365.7,366.2,340.25,351.7,9249716.0
EXIDEIND,2026-05-07,352.0,365.6,342.0,364.45,11093645.0
EXIDEIND,2026-05-08,366.0,366.8,360.35,362.25,3429012.0
EXIDEIND,2026-05-11,360.0,360.1,351.55,352.7,1881847.0
EXIDEIND,2026-05-12,350.15,353.2,344.75,346.3,2116476.0
EXIDEIND,2026-05-13,346.0,355.4,346.0,349.3,1652680.0
EXIDEIND,2026-05-14,350.85,356.0,344.6,349.7,1723362.0
EXIDEIND,2026-05-15,349.45,352.05,347.4,349.05,2182792.0
EXIDEIND,2026-05-18,345.7,345.7,333.5,342.85,2692440.0
EXIDEIND,2026-05-19,343.0,347.9,342.45,344.65,1238881.0
EXIDEIND,2026-05-20,342.9,343.95,339.05,339.55,2206260.0
EXIDEIND,2026-05-21,343.85,346.3,340.0,340.8,1078372.0
EXIDEIND,2026-05-22,341.0,342.6,338.1,339.75,1303386.0
EXIDEIND,2026-05-25,342.2,349.0,340.7,346.25,1597876.0
EXIDEIND,2026-05-26,347.25,368.0,347.25,366.25,7351528.0
GAIL,2025-05-21,191.4,191.5,187.5,190.64,10013046.0
GAIL,2025-05-22,189.75,193.0,189.21,192.61,10157103.0
GAIL,2025-05-23,192.91,193.99,190.07,191.28,9709796.0
GAIL,2025-05-26,192.0,194.66,191.96,193.15,7364228.0
GAIL,2025-05-27,193.0,194.3,190.61,193.98,9676557.0
GAIL,2025-05-28,194.0,197.28,193.11,194.34,11799541.0
GAIL,2025-05-29,193.75,194.57,190.86,191.75,15154707.0
GAIL,2025-05-30,192.0,193.0,188.96,189.8,26351115.0
GAIL,2025-06-02,189.8,192.25,188.31,191.71,8101618.0
GAIL,2025-06-03,191.75,194.87,191.27,191.91,10598180.0
GAIL,2025-06-04,191.9,193.0,186.3,189.52,17603834.0
GAIL,2025-06-05,190.69,192.87,189.5,190.62,7467344.0
GAIL,2025-06-06,190.62,191.88,189.72,191.15,6637216.0
GAIL,2025-06-09,191.5,194.8,191.39,193.64,7485555.0
GAIL,2025-06-10,195.0,197.5,192.75,195.67,11402867.0
GAIL,2025-06-11,197.01,200.6,196.3,200.09,24303718.0
GAIL,2025-06-12,202.4,202.79,191.76,192.18,27331751.0
GAIL,2025-06-13,190.0,192.53,185.17,191.34,15290087.0
GAIL,2025-06-16,192.5,192.65,188.5,191.63,7728599.0
GAIL,2025-06-17,191.63,192.5,188.8,190.47,8847687.0
GAIL,2025-06-18,188.61,190.4,185.2,185.72,11903224.0
GAIL,2025-06-19,185.5,186.46,179.5,180.41,18702293.0
GAIL,2025-06-20,180.15,182.62,179.42,181.85,18520686.0
GAIL,2025-06-23,180.0,185.16,179.85,184.76,11308631.0
GAIL,2025-06-24,186.06,187.89,185.11,185.49,7404157.0
GAIL,2025-06-25,187.39,187.39,183.61,183.98,8112854.0
GAIL,2025-06-26,184.62,187.2,183.84,186.79,12858332.0
GAIL,2025-06-27,187.7,191.61,187.11,191.02,13050123.0
GAIL,2025-06-30,192.0,192.45,189.25,190.84,9866638.0
GAIL,2025-07-01,191.1,191.32,188.0,189.62,8969214.0
GAIL,2025-07-02,190.46,191.99,188.15,190.76,13834006.0
GAIL,2025-07-03,191.31,193.52,190.76,192.74,14497014.0
GAIL,2025-07-04,192.74,195.19,191.65,193.41,11748872.0
GAIL,2025-07-07,193.5,195.3,192.72,193.15,10135456.0
GAIL,2025-07-08,193.1,195.45,192.18,192.63,10024889.0
GAIL,2025-07-09,192.7,192.7,184.7,185.03,27312219.0
GAIL,2025-07-10,187.0,187.0,184.1,185.67,13016217.0
GAIL,2025-07-11,185.3,185.3,181.55,181.89,13793909.0
GAIL,2025-07-14,181.89,184.4,180.11,183.64,15937447.0
GAIL,2025-07-15,182.32,184.99,182.32,184.71,7678880.0
GAIL,2025-07-16,184.69,185.18,183.4,184.33,8484342.0
GAIL,2025-07-17,184.76,186.1,184.1,185.29,7030843.0
GAIL,2025-07-18,185.0,186.04,183.1,185.23,7725761.0
GAIL,2025-07-21,184.6,185.02,183.38,184.12,5533832.0
GAIL,2025-07-22,184.2,184.85,183.26,184.03,6991724.0
GAIL,2025-07-23,184.0,186.6,183.96,186.39,7798034.0
GAIL,2025-07-24,186.58,188.89,186.58,187.97,11684679.0
GAIL,2025-07-24,189.0,189.0,189.0,187.97,4.0
GAIL,2025-07-25,187.13,187.83,183.09,183.51,10429865.0
GAIL,2025-07-28,183.51,185.62,179.55,180.63,11229894.0
GAIL,2025-07-29,179.3,185.34,178.2,182.98,13852750.0
GAIL,2025-07-30,182.99,183.07,179.9,180.57,8784760.0
GAIL,2025-07-31,178.0,178.91,177.36,177.68,7939221.0
GAIL,2025-07-31,178.0,178.0,178.0,177.68,1.0
GAIL,2025-08-01,177.0,177.0,177.0,174.39,1.0
GAIL,2025-08-01,177.67,177.68,173.85,174.39,12964065.0
GAIL,2025-08-04,173.7,175.37,172.5,174.54,9781181.0
GAIL,2025-08-05,174.54,174.9,170.7,171.34,14688223.0
GAIL,2025-08-06,171.89,172.0,169.32,169.91,16492438.0
GAIL,2025-08-07,168.0,168.0,168.0,169.49,2.0
GAIL,2025-08-07,169.66,169.85,167.25,169.49,13072513.0
GAIL,2025-08-08,169.43,172.0,168.3,171.15,15908370.0
GAIL,2025-08-11,171.15,173.23,170.1,173.02,5576496.0
GAIL,2025-08-12,173.0,175.24,172.48,174.3,7141744.0
GAIL,2025-08-13,174.2,174.76,172.3,173.36,6019021.0
GAIL,2025-08-14,173.06,174.84,172.87,173.93,8864011.0
GAIL,2025-08-18,174.0,174.51,172.36,173.66,6363956.0
GAIL,2025-08-19,173.4,176.3,173.4,174.89,6732317.0
GAIL,2025-08-20,175.16,179.39,174.89,178.12,10610680.0
GAIL,2025-08-21,178.75,178.88,177.12,177.77,7252426.0
GAIL,2025-08-22,177.61,177.94,176.05,176.81,6424964.0
GAIL,2025-08-25,176.82,176.86,175.06,175.9,8324913.0
GAIL,2025-08-26,174.33,175.87,171.0,171.64,9987523.0
GAIL,2025-08-28,171.64,172.4,169.56,171.22,8495627.0
GAIL,2025-08-29,170.18,174.0,170.06,173.07,8823629.0
GAIL,2025-09-01,173.12,176.16,172.86,175.94,6770507.0
GAIL,2025-09-02,176.05,180.45,175.72,179.29,8668666.0
GAIL,2025-09-03,180.39,181.35,176.94,178.02,6209706.0
GAIL,2025-09-04,178.59,178.75,174.0,174.66,9769773.0
GAIL,2025-09-05,174.67,175.22,172.61,173.97,7598903.0
GAIL,2025-09-08,173.97,174.5,172.03,172.37,5686270.0
GAIL,2025-09-09,172.39,173.64,171.7,172.96,8186535.0
GAIL,2025-09-10,173.4,174.78,173.1,173.9,7050241.0
GAIL,2025-09-11,175.9,179.78,175.3,179.01,13059152.0
GAIL,2025-09-12,180.5,183.8,178.1,178.55,19079692.0
GAIL,2025-09-15,179.0,180.57,177.66,179.93,4509947.0
GAIL,2025-09-16,180.7,182.5,179.25,182.24,6383724.0
GAIL,2025-09-17,182.24,182.99,180.7,181.6,4834786.0
GAIL,2025-09-18,182.0,182.98,180.25,180.95,5872596.0
GAIL,2025-09-19,181.1,182.05,180.5,181.65,6567199.0
GAIL,2025-09-22,181.6,182.36,179.85,180.95,5333007.0
GAIL,2025-09-23,181.1,181.7,178.15,178.66,6368313.0
GAIL,2025-09-24,178.7,179.0,175.66,175.91,10054492.0
GAIL,2025-09-25,176.0,177.66,174.0,174.42,8858607.0
GAIL,2025-09-26,174.31,174.55,171.3,172.02,8760356.0
GAIL,2025-09-29,172.78,177.1,171.9,176.49,12460294.0
GAIL,2025-09-30,176.5,177.32,175.5,176.29,9899684.0
GAIL,2025-10-01,175.7,176.49,173.75,174.56,6383909.0
GAIL,2025-10-03,174.72,177.75,174.48,177.36,7695671.0
GAIL,2025-10-06,175.32,178.16,175.32,176.62,5015866.0
GAIL,2025-10-07,176.61,180.24,176.54,179.9,8793661.0
GAIL,2025-10-08,180.83,181.3,177.13,177.52,9739699.0
GAIL,2025-10-09,177.52,179.18,177.52,178.45,5696104.0
GAIL,2025-10-10,178.3,181.0,178.3,179.21,12004977.0
GAIL,2025-10-13,178.8,180.7,176.39,180.33,11256078.0
GAIL,2025-10-14,180.33,183.5,173.47,175.37,13393866.0
GAIL,2025-10-15,176.08,178.49,175.62,177.37,10456218.0
GAIL,2025-10-16,177.37,180.8,177.1,179.17,11918586.0
GAIL,2025-10-17,179.21,179.21,176.02,177.6,10653158.0
GAIL,2025-10-20,179.2,179.75,177.98,178.42,5945439.0
GAIL,2025-10-21,178.82,179.0,177.95,178.39,550754.0
GAIL,2025-10-23,178.89,181.37,178.4,180.08,6890426.0
GAIL,2025-10-24,179.9,182.4,179.6,181.02,14617812.0
GAIL,2025-10-27,181.05,181.5,179.5,180.17,7633630.0
GAIL,2025-10-28,180.17,180.95,177.46,178.46,4486173.0
GAIL,2025-10-29,179.0,186.44,178.75,184.64,16216434.0
GAIL,2025-10-30,186.0,186.1,182.32,183.09,10890893.0
GAIL,2025-10-31,183.39,185.9,181.3,182.76,12162645.0
GAIL,2025-11-03,184.0,184.0,184.0,183.69,1.0
GAIL,2025-11-03,182.44,184.44,177.84,183.69,11050075.0
GAIL,2025-11-04,183.98,184.49,180.75,181.62,11320462.0
GAIL,2025-11-06,182.8,182.8,178.65,178.98,8609714.0
GAIL,2025-11-07,178.3,181.43,177.16,180.47,5863620.0
GAIL,2025-11-10,179.6,182.25,179.6,181.52,6801002.0
GAIL,2025-11-11,181.4,182.69,179.76,182.34,4352265.0
GAIL,2025-11-12,182.51,183.44,181.75,182.45,9245014.0
GAIL,2025-11-13,182.45,185.37,182.18,183.67,8521444.0
GAIL,2025-11-13,184.0,184.0,184.0,183.67,1.0
GAIL,2025-11-14,183.0,184.03,182.07,183.41,5496277.0
GAIL,2025-11-17,182.9,185.63,182.55,185.3,6749568.0
GAIL,2025-11-18,186.49,186.49,183.01,184.31,6258414.0
GAIL,2025-11-19,184.4,184.88,183.3,184.05,3032584.0
GAIL,2025-11-20,184.18,185.17,183.02,184.31,6809330.0
GAIL,2025-11-21,184.0,184.78,181.69,182.99,8936258.0
GAIL,2025-11-24,182.11,183.61,180.01,181.09,13399523.0
GAIL,2025-11-25,181.09,182.15,179.5,180.22,5775748.0
GAIL,2025-11-26,180.1,185.58,180.0,185.16,7831961.0
GAIL,2025-11-27,185.2,186.87,183.12,183.8,3082841.0
GAIL,2025-11-28,172.22,176.4,171.8,176.09,60244650.0
GAIL,2025-12-01,177.0,177.43,174.84,175.41,14586098.0
GAIL,2025-12-02,175.21,176.66,174.5,175.0,6840703.0
GAIL,2025-12-03,175.05,175.5,169.7,170.27,19784622.0
GAIL,2025-12-04,170.99,171.87,169.75,170.63,7624463.0
GAIL,2025-12-05,171.0,171.6,169.53,169.98,5577375.0
GAIL,2025-12-08,169.98,170.42,165.49,166.81,10883405.0
GAIL,2025-12-09,165.42,168.62,164.22,167.89,12988637.0
GAIL,2025-12-10,167.98,169.9,167.35,168.02,6217163.0
GAIL,2025-12-11,168.02,170.44,167.73,168.95,4976531.0
GAIL,2025-12-12,170.0,174.29,169.3,170.71,18497271.0
GAIL,2025-12-15,170.65,170.65,168.76,169.86,6675122.0
GAIL,2025-12-16,169.78,169.78,167.43,168.32,7581502.0
GAIL,2025-12-17,169.1,170.5,168.0,169.07,3369805.0
GAIL,2025-12-18,168.6,169.49,166.9,167.55,3743055.0
GAIL,2025-12-19,167.61,170.24,167.61,169.76,8766941.0
GAIL,2025-12-22,170.01,172.23,169.3,171.72,4118436.0
GAIL,2025-12-23,171.51,172.7,171.13,172.04,3548499.0
GAIL,2025-12-24,173.0,173.81,170.74,171.0,4467016.0
GAIL,2025-12-26,170.99,171.98,170.38,171.02,1942413.0
GAIL,2025-12-29,171.0,171.5,169.92,170.42,2857519.0
GAIL,2025-12-30,170.35,171.0,169.76,170.63,4526325.0
GAIL,2025-12-31,170.7,172.7,170.7,172.16,6139095.0
GAIL,2026-01-01,172.0,172.5,171.04,171.77,2897460.0
GAIL,2026-01-02,171.55,176.07,171.55,175.38,13698712.0
GAIL,2026-01-05,175.4,175.9,172.35,173.05,7405173.0
GAIL,2026-01-06,173.0,173.0,168.85,169.39,8771407.0
GAIL,2026-01-07,169.4,170.14,167.6,168.48,7890426.0
GAIL,2026-01-08,168.03,168.42,163.05,163.53,9689093.0
GAIL,2026-01-09,163.49,165.41,163.1,164.36,7540855.0
GAIL,2026-01-12,163.99,167.1,161.9,166.55,8511255.0
GAIL,2026-01-13,167.38,168.2,164.09,165.26,7864353.0
GAIL,2026-01-14,164.99,166.55,164.25,165.17,12730825.0
GAIL,2026-01-16,164.4,166.25,163.48,164.24,20549276.0
GAIL,2026-01-19,164.24,165.66,163.59,164.72,4566527.0
GAIL,2026-01-20,164.0,164.61,160.63,161.21,6841149.0
GAIL,2026-01-21,161.21,165.26,159.79,162.68,16082935.0
GAIL,2026-01-22,163.69,164.62,162.41,163.57,12111105.0
GAIL,2026-01-23,165.0,165.04,160.0,160.81,8178368.0
GAIL,2026-01-27,160.81,161.4,158.36,159.98,20808770.0
GAIL,2026-01-28,161.1,168.67,161.1,168.14,11194053.0
GAIL,2026-01-29,168.15,171.95,165.75,167.38,15216722.0
GAIL,2026-01-30,167.35,168.1,165.21,167.29,15845745.0
GAIL,2026-02-01,165.0,166.69,158.86,162.42,11783930.0
GAIL,2026-02-02,162.69,162.69,157.8,160.39,17376481.0
GAIL,2026-02-03,165.4,166.49,161.4,162.8,32679436.0
GAIL,2026-02-04,163.69,165.8,162.8,165.41,15626744.0
GAIL,2026-02-05,161.52,161.6,159.41,160.18,13323350.0
GAIL,2026-02-06,160.0,163.62,159.03,162.99,15057595.0
GAIL,2026-02-09,163.2,164.24,162.5,163.64,14553493.0
GAIL,2026-02-10,163.79,167.12,163.7,164.55,14629394.0
GAIL,2026-02-11,164.64,164.64,161.8,163.47,8859790.0
GAIL,2026-02-12,163.0,164.5,162.04,163.72,13190080.0
GAIL,2026-02-13,162.4,163.33,161.12,161.69,8523271.0
GAIL,2026-02-16,161.68,165.1,161.3,164.82,10223455.0
GAIL,2026-02-17,164.2,165.9,163.86,165.75,8756094.0
GAIL,2026-02-18,166.5,169.29,165.59,167.31,11790520.0
GAIL,2026-02-19,167.31,169.36,165.85,166.88,17067659.0
GAIL,2026-02-20,166.01,170.0,165.8,168.47,14668133.0
GAIL,2026-02-23,168.8,169.3,166.47,167.13,7494561.0
GAIL,2026-02-24,165.6,168.59,165.6,167.86,8809408.0
GAIL,2026-02-25,168.0,170.31,167.75,170.0,10027465.0
GAIL,2026-02-26,170.5,171.2,168.41,169.96,13026917.0
GAIL,2026-02-27,169.45,171.46,167.67,169.53,17164115.0
GAIL,2026-03-02,165.5,167.96,163.5,165.07,17268287.0
GAIL,2026-03-04,160.0,160.53,154.0,154.61,30080625.0
GAIL,2026-03-05,155.49,157.86,154.41,156.73,18400202.0
GAIL,2026-03-06,155.9,157.8,153.65,155.71,14633439.0
GAIL,2026-03-09,152.0,152.0,146.41,148.98,20704576.0
GAIL,2026-03-10,151.0,152.5,149.25,150.29,20823909.0
GAIL,2026-03-11,151.39,154.9,147.32,147.97,23526066.0
GAIL,2026-03-12,147.0,153.93,144.67,152.35,16072499.0
GAIL,2026-03-13,152.5,153.29,147.45,147.78,11388686.0
GAIL,2026-03-16,149.0,150.29,144.5,146.06,10325467.0
GAIL,2026-03-17,147.0,148.38,145.55,147.71,13154638.0
GAIL,2026-03-18,148.49,151.63,147.56,150.95,10219424.0
GAIL,2026-03-19,148.97,148.97,143.8,144.27,10509747.0
GAIL,2026-03-20,146.02,147.35,142.44,142.87,21738634.0
GAIL,2026-03-23,141.23,142.1,134.36,135.4,16552069.0
GAIL,2026-03-24,139.0,139.88,134.6,137.67,22824139.0
GAIL,2026-03-25,139.8,140.85,138.3,139.2,17031700.0
GAIL,2026-03-27,139.0,139.72,136.56,137.19,18663640.0
GAIL,2026-03-30,135.89,140.25,135.0,137.71,21810845.0
GAIL,2026-04-01,141.4,142.73,139.41,140.67,15145719.0
GAIL,2026-04-02,138.95,142.0,137.5,141.73,15268069.0
GAIL,2026-04-06,141.73,143.63,140.17,143.14,11466136.0
GAIL,2026-04-07,143.0,145.78,141.01,145.38,15413074.0
GAIL,2026-04-08,152.71,156.5,151.28,153.3,21095009.0
GAIL,2026-04-09,153.3,154.7,151.24,152.22,10066115.0
GAIL,2026-04-10,153.49,154.98,151.91,154.08,14099404.0
GAIL,2026-04-13,148.5,154.3,148.5,153.71,15551444.0
GAIL,2026-04-15,157.0,157.1,155.16,156.12,13040725.0
GAIL,2026-04-16,157.96,159.29,156.67,158.92,9582628.0
GAIL,2026-04-17,160.0,160.0,157.25,157.82,13015627.0
GAIL,2026-04-20,157.92,158.9,156.02,157.7,5864225.0
GAIL,2026-04-21,157.7,162.5,157.7,160.77,13146924.0
GAIL,2026-04-22,160.9,166.8,160.65,166.12,14769257.0
GAIL,2026-04-23,166.0,167.89,164.02,164.96,13410932.0
GAIL,2026-04-24,165.96,166.3,163.35,165.61,9362530.0
GAIL,2026-04-27,166.8,167.78,164.9,165.74,18132384.0
GAIL,2026-04-28,165.89,167.22,165.06,165.68,6106987.0
GAIL,2026-04-29,166.54,167.96,164.57,165.66,8164580.0
GAIL,2026-04-30,164.68,164.68,161.31,163.23,7518096.0
GAIL,2026-05-04,165.3,167.49,164.14,164.48,8799974.0
GAIL,2026-05-05,164.8,165.8,162.5,163.7,14543449.0
GAIL,2026-05-06,164.24,165.95,163.75,165.68,4397644.0
GAIL,2026-05-07,165.9,167.85,165.9,167.26,5313543.0
GAIL,2026-05-08,167.4,168.09,165.9,166.49,3887936.0
GAIL,2026-05-11,165.6,165.6,162.21,162.51,3743808.0
GAIL,2026-05-12,161.01,162.79,159.7,160.35,9681167.0
GAIL,2026-05-13,160.0,164.81,159.1,163.31,8542104.0
GAIL,2026-05-14,164.25,165.9,159.4,162.61,7848939.0
GAIL,2026-05-15,162.67,163.4,161.06,162.13,7062872.0
GAIL,2026-05-18,160.65,161.0,157.64,160.22,13238998.0
GAIL,2026-05-19,160.32,161.3,155.18,156.12,17108046.0
GAIL,2026-05-20,155.84,156.0,151.71,155.64,11539253.0
GAIL,2026-05-21,156.5,157.54,154.9,155.9,11448733.0
GAIL,2026-05-22,153.0,162.7,151.41,160.77,19157978.0
GAIL,2026-05-25,162.92,170.7,162.7,168.67,36426464.0
GAIL,2026-05-26,167.8,169.82,166.3,167.63,16425185.0
GENUSPOWER,2025-05-21,317.7,329.5,317.05,325.65,662957.0
GENUSPOWER,2025-05-22,326.0,346.95,325.5,345.9,2384103.0
GENUSPOWER,2025-05-23,351.6,363.0,349.35,360.7,3047594.0
GENUSPOWER,2025-05-26,364.2,373.1,360.8,365.15,1648959.0
GENUSPOWER,2025-05-27,368.75,381.5,362.85,378.85,2570247.0
GENUSPOWER,2025-05-28,382.5,397.1,373.1,389.95,2823823.0
GENUSPOWER,2025-05-29,396.0,396.5,380.4,384.6,1284749.0
GENUSPOWER,2025-05-30,386.4,397.0,384.6,395.4,1541868.0
GENUSPOWER,2025-06-02,430.0,430.0,412.0,419.35,6422565.0
GENUSPOWER,2025-06-03,422.0,423.8,391.7,397.2,3154412.0
GENUSPOWER,2025-06-04,401.0,409.5,393.0,394.45,1672581.0
GENUSPOWER,2025-06-05,398.0,404.05,391.35,399.4,1004358.0
GENUSPOWER,2025-06-06,400.6,401.0,389.1,393.1,854545.0
GENUSPOWER,2025-06-09,396.0,400.7,391.5,392.1,671547.0
GENUSPOWER,2025-06-10,393.9,405.65,391.5,404.25,1561770.0
GENUSPOWER,2025-06-11,406.0,409.9,400.0,408.1,1310154.0
GENUSPOWER,2025-06-12,408.0,408.2,383.1,385.05,1565879.0
GENUSPOWER,2025-06-13,369.95,382.8,368.0,370.5,2990813.0
GENUSPOWER,2025-06-16,375.0,379.15,365.7,370.65,1330963.0
GENUSPOWER,2025-06-17,370.0,371.6,355.0,360.7,1482219.0
GENUSPOWER,2025-06-18,360.0,373.3,355.5,358.15,1259706.0
GENUSPOWER,2025-06-19,359.75,364.2,348.75,350.95,867888.0
GENUSPOWER,2025-06-20,350.95,357.45,345.95,350.35,3001501.0
GENUSPOWER,2025-06-23,345.8,364.9,345.65,363.45,1175059.0
GENUSPOWER,2025-06-24,372.0,372.0,362.0,366.25,1208492.0
GENUSPOWER,2025-06-25,370.0,379.0,365.05,375.45,1221573.0
GENUSPOWER,2025-06-26,378.0,379.0,368.1,372.3,770127.0
GENUSPOWER,2025-06-27,374.45,376.0,368.9,373.65,1010550.0
GENUSPOWER,2025-06-30,376.35,379.55,371.05,372.8,973105.0
GENUSPOWER,2025-07-01,374.55,375.65,365.5,368.15,658093.0
GENUSPOWER,2025-07-02,366.35,370.65,360.55,363.4,526899.0
GENUSPOWER,2025-07-03,363.05,365.45,359.3,361.75,938957.0
GENUSPOWER,2025-07-04,360.05,362.95,357.05,360.9,451436.0
GENUSPOWER,2025-07-07,360.0,364.65,357.5,358.6,432793.0
GENUSPOWER,2025-07-08,358.6,361.55,353.3,360.55,379948.0
GENUSPOWER,2025-07-09,360.0,369.0,358.45,361.6,771208.0
GENUSPOWER,2025-07-10,362.0,367.2,358.0,360.75,577499.0
GENUSPOWER,2025-07-11,361.25,367.45,360.0,362.25,444057.0
GENUSPOWER,2025-07-14,360.7,379.5,360.6,375.7,2073386.0
GENUSPOWER,2025-07-15,372.0,377.95,368.0,373.6,1320636.0
GENUSPOWER,2025-07-16,375.0,385.0,371.2,383.5,1761545.0
GENUSPOWER,2025-07-17,384.95,387.3,375.05,377.1,1120604.0
GENUSPOWER,2025-07-18,377.65,378.25,365.1,366.75,1027139.0
GENUSPOWER,2025-07-21,365.9,368.2,362.3,363.25,820737.0
GENUSPOWER,2025-07-22,365.1,372.0,364.75,369.8,605449.0
GENUSPOWER,2025-07-23,370.0,375.8,364.0,374.0,725658.0
GENUSPOWER,2025-07-24,375.9,376.05,367.5,373.2,459183.0
GENUSPOWER,2025-07-25,370.0,370.0,355.55,357.5,821944.0
GENUSPOWER,2025-07-28,357.5,361.6,348.1,350.45,471890.0
GENUSPOWER,2025-07-29,349.45,358.0,346.45,355.1,375416.0
GENUSPOWER,2025-07-30,358.5,358.5,352.2,355.95,338610.0
GENUSPOWER,2025-07-31,349.05,360.4,347.65,356.35,765007.0
GENUSPOWER,2025-08-01,356.95,370.85,355.0,363.85,703772.0
GENUSPOWER,2025-08-04,367.05,384.0,366.0,382.6,2125341.0
GENUSPOWER,2025-08-05,384.5,394.0,382.35,386.4,1492004.0
GENUSPOWER,2025-08-06,386.95,389.7,372.5,384.85,1074956.0
GENUSPOWER,2025-08-07,374.95,387.85,373.8,385.55,778134.0
GENUSPOWER,2025-08-08,386.9,387.8,350.35,372.05,864229.0
GENUSPOWER,2025-08-11,380.0,390.0,361.9,369.6,3592805.0
GENUSPOWER,2025-08-12,373.0,378.0,365.4,366.55,901470.0
GENUSPOWER,2025-08-13,368.3,368.8,357.0,360.45,754222.0
GENUSPOWER,2025-08-14,361.0,361.95,351.0,352.05,686652.0
GENUSPOWER,2025-08-18,356.05,359.7,350.0,351.05,571381.0
GENUSPOWER,2025-08-19,351.5,353.75,340.0,351.6,628481.0
GENUSPOWER,2025-08-20,352.0,354.4,347.05,347.9,594040.0
GENUSPOWER,2025-08-21,349.0,362.0,345.7,357.9,1096764.0
GENUSPOWER,2025-08-22,358.75,364.5,354.0,358.75,643273.0
GENUSPOWER,2025-08-25,358.6,363.5,350.5,361.05,1305432.0
GENUSPOWER,2025-08-26,358.0,359.15,348.5,351.05,870529.0
GENUSPOWER,2025-08-28,350.9,352.8,346.0,348.3,366158.0
GENUSPOWER,2025-08-29,349.9,349.9,313.55,327.55,3860158.0
GENUSPOWER,2025-09-01,326.1,349.4,326.1,338.15,1951467.0
GENUSPOWER,2025-09-02,338.8,346.2,329.55,333.8,1069917.0
GENUSPOWER,2025-09-03,335.0,342.65,333.8,339.6,533486.0
GENUSPOWER,2025-09-04,340.95,342.5,331.5,333.15,426095.0
GENUSPOWER,2025-09-05,334.5,335.95,326.0,328.9,447884.0
GENUSPOWER,2025-09-08,335.0,336.6,330.1,333.85,380808.0
GENUSPOWER,2025-09-09,333.0,335.4,322.95,324.75,464294.0
GENUSPOWER,2025-09-10,325.95,329.15,322.6,324.1,506193.0
GENUSPOWER,2025-09-11,325.5,331.0,325.5,328.3,391078.0
GENUSPOWER,2025-09-12,329.9,331.8,323.0,323.75,490144.0
GENUSPOWER,2025-09-15,326.9,337.15,325.35,335.65,780174.0
GENUSPOWER,2025-09-16,336.5,347.7,335.05,345.55,1207476.0
GENUSPOWER,2025-09-17,347.0,348.7,344.0,346.6,554649.0
GENUSPOWER,2025-09-18,347.4,349.6,341.4,342.6,331140.0
GENUSPOWER,2025-09-19,342.0,342.95,335.0,336.2,561789.0
GENUSPOWER,2025-09-22,335.9,338.85,329.55,330.25,452622.0
GENUSPOWER,2025-09-23,331.0,332.4,326.2,327.75,267884.0
GENUSPOWER,2025-09-24,327.25,329.45,322.0,323.15,470944.0
GENUSPOWER,2025-09-25,323.15,325.5,316.9,317.95,373719.0
GENUSPOWER,2025-09-26,316.2,318.55,304.15,306.5,719158.0
GENUSPOWER,2025-09-29,308.8,316.4,306.8,312.15,493432.0
GENUSPOWER,2025-09-30,312.45,314.6,306.9,310.05,263041.0
GENUSPOWER,2025-10-01,311.15,311.15,307.5,308.8,410570.0
GENUSPOWER,2025-10-03,310.7,319.4,309.45,313.4,875588.0
GENUSPOWER,2025-10-06,313.55,314.7,308.1,308.8,317345.0
GENUSPOWER,2025-10-07,310.4,313.0,305.65,310.25,391438.0
GENUSPOWER,2025-10-08,312.0,318.9,306.4,308.4,517094.0
GENUSPOWER,2025-10-09,308.0,308.4,300.0,302.4,625860.0
GENUSPOWER,2025-10-10,303.0,312.4,300.8,308.75,596403.0
GENUSPOWER,2025-10-13,305.0,311.25,304.2,308.25,631383.0
GENUSPOWER,2025-10-14,308.0,309.75,296.2,298.0,638906.0
GENUSPOWER,2025-10-15,299.9,310.0,297.75,306.6,387479.0
GENUSPOWER,2025-10-16,307.75,308.0,305.0,305.8,189105.0
GENUSPOWER,2025-10-17,303.0,306.95,301.0,304.05,223572.0
GENUSPOWER,2025-10-20,305.75,305.8,298.0,300.15,679574.0
GENUSPOWER,2025-10-21,306.0,311.0,298.3,303.05,248176.0
GENUSPOWER,2025-10-23,304.0,307.5,302.0,302.75,342394.0
GENUSPOWER,2025-10-24,302.95,303.2,299.35,300.85,301224.0
GENUSPOWER,2025-10-27,301.4,302.5,299.9,300.7,243665.0
GENUSPOWER,2025-10-28,300.7,302.0,294.6,296.0,399076.0
GENUSPOWER,2025-10-29,297.8,326.05,296.2,324.2,2919034.0
GENUSPOWER,2025-10-30,322.7,335.25,320.95,329.55,1494989.0
GENUSPOWER,2025-10-31,328.0,344.5,327.1,340.9,2504021.0
GENUSPOWER,2025-11-03,340.0,354.55,338.3,351.5,1459250.0
GENUSPOWER,2025-11-04,352.1,357.3,339.8,353.45,1127150.0
GENUSPOWER,2025-11-06,357.0,360.0,350.75,354.45,1723516.0
GENUSPOWER,2025-11-07,360.0,363.0,348.2,353.5,3635332.0
GENUSPOWER,2025-11-10,355.35,361.85,332.0,332.75,1875025.0
GENUSPOWER,2025-11-11,332.55,344.75,329.1,342.65,1265906.0
GENUSPOWER,2025-11-12,343.0,343.0,331.85,334.05,771137.0
GENUSPOWER,2025-11-13,335.0,336.0,328.1,329.95,478584.0
GENUSPOWER,2025-11-14,329.35,336.0,326.85,331.4,378762.0
GENUSPOWER,2025-11-17,332.4,351.1,331.4,346.95,1040724.0
GENUSPOWER,2025-11-18,348.0,348.25,341.25,346.1,462038.0
GENUSPOWER,2025-11-19,344.0,345.25,332.8,334.55,420069.0
GENUSPOWER,2025-11-20,337.05,343.3,335.7,336.85,336691.0
GENUSPOWER,2025-11-21,336.1,336.5,329.3,331.95,257313.0
GENUSPOWER,2025-11-24,332.0,332.5,320.3,322.75,514165.0
GENUSPOWER,2025-11-25,320.55,326.45,320.55,322.3,227312.0
GENUSPOWER,2025-11-26,323.2,327.0,321.6,323.05,355291.0
GENUSPOWER,2025-11-27,326.0,328.15,319.0,320.4,260786.0
GENUSPOWER,2025-11-28,319.9,320.5,313.0,315.35,226736.0
GENUSPOWER,2025-12-01,315.35,324.35,313.1,314.95,521295.0
GENUSPOWER,2025-12-02,316.3,317.1,310.0,312.75,287177.0
GENUSPOWER,2025-12-03,313.05,315.0,304.9,306.5,332821.0
GENUSPOWER,2025-12-04,306.5,311.05,304.5,305.15,258861.0
GENUSPOWER,2025-12-05,305.5,312.0,299.0,305.9,401524.0
GENUSPOWER,2025-12-08,306.05,309.0,298.0,299.3,327783.0
GENUSPOWER,2025-12-09,297.9,310.0,294.3,307.6,802192.0
GENUSPOWER,2025-12-10,307.55,309.75,299.0,300.35,228432.0
GENUSPOWER,2025-12-11,301.7,303.0,297.6,298.9,319225.0
GENUSPOWER,2025-12-12,304.0,305.0,300.35,303.25,192160.0
GENUSPOWER,2025-12-15,295.0,305.1,294.9,303.35,205078.0
GENUSPOWER,2025-12-16,306.9,308.0,300.0,301.95,231489.0
GENUSPOWER,2025-12-17,302.0,304.65,297.25,299.15,209093.0
GENUSPOWER,2025-12-18,300.55,301.5,294.1,295.4,243894.0
GENUSPOWER,2025-12-19,295.4,303.6,294.8,302.15,216906.0
GENUSPOWER,2025-12-22,306.0,307.0,302.8,303.95,184886.0
GENUSPOWER,2025-12-23,305.75,310.0,302.3,303.8,316565.0
GENUSPOWER,2025-12-24,305.1,309.45,303.6,304.7,234083.0
GENUSPOWER,2025-12-26,304.45,305.7,300.0,300.5,174167.0
GENUSPOWER,2025-12-29,300.0,300.45,292.75,293.4,304962.0
GENUSPOWER,2025-12-30,289.65,299.25,283.2,291.95,871369.0
GENUSPOWER,2025-12-31,295.0,305.8,292.9,301.6,795109.0
GENUSPOWER,2026-01-01,302.7,302.85,297.0,298.35,189731.0
GENUSPOWER,2026-01-02,298.75,302.0,297.85,300.4,353163.0
GENUSPOWER,2026-01-05,300.4,302.2,294.0,295.25,375319.0
GENUSPOWER,2026-01-06,295.25,296.0,286.0,287.1,455028.0
GENUSPOWER,2026-01-07,287.1,290.35,285.5,289.3,341624.0
GENUSPOWER,2026-01-08,289.95,291.4,277.0,278.75,544676.0
GENUSPOWER,2026-01-09,278.05,284.45,271.55,273.55,522550.0
GENUSPOWER,2026-01-12,273.55,276.1,265.3,270.2,614737.0
GENUSPOWER,2026-01-13,271.85,281.85,266.45,269.55,674444.0
GENUSPOWER,2026-01-14,270.45,279.9,269.4,275.55,904101.0
GENUSPOWER,2026-01-16,279.0,288.45,273.2,283.35,817693.0
GENUSPOWER,2026-01-19,282.0,282.9,275.0,276.05,314198.0
GENUSPOWER,2026-01-20,272.0,275.95,260.3,262.55,516688.0
GENUSPOWER,2026-01-21,263.35,265.8,256.8,259.2,555536.0
GENUSPOWER,2026-01-22,261.95,271.0,259.3,260.95,566682.0
GENUSPOWER,2026-01-23,262.5,264.25,253.8,256.7,394466.0
GENUSPOWER,2026-01-27,258.25,266.9,249.0,264.35,914714.0
GENUSPOWER,2026-01-28,266.0,282.4,265.0,281.4,1029625.0
GENUSPOWER,2026-01-29,281.4,284.0,273.1,278.55,681670.0
GENUSPOWER,2026-01-30,279.05,284.7,273.75,282.7,304712.0
GENUSPOWER,2026-02-01,285.0,285.0,267.5,270.8,298752.0
GENUSPOWER,2026-02-02,270.0,273.4,261.3,269.7,749083.0
GENUSPOWER,2026-02-03,279.0,280.0,259.0,263.0,1971766.0
GENUSPOWER,2026-02-04,263.0,274.0,210.4,264.95,1851496.0
GENUSPOWER,2026-02-05,267.0,271.3,239.5,253.85,1956628.0
GENUSPOWER,2026-02-06,249.9,262.35,237.45,262.35,520711.0
GENUSPOWER,2026-02-09,262.35,272.0,254.0,267.5,913918.0
GENUSPOWER,2026-02-10,277.8,280.85,275.0,280.85,582155.0
GENUSPOWER,2026-02-11,285.8,292.0,280.85,287.4,894165.0
GENUSPOWER,2026-02-12,288.0,293.0,275.15,279.3,242499.0
GENUSPOWER,2026-02-13,275.0,278.5,266.1,267.15,188665.0
GENUSPOWER,2026-02-16,266.0,267.15,261.0,265.4,129574.0
GENUSPOWER,2026-02-17,265.35,272.0,262.55,267.2,147848.0
GENUSPOWER,2026-02-18,265.15,270.0,264.1,268.55,102607.0
GENUSPOWER,2026-02-19,269.5,273.6,262.1,263.65,144304.0
GENUSPOWER,2026-02-20,268.85,270.5,258.45,260.35,239317.0
GENUSPOWER,2026-02-23,265.0,265.0,258.0,261.05,231643.0
GENUSPOWER,2026-02-24,260.0,261.5,253.3,258.05,216393.0
GENUSPOWER,2026-02-25,262.0,268.95,257.45,261.95,559509.0
GENUSPOWER,2026-02-26,263.95,267.25,262.05,262.7,202771.0
GENUSPOWER,2026-02-27,265.0,265.0,261.0,262.3,177143.0
GENUSPOWER,2026-03-02,250.0,261.3,249.4,257.2,430738.0
GENUSPOWER,2026-03-04,250.05,254.0,249.0,250.3,421372.0
GENUSPOWER,2026-03-05,254.05,255.0,248.25,251.95,207919.0
GENUSPOWER,2026-03-06,249.45,266.25,249.45,257.5,397958.0
GENUSPOWER,2026-03-09,253.0,253.0,241.25,244.1,448658.0
GENUSPOWER,2026-03-10,249.95,262.85,244.1,258.15,428409.0
GENUSPOWER,2026-03-11,260.6,260.95,252.25,253.15,183594.0
GENUSPOWER,2026-03-12,252.0,259.0,246.25,255.85,275603.0
GENUSPOWER,2026-03-13,257.8,257.8,243.4,246.4,311967.0
GENUSPOWER,2026-03-16,246.0,248.4,236.25,239.5,716481.0
GENUSPOWER,2026-03-17,243.0,250.0,238.25,249.35,661348.0
GENUSPOWER,2026-03-18,252.75,255.0,245.45,247.65,654556.0
GENUSPOWER,2026-03-19,245.0,251.2,241.7,243.95,623342.0
GENUSPOWER,2026-03-20,244.0,251.5,237.05,239.1,678830.0
GENUSPOWER,2026-03-23,236.0,236.8,223.1,229.85,769088.0
GENUSPOWER,2026-03-24,237.0,237.15,222.25,235.15,813895.0
GENUSPOWER,2026-03-25,237.0,244.7,233.0,234.6,610209.0
GENUSPOWER,2026-03-27,235.15,239.3,224.05,225.35,776088.0
GENUSPOWER,2026-03-30,223.5,226.7,211.7,214.9,1198128.0
GENUSPOWER,2026-04-01,225.84,237.0,222.6,235.0,681683.0
GENUSPOWER,2026-04-02,229.55,234.85,220.77,233.49,474151.0
GENUSPOWER,2026-04-06,237.0,239.4,228.2,238.04,389514.0
GENUSPOWER,2026-04-07,237.1,242.88,235.21,240.27,248702.0
GENUSPOWER,2026-04-08,251.0,258.4,247.69,257.48,551249.0
GENUSPOWER,2026-04-09,257.48,263.7,254.02,257.09,417023.0
GENUSPOWER,2026-04-10,261.9,279.0,259.0,274.67,1191456.0
GENUSPOWER,2026-04-13,265.0,277.8,262.0,272.0,581675.0
GENUSPOWER,2026-04-15,279.21,299.0,277.38,296.67,1933749.0
GENUSPOWER,2026-04-16,301.0,304.66,291.6,296.89,746079.0
GENUSPOWER,2026-04-17,296.89,303.95,292.01,293.17,961933.0
GENUSPOWER,2026-04-20,291.02,293.53,285.01,286.26,474446.0
GENUSPOWER,2026-04-21,290.3,295.85,284.82,292.72,756596.0
GENUSPOWER,2026-04-22,292.85,298.5,289.59,297.09,462166.0
GENUSPOWER,2026-04-23,298.81,302.0,290.0,294.14,533958.0
GENUSPOWER,2026-04-24,296.9,296.9,285.0,287.43,329386.0
GENUSPOWER,2026-04-27,291.0,304.0,289.81,302.4,1126284.0
GENUSPOWER,2026-04-28,305.92,315.0,305.0,311.76,1997455.0
GENUSPOWER,2026-04-29,313.79,319.19,309.97,311.72,1126860.0
GENUSPOWER,2026-04-30,309.8,317.79,298.05,312.05,954764.0
GENUSPOWER,2026-05-04,318.0,322.0,310.0,318.05,1389375.0
GENUSPOWER,2026-05-05,316.0,320.5,313.0,316.5,588278.0
GENUSPOWER,2026-05-06,319.8,337.25,315.15,335.05,1845810.0
GENUSPOWER,2026-05-07,335.0,339.0,326.05,332.0,970737.0
GENUSPOWER,2026-05-08,333.0,335.3,322.85,326.85,652595.0
GENUSPOWER,2026-05-11,326.8,335.9,322.3,327.4,794642.0
GENUSPOWER,2026-05-12,327.95,329.15,305.0,307.7,796021.0
GENUSPOWER,2026-05-13,304.95,316.0,304.1,313.5,582904.0
GENUSPOWER,2026-05-14,317.0,318.85,298.3,308.05,851190.0
GENUSPOWER,2026-05-15,309.8,325.8,304.0,313.95,1155797.0
GENUSPOWER,2026-05-18,318.0,318.0,298.0,304.75,1472791.0
GENUSPOWER,2026-05-19,307.4,314.8,305.95,309.35,737497.0
GENUSPOWER,2026-05-20,309.0,311.0,305.65,309.95,420176.0
GENUSPOWER,2026-05-21,316.8,322.6,310.0,313.1,727163.0
GENUSPOWER,2026-05-22,316.55,319.45,312.15,318.05,630657.0
GENUSPOWER,2026-05-25,321.2,327.0,320.0,324.5,556989.0
GENUSPOWER,2026-05-26,324.4,333.0,322.0,325.9,618332.0
GESHIP,2025-05-21,921.0,928.85,908.0,910.5,499766.0
GESHIP,2025-05-22,911.7,922.0,904.65,911.8,750972.0
GESHIP,2025-05-23,915.65,935.5,908.05,923.3,359618.0
GESHIP,2025-05-26,927.85,942.9,924.2,931.8,343073.0
GESHIP,2025-05-27,932.0,935.5,922.5,934.3,393783.0
GESHIP,2025-05-28,937.45,947.0,930.5,941.35,375015.0
GESHIP,2025-05-29,942.25,957.0,933.3,936.9,357471.0
GESHIP,2025-05-30,939.4,943.0,924.65,930.8,621893.0
GESHIP,2025-06-02,927.95,980.0,926.6,971.85,1694698.0
GESHIP,2025-06-03,971.9,984.0,963.05,976.6,569620.0
GESHIP,2025-06-04,980.0,1007.65,966.6,990.5,1408163.0
GESHIP,2025-06-05,995.0,1009.0,986.0,1000.0,1549857.0
GESHIP,2025-06-06,1004.9,1022.65,983.15,985.2,834835.0
GESHIP,2025-06-09,1001.9,1002.65,984.1,987.35,263250.0
GESHIP,2025-06-10,992.15,993.7,975.0,981.65,393358.0
GESHIP,2025-06-11,989.0,990.0,962.2,966.7,386141.0
GESHIP,2025-06-12,966.7,980.5,961.3,975.0,625573.0
GESHIP,2025-06-13,956.0,1049.0,941.4,989.45,8071077.0
GESHIP,2025-06-16,1001.25,1025.0,991.25,1005.15,1809934.0
GESHIP,2025-06-17,1005.05,1006.15,968.85,978.35,922554.0
GESHIP,2025-06-18,978.0,991.8,956.6,962.6,1134110.0
GESHIP,2025-06-19,961.0,969.0,944.1,956.2,836521.0
GESHIP,2025-06-20,956.2,973.0,935.7,962.85,687262.0
GESHIP,2025-06-23,970.0,997.5,963.05,994.55,1179307.0
GESHIP,2025-06-24,983.0,986.8,965.0,972.7,720133.0
GESHIP,2025-06-25,981.9,1004.9,976.05,986.0,646794.0
GESHIP,2025-06-26,985.95,993.4,973.05,987.95,459717.0
GESHIP,2025-06-27,984.0,991.95,972.05,973.8,643043.0
GESHIP,2025-06-30,975.8,997.7,975.6,978.85,339031.0
GESHIP,2025-07-01,984.95,991.0,975.5,979.8,514425.0
GESHIP,2025-07-02,981.35,1003.5,972.5,1000.0,579955.0
GESHIP,2025-07-03,1005.0,1030.9,996.85,999.95,1095996.0
GESHIP,2025-07-04,1007.1,1039.95,1005.2,1033.0,1270480.0
GESHIP,2025-07-07,1039.0,1044.6,1020.0,1023.5,739643.0
GESHIP,2025-07-08,1023.55,1037.4,1010.5,1015.4,643815.0
GESHIP,2025-07-09,1012.0,1034.0,1005.0,1028.5,431169.0
GESHIP,2025-07-10,1027.85,1027.85,1002.0,1006.25,434972.0
GESHIP,2025-07-11,1004.8,1021.9,990.3,992.0,280759.0
GESHIP,2025-07-14,992.0,1002.0,982.6,994.8,200343.0
GESHIP,2025-07-15,994.95,1008.65,986.2,988.2,341729.0
GESHIP,2025-07-16,986.05,995.75,982.15,990.4,220737.0
GESHIP,2025-07-17,993.9,998.7,985.6,995.15,278937.0
GESHIP,2025-07-18,995.0,998.0,983.0,991.6,224342.0
GESHIP,2025-07-21,995.0,995.0,981.1,990.4,172998.0
GESHIP,2025-07-22,994.0,1002.45,988.1,990.15,168656.0
GESHIP,2025-07-23,991.15,995.0,984.25,989.65,166189.0
GESHIP,2025-07-24,991.6,994.9,971.5,976.05,286450.0
GESHIP,2025-07-25,976.0,976.25,947.65,961.85,351498.0
GESHIP,2025-07-28,957.05,966.3,930.4,933.8,189017.0
GESHIP,2025-07-29,934.05,960.9,918.0,958.15,331991.0
GESHIP,2025-07-30,957.95,960.4,943.0,947.0,145547.0
GESHIP,2025-07-31,939.0,948.0,924.75,939.9,123090.0
GESHIP,2025-08-01,928.0,944.85,913.1,929.25,293566.0
GESHIP,2025-08-04,937.05,937.1,921.75,930.5,166932.0
GESHIP,2025-08-05,930.05,936.7,921.35,924.5,135062.0
GESHIP,2025-08-06,922.0,934.0,914.7,932.05,227414.0
GESHIP,2025-08-07,921.0,944.35,921.0,939.95,155562.0
GESHIP,2025-08-08,943.9,943.9,925.0,930.85,91961.0
GESHIP,2025-08-11,929.2,950.5,925.3,946.85,188667.0
GESHIP,2025-08-12,949.95,977.5,946.85,973.95,280009.0
GESHIP,2025-08-13,972.0,973.9,952.2,958.85,145796.0
GESHIP,2025-08-14,953.8,975.0,944.85,970.8,166971.0
GESHIP,2025-08-18,977.3,982.05,959.05,974.05,206604.0
GESHIP,2025-08-19,974.95,985.0,968.1,982.5,129066.0
GESHIP,2025-08-20,987.25,988.0,977.5,982.3,110471.0
GESHIP,2025-08-21,982.9,989.0,974.4,980.15,136212.0
GESHIP,2025-08-22,984.9,984.9,964.5,967.85,80671.0
GESHIP,2025-08-25,967.85,969.3,950.0,954.5,64003.0
GESHIP,2025-08-26,955.95,957.0,939.0,947.4,140890.0
GESHIP,2025-08-28,940.05,944.0,925.3,934.7,170223.0
GESHIP,2025-08-29,934.9,944.05,925.0,927.35,88298.0
GESHIP,2025-09-01,924.9,961.35,922.5,956.4,130864.0
GESHIP,2025-09-02,960.5,974.2,948.65,960.6,100178.0
GESHIP,2025-09-03,955.0,971.0,953.0,958.8,106256.0
GESHIP,2025-09-04,965.0,975.0,956.8,971.0,192956.0
GESHIP,2025-09-05,973.0,974.0,961.5,971.15,102043.0
GESHIP,2025-09-08,971.5,973.6,948.4,951.9,144478.0
GESHIP,2025-09-09,955.0,996.0,952.0,975.15,629071.0
GESHIP,2025-09-10,984.9,994.0,977.05,987.75,122247.0
GESHIP,2025-09-11,989.3,998.4,985.55,986.55,185012.0
GESHIP,2025-09-12,988.1,996.0,983.5,992.0,144971.0
GESHIP,2025-09-15,995.7,1008.0,992.0,995.7,212141.0
GESHIP,2025-09-16,996.0,1068.5,996.0,1058.15,2375008.0
GESHIP,2025-09-17,1052.6,1063.0,1038.85,1047.7,720705.0
GESHIP,2025-09-18,1050.0,1074.0,1034.75,1059.65,758379.0
GESHIP,2025-09-19,1058.0,1064.8,1047.55,1054.4,676543.0
GESHIP,2025-09-22,1062.9,1087.5,1041.75,1047.85,828207.0
GESHIP,2025-09-23,1052.0,1060.0,1035.0,1042.0,452648.0
GESHIP,2025-09-24,1048.55,1055.5,1016.05,1028.95,461231.0
GESHIP,2025-09-25,1030.05,1038.4,1013.25,1018.0,272074.0
GESHIP,2025-09-26,1010.1,1016.15,984.95,995.1,328216.0
GESHIP,2025-09-29,995.0,1009.0,971.1,976.0,461912.0
GESHIP,2025-09-30,979.7,1019.0,979.7,993.75,743700.0
GESHIP,2025-10-01,993.95,1006.7,981.5,994.6,993626.0
GESHIP,2025-10-03,1003.4,1069.95,1000.3,1054.15,2454771.0
GESHIP,2025-10-06,1050.1,1063.85,1040.55,1061.55,421176.0
GESHIP,2025-10-07,1060.0,1063.1,1042.2,1048.25,321422.0
GESHIP,2025-10-08,1047.5,1068.0,1036.05,1040.5,340709.0
GESHIP,2025-10-09,1040.55,1056.8,1037.0,1050.2,282256.0
GESHIP,2025-10-10,1050.2,1061.3,1044.05,1049.75,234502.0
GESHIP,2025-10-13,1043.3,1052.5,1040.0,1045.95,234955.0
GESHIP,2025-10-14,1045.75,1052.3,1023.6,1029.2,294122.0
GESHIP,2025-10-15,1030.0,1038.4,1021.2,1032.25,328221.0
GESHIP,2025-10-16,1031.8,1047.45,1028.4,1045.0,124949.0
GESHIP,2025-10-17,1046.9,1048.25,1025.5,1034.5,134518.0
GESHIP,2025-10-20,1034.5,1044.4,1026.1,1033.45,110156.0
GESHIP,2025-10-21,1039.9,1042.35,1031.1,1036.0,28136.0
GESHIP,2025-10-23,1037.8,1043.95,1015.8,1019.25,147926.0
GESHIP,2025-10-24,1019.25,1034.8,1002.55,1022.8,402729.0
GESHIP,2025-10-27,1026.3,1060.0,1021.0,1052.5,630334.0
GESHIP,2025-10-28,1065.0,1087.0,1038.5,1058.05,905511.0
GESHIP,2025-10-29,1046.0,1082.0,1046.0,1071.9,455111.0
GESHIP,2025-10-30,1074.05,1090.0,1066.75,1083.65,313289.0
GESHIP,2025-10-31,1088.1,1137.7,1076.1,1099.6,1210045.0
GESHIP,2025-11-03,1101.0,1112.3,1079.0,1084.6,238515.0
GESHIP,2025-11-04,1082.1,1095.0,1050.0,1053.4,442426.0
GESHIP,2025-11-06,1053.4,1064.8,1044.1,1049.5,201180.0
GESHIP,2025-11-07,1044.2,1088.0,1035.1,1085.2,432319.0
GESHIP,2025-11-10,1084.9,1093.3,1064.0,1089.6,400513.0
GESHIP,2025-11-11,1094.0,1124.5,1082.0,1108.8,1167229.0
GESHIP,2025-11-12,1118.0,1179.0,1110.5,1159.0,1956849.0
GESHIP,2025-11-13,1162.0,1163.9,1125.6,1136.0,343674.0
GESHIP,2025-11-14,1130.0,1144.7,1128.3,1133.2,149980.0
GESHIP,2025-11-17,1134.9,1144.4,1110.7,1133.4,324663.0
GESHIP,2025-11-18,1134.9,1140.9,1119.1,1131.3,229510.0
GESHIP,2025-11-19,1131.8,1135.5,1115.6,1117.2,121509.0
GESHIP,2025-11-20,1124.7,1125.0,1095.5,1100.6,195938.0
GESHIP,2025-11-21,1100.0,1125.1,1088.0,1096.6,263915.0
GESHIP,2025-11-24,1096.6,1103.2,1074.7,1088.1,264469.0
GESHIP,2025-11-25,1080.1,1091.5,1056.9,1064.0,254447.0
GESHIP,2025-11-26,1066.8,1098.0,1065.3,1093.9,251856.0
GESHIP,2025-11-27,1099.9,1115.9,1077.2,1095.0,273240.0
GESHIP,2025-11-28,1100.5,1113.0,1091.8,1106.9,225440.0
GESHIP,2025-12-01,1115.2,1133.1,1106.0,1125.0,326530.0
GESHIP,2025-12-02,1124.0,1129.0,1083.6,1097.1,270581.0
GESHIP,2025-12-03,1103.8,1117.0,1090.7,1105.0,253758.0
GESHIP,2025-12-04,1103.1,1112.0,1092.0,1104.0,213429.0
GESHIP,2025-12-05,1098.9,1101.4,1085.3,1091.0,139871.0
GESHIP,2025-12-08,1091.0,1095.0,1058.7,1071.4,183398.0
GESHIP,2025-12-09,1071.7,1080.0,1057.1,1076.8,202552.0
GESHIP,2025-12-10,1072.9,1095.4,1071.1,1085.9,159611.0
GESHIP,2025-12-11,1084.0,1100.8,1074.0,1095.8,189158.0
GESHIP,2025-12-12,1095.3,1124.0,1090.0,1109.4,1064391.0
GESHIP,2025-12-15,1110.5,1131.7,1102.2,1128.8,193579.0
GESHIP,2025-12-16,1131.4,1131.4,1102.0,1105.1,163641.0
GESHIP,2025-12-17,1107.0,1116.9,1104.4,1112.0,199388.0
GESHIP,2025-12-18,1103.8,1122.5,1103.8,1111.8,170741.0
GESHIP,2025-12-19,1111.8,1133.6,1087.2,1092.9,358177.0
GESHIP,2025-12-22,1101.6,1114.8,1092.6,1112.2,138797.0
GESHIP,2025-12-23,1114.9,1137.0,1092.6,1109.1,334052.0
GESHIP,2025-12-24,1105.0,1112.7,1097.0,1109.7,196263.0
GESHIP,2025-12-26,1112.0,1119.2,1094.0,1096.7,316056.0
GESHIP,2025-12-29,1099.0,1112.0,1090.1,1102.6,320675.0
GESHIP,2025-12-30,1100.0,1107.5,1093.2,1102.2,441072.0
GESHIP,2025-12-31,1107.7,1139.0,1103.0,1129.0,284617.0
GESHIP,2026-01-01,1135.0,1135.0,1110.5,1114.6,225676.0
GESHIP,2026-01-02,1111.0,1119.3,1107.5,1114.0,154014.0
GESHIP,2026-01-05,1114.1,1135.5,1114.0,1125.9,229201.0
GESHIP,2026-01-06,1126.6,1133.2,1084.5,1093.8,601912.0
GESHIP,2026-01-07,1085.3,1115.0,1085.3,1108.1,405282.0
GESHIP,2026-01-08,1108.1,1123.0,1075.1,1084.6,464034.0
GESHIP,2026-01-09,1083.1,1107.0,1077.0,1086.8,279126.0
GESHIP,2026-01-12,1091.7,1103.0,1065.0,1100.0,237746.0
GESHIP,2026-01-13,1100.0,1110.5,1091.1,1106.3,362341.0
GESHIP,2026-01-14,1106.3,1134.9,1101.7,1122.5,564842.0
GESHIP,2026-01-16,1119.0,1127.0,1098.9,1121.6,371184.0
GESHIP,2026-01-19,1119.1,1127.0,1093.6,1114.4,343214.0
GESHIP,2026-01-20,1113.0,1119.5,1078.5,1082.6,283513.0
GESHIP,2026-01-21,1074.7,1100.6,1074.1,1095.2,266336.0
GESHIP,2026-01-22,1100.6,1117.5,1095.8,1114.4,202144.0
GESHIP,2026-01-23,1115.0,1120.5,1105.1,1108.8,173473.0
GESHIP,2026-01-27,1107.6,1122.5,1077.3,1117.6,290970.0
GESHIP,2026-01-28,1117.8,1190.5,1117.8,1173.6,836410.0
GESHIP,2026-01-29,1183.7,1194.0,1159.5,1186.6,362860.0
GESHIP,2026-01-30,1210.0,1266.5,1191.4,1202.4,2792400.0
GESHIP,2026-02-01,1215.0,1219.9,1125.0,1192.9,334493.0
GESHIP,2026-02-02,1187.5,1232.6,1180.7,1216.4,537224.0
GESHIP,2026-02-03,1250.0,1254.3,1215.8,1227.3,731451.0
GESHIP,2026-02-04,1220.0,1252.9,1214.7,1238.8,450643.0
GESHIP,2026-02-05,1235.0,1285.4,1232.2,1266.1,889099.0
GESHIP,2026-02-06,1270.0,1292.0,1263.0,1274.2,461481.0
GESHIP,2026-02-09,1292.1,1325.0,1290.0,1313.2,648107.0
GESHIP,2026-02-10,1321.0,1368.9,1319.0,1342.7,865941.0
GESHIP,2026-02-11,1349.4,1358.6,1322.6,1348.9,297963.0
GESHIP,2026-02-12,1348.8,1362.0,1330.0,1340.3,442666.0
GESHIP,2026-02-13,1331.0,1331.0,1295.0,1300.1,209977.0
GESHIP,2026-02-16,1293.9,1342.0,1286.9,1311.9,384034.0
GESHIP,2026-02-17,1309.0,1334.4,1301.0,1318.1,327432.0
GESHIP,2026-02-18,1323.4,1323.4,1282.2,1290.8,314435.0
GESHIP,2026-02-19,1292.6,1312.5,1284.0,1292.9,312760.0
GESHIP,2026-02-20,1289.9,1328.4,1274.6,1287.2,482136.0
GESHIP,2026-02-23,1290.0,1317.3,1287.0,1299.2,292267.0
GESHIP,2026-02-24,1300.0,1327.0,1293.2,1323.2,542567.0
GESHIP,2026-02-25,1335.0,1375.0,1313.4,1346.8,559062.0
GESHIP,2026-02-26,1346.8,1350.2,1336.8,1346.6,173543.0
GESHIP,2026-02-27,1343.0,1344.5,1322.1,1338.9,150847.0
GESHIP,2026-03-02,1320.0,1342.5,1293.2,1326.4,510841.0
GESHIP,2026-03-04,1300.0,1362.0,1290.1,1354.6,603009.0
GESHIP,2026-03-05,1379.7,1437.9,1362.5,1389.4,1718653.0
GESHIP,2026-03-06,1395.6,1435.0,1395.6,1415.3,755093.0
GESHIP,2026-03-09,1410.0,1410.5,1332.5,1338.5,499811.0
GESHIP,2026-03-10,1358.0,1397.7,1346.0,1391.1,571911.0
GESHIP,2026-03-11,1398.1,1442.5,1391.0,1427.0,712854.0
GESHIP,2026-03-12,1420.0,1492.6,1395.3,1486.5,1091966.0
GESHIP,2026-03-13,1487.7,1509.0,1445.0,1459.9,1202406.0
GESHIP,2026-03-16,1450.0,1452.7,1343.7,1373.4,1140038.0
GESHIP,2026-03-17,1380.0,1435.0,1379.0,1426.4,984676.0
GESHIP,2026-03-18,1414.0,1474.5,1408.4,1441.0,699169.0
GESHIP,2026-03-19,1425.6,1453.5,1415.0,1441.3,451060.0
GESHIP,2026-03-20,1455.0,1477.0,1410.5,1429.7,501108.0
GESHIP,2026-03-23,1425.5,1425.5,1346.0,1360.0,362189.0
GESHIP,2026-03-24,1405.0,1418.1,1373.0,1398.7,558248.0
GESHIP,2026-03-25,1415.6,1462.5,1404.2,1416.5,696191.0
GESHIP,2026-03-27,1405.0,1443.1,1401.2,1415.0,350920.0
GESHIP,2026-03-30,1400.9,1449.0,1389.1,1414.7,506870.0
GESHIP,2026-04-01,1449.0,1491.9,1435.5,1460.1,713339.0
GESHIP,2026-04-02,1455.0,1455.0,1418.7,1439.6,321146.0
GESHIP,2026-04-06,1439.6,1502.2,1438.1,1463.0,785318.0
GESHIP,2026-04-07,1455.0,1455.0,1409.3,1424.5,450563.0
GESHIP,2026-04-08,1495.0,1495.0,1378.0,1389.6,790349.0
GESHIP,2026-04-09,1388.9,1402.0,1360.0,1391.2,526428.0
GESHIP,2026-04-10,1391.2,1402.0,1366.7,1372.9,289597.0
GESHIP,2026-04-13,1350.0,1371.9,1320.0,1335.3,469571.0
GESHIP,2026-04-15,1357.0,1405.0,1350.4,1400.4,780224.0
GESHIP,2026-04-16,1419.4,1419.4,1375.1,1381.4,424951.0
GESHIP,2026-04-17,1385.3,1435.9,1385.1,1424.3,819986.0
GESHIP,2026-04-20,1440.0,1469.9,1415.5,1423.6,541002.0
GESHIP,2026-04-21,1427.0,1477.3,1423.2,1445.6,624903.0
GESHIP,2026-04-22,1449.0,1463.6,1432.5,1449.1,233855.0
GESHIP,2026-04-23,1448.0,1457.0,1410.1,1414.4,202718.0
GESHIP,2026-04-24,1427.7,1434.0,1397.6,1404.4,114258.0
GESHIP,2026-04-27,1413.0,1439.9,1405.0,1424.2,146510.0
GESHIP,2026-04-28,1428.0,1492.5,1428.0,1474.4,652856.0
GESHIP,2026-04-29,1484.9,1590.8,1483.0,1554.6,2500676.0
GESHIP,2026-04-30,1551.0,1589.7,1534.1,1576.8,971195.0
GESHIP,2026-05-04,1590.0,1600.0,1524.0,1536.8,640010.0
GESHIP,2026-05-05,1537.0,1548.4,1514.8,1523.8,412967.0
GESHIP,2026-05-06,1536.2,1591.3,1518.7,1575.1,614465.0
GESHIP,2026-05-07,1581.3,1582.7,1533.2,1552.4,412995.0
GESHIP,2026-05-08,1557.4,1618.9,1538.0,1588.3,1104209.0
GESHIP,2026-05-11,1587.0,1610.0,1557.0,1582.3,675300.0
GESHIP,2026-05-12,1580.0,1584.9,1501.0,1510.5,556553.0
GESHIP,2026-05-13,1519.0,1536.9,1493.0,1498.4,306051.0
GESHIP,2026-05-14,1505.0,1522.0,1462.1,1484.9,363695.0
GESHIP,2026-05-15,1550.0,1642.7,1503.7,1533.9,9754062.0
GESHIP,2026-05-18,1533.9,1730.0,1533.9,1696.5,18205845.0
GESHIP,2026-05-19,1705.0,1798.0,1676.5,1715.9,7326701.0
GESHIP,2026-05-20,1698.0,1719.2,1634.1,1665.4,1965461.0
GESHIP,2026-05-21,1672.4,1745.0,1672.4,1719.6,2606607.0
GESHIP,2026-05-22,1720.1,1733.4,1655.0,1666.1,732563.0
GESHIP,2026-05-25,1685.0,1708.0,1630.6,1648.6,953112.0
GESHIP,2026-05-26,1650.1,1695.0,1638.8,1650.7,640280.0
GLAXO,2025-05-21,2810.9,3011.3,2791.7,2984.2,1084959.0
GLAXO,2025-05-22,2972.1,3035.0,2942.0,3018.7,213418.0
GLAXO,2025-05-23,3009.0,3030.0,2968.1,3020.9,101269.0
GLAXO,2025-05-26,3035.0,3055.7,2952.0,2960.5,104383.0
GLAXO,2025-05-27,2965.5,3145.7,2955.4,3118.2,690461.0
GLAXO,2025-05-28,3131.0,3398.0,3105.9,3348.2,797325.0
GLAXO,2025-05-29,3336.0,3374.9,3228.9,3263.4,245166.0
GLAXO,2025-05-30,3249.9,3359.0,3237.9,3298.6,292575.0
GLAXO,2025-06-02,3298.0,3397.6,3252.6,3271.1,208929.0
GLAXO,2025-06-03,3270.0,3332.0,3220.0,3245.1,121504.0
GLAXO,2025-06-04,3259.0,3455.9,3238.8,3420.0,269490.0
GLAXO,2025-06-05,3440.0,3515.7,3401.3,3466.2,207434.0
GLAXO,2025-06-06,3451.1,3490.0,3367.7,3438.5,149126.0
GLAXO,2025-06-09,3455.0,3505.0,3387.0,3397.9,125137.0
GLAXO,2025-06-10,3411.7,3450.0,3346.0,3398.4,112904.0
GLAXO,2025-06-11,3402.1,3467.0,3365.2,3378.0,99844.0
GLAXO,2025-06-12,3398.0,3439.8,3310.3,3320.0,166419.0
GLAXO,2025-06-13,3300.0,3331.6,3258.6,3295.0,105723.0
GLAXO,2025-06-16,3285.7,3381.1,3234.3,3366.8,82350.0
GLAXO,2025-06-17,3344.0,3356.7,3240.0,3254.0,145878.0
GLAXO,2025-06-18,3240.1,3306.7,3240.1,3286.4,151746.0
GLAXO,2025-06-19,3250.0,3293.4,3175.0,3199.2,67083.0
GLAXO,2025-06-20,3190.2,3255.0,3176.0,3213.5,123913.0
GLAXO,2025-06-23,3176.5,3215.0,3153.9,3171.4,79994.0
GLAXO,2025-06-24,3186.0,3280.0,3186.0,3229.1,109870.0
GLAXO,2025-06-25,3254.8,3288.4,3233.2,3258.8,96385.0
GLAXO,2025-06-26,3270.0,3309.0,3247.1,3301.9,156629.0
GLAXO,2025-06-27,3324.9,3500.0,3292.8,3439.6,499010.0
GLAXO,2025-06-30,3456.0,3456.0,3351.0,3388.1,176697.0
GLAXO,2025-07-01,3388.7,3450.0,3345.1,3353.3,122742.0
GLAXO,2025-07-02,3364.6,3369.2,3267.0,3293.8,75713.0
GLAXO,2025-07-03,3264.0,3363.8,3264.0,3302.0,80140.0
GLAXO,2025-07-04,3303.0,3348.0,3275.0,3283.7,78280.0
GLAXO,2025-07-07,3287.5,3358.9,3274.0,3285.0,73720.0
GLAXO,2025-07-08,3280.0,3339.0,3246.1,3260.7,75369.0
GLAXO,2025-07-09,3266.1,3344.0,3266.1,3309.0,83528.0
GLAXO,2025-07-10,3309.1,3319.9,3246.0,3251.9,45314.0
GLAXO,2025-07-11,3244.0,3272.5,3225.4,3243.8,43722.0
GLAXO,2025-07-14,3243.8,3254.9,3171.6,3187.9,77362.0
GLAXO,2025-07-15,3190.1,3227.2,3176.8,3199.3,57695.0
GLAXO,2025-07-16,3198.0,3200.5,3153.9,3167.6,45839.0
GLAXO,2025-07-17,3170.0,3196.8,3154.9,3173.6,46351.0
GLAXO,2025-07-18,3184.0,3195.6,3112.5,3138.4,52526.0
GLAXO,2025-07-21,3138.4,3149.0,3074.1,3119.1,54032.0
GLAXO,2025-07-22,3134.0,3152.2,3088.0,3098.6,55167.0
GLAXO,2025-07-23,3121.9,3161.0,3090.0,3131.4,58819.0
GLAXO,2025-07-24,3130.0,3177.9,3100.0,3162.4,68929.0
GLAXO,2025-07-25,3175.0,3220.0,3120.4,3144.2,115563.0
GLAXO,2025-07-28,3144.2,3161.9,3072.5,3083.5,54855.0
GLAXO,2025-07-29,3083.5,3178.8,3083.5,3150.2,98969.0
GLAXO,2025-07-30,3150.8,3200.0,3150.2,3197.0,96877.0
GLAXO,2025-07-31,3170.0,3198.1,3135.2,3162.6,65839.0
GLAXO,2025-08-01,3162.9,3184.3,2890.0,2936.5,282736.0
GLAXO,2025-08-04,2930.1,2936.0,2828.0,2869.0,143804.0
GLAXO,2025-08-05,2869.0,2895.0,2811.1,2828.8,100660.0
GLAXO,2025-08-06,2824.0,2830.7,2720.0,2734.9,90193.0
GLAXO,2025-08-07,2720.0,2721.2,2645.0,2677.5,124214.0
GLAXO,2025-08-08,2676.0,2676.0,2630.0,2651.0,77215.0
GLAXO,2025-08-11,2651.0,2712.6,2611.1,2687.1,56444.0
GLAXO,2025-08-12,2678.0,2687.0,2560.0,2588.7,141456.0
GLAXO,2025-08-13,2605.0,2789.0,2597.9,2772.6,421339.0
GLAXO,2025-08-14,2772.6,2782.1,2687.2,2769.6,116849.0
GLAXO,2025-08-18,2774.4,2815.0,2701.0,2794.1,189209.0
GLAXO,2025-08-19,2800.0,2829.9,2746.1,2807.2,127746.0
GLAXO,2025-08-20,2825.0,2854.9,2763.3,2781.3,114680.0
GLAXO,2025-08-21,2785.0,2824.3,2756.0,2780.4,109925.0
GLAXO,2025-08-22,2767.0,2806.6,2752.6,2798.8,39428.0
GLAXO,2025-08-25,2802.5,2869.0,2790.0,2802.1,132460.0
GLAXO,2025-08-26,2802.5,2835.0,2752.6,2789.4,180296.0
GLAXO,2025-08-28,2765.0,2792.7,2725.5,2749.2,145917.0
GLAXO,2025-08-29,2751.0,2815.0,2751.0,2785.0,70828.0
GLAXO,2025-09-01,2786.0,2818.5,2757.1,2808.5,89303.0
GLAXO,2025-09-02,2806.0,2828.8,2739.1,2752.2,74423.0
GLAXO,2025-09-03,2749.0,2784.0,2700.0,2776.9,128841.0
GLAXO,2025-09-04,2789.5,2883.4,2752.7,2851.8,142671.0
GLAXO,2025-09-05,2845.0,2849.7,2755.0,2770.3,64535.0
GLAXO,2025-09-08,2821.0,2835.0,2758.1,2819.1,69313.0
GLAXO,2025-09-09,2819.0,2824.9,2780.0,2820.6,55776.0
GLAXO,2025-09-10,2820.0,2855.9,2801.6,2837.5,50689.0
GLAXO,2025-09-11,2837.0,2879.0,2817.8,2863.8,46536.0
GLAXO,2025-09-12,2854.6,2854.6,2757.1,2774.0,120444.0
GLAXO,2025-09-15,2784.0,2785.1,2739.3,2755.2,50360.0
GLAXO,2025-09-16,2760.9,2769.9,2727.5,2738.2,56908.0
GLAXO,2025-09-17,2742.0,2768.0,2731.9,2742.0,182307.0
GLAXO,2025-09-18,2751.0,2775.0,2719.9,2755.4,110262.0
GLAXO,2025-09-19,2767.5,2767.5,2730.0,2741.1,85057.0
GLAXO,2025-09-22,2754.0,2779.6,2725.3,2762.3,81247.0
GLAXO,2025-09-23,2764.0,2780.0,2730.6,2761.7,68393.0
GLAXO,2025-09-24,2758.0,2765.0,2735.2,2746.4,37974.0
GLAXO,2025-09-25,2744.0,2761.9,2725.0,2738.2,33280.0
GLAXO,2025-09-26,2705.1,2705.1,2640.1,2672.4,229634.0
GLAXO,2025-09-29,2669.9,2709.0,2622.6,2662.9,89831.0
GLAXO,2025-09-30,2663.0,2694.2,2645.8,2659.7,58243.0
GLAXO,2025-10-01,2659.7,2729.8,2659.7,2697.2,46082.0
GLAXO,2025-10-03,2693.0,2759.9,2686.0,2745.8,47199.0
GLAXO,2025-10-06,2754.0,2770.0,2698.0,2732.3,83843.0
GLAXO,2025-10-07,2745.0,2763.6,2715.1,2740.4,57028.0
GLAXO,2025-10-08,2732.0,2757.5,2719.2,2729.6,68189.0
GLAXO,2025-10-09,2730.0,2772.0,2725.1,2761.0,81394.0
GLAXO,2025-10-10,2755.0,2782.4,2733.4,2767.4,39058.0
GLAXO,2025-10-13,2753.6,2780.0,2741.7,2750.5,55415.0
GLAXO,2025-10-14,2751.9,2774.2,2741.3,2763.6,61716.0
GLAXO,2025-10-15,2763.0,2763.0,2726.0,2735.7,33150.0
GLAXO,2025-10-16,2738.0,2747.9,2716.1,2723.7,38090.0
GLAXO,2025-10-17,2741.0,2750.7,2708.4,2742.9,53427.0
GLAXO,2025-10-20,2739.0,2759.9,2716.1,2745.7,69234.0
GLAXO,2025-10-21,2754.0,2766.6,2751.0,2758.8,6317.0
GLAXO,2025-10-23,2752.0,2795.9,2752.0,2760.7,40731.0
GLAXO,2025-10-24,2764.0,2764.1,2733.8,2758.1,36805.0
GLAXO,2025-10-27,2760.0,2760.0,2679.9,2686.9,66014.0
GLAXO,2025-10-28,2672.0,2723.7,2652.0,2658.1,80808.0
GLAXO,2025-10-29,2671.0,2680.0,2621.0,2642.8,65859.0
GLAXO,2025-10-30,2652.0,2652.0,2601.0,2621.7,86402.0
GLAXO,2025-10-31,2632.7,2696.7,2606.1,2618.6,92299.0
GLAXO,2025-11-03,2644.0,2694.0,2618.7,2682.8,109437.0
GLAXO,2025-11-04,2685.4,2693.9,2641.2,2658.5,96909.0
GLAXO,2025-11-06,2658.5,2668.5,2562.0,2605.5,89176.0
GLAXO,2025-11-07,2605.5,2609.8,2479.0,2587.9,185386.0
GLAXO,2025-11-10,2587.0,2590.6,2534.2,2539.8,59285.0
GLAXO,2025-11-11,2548.0,2550.7,2467.5,2476.3,256001.0
GLAXO,2025-11-12,2486.0,2536.6,2473.1,2506.7,123096.0
GLAXO,2025-11-13,2506.7,2548.1,2486.3,2494.5,61513.0
GLAXO,2025-11-14,2499.8,2515.2,2470.9,2479.4,51386.0
GLAXO,2025-11-17,2491.7,2524.9,2474.7,2493.1,174553.0
GLAXO,2025-11-18,2505.0,2505.0,2481.3,2487.9,68377.0
GLAXO,2025-11-19,2490.0,2526.4,2471.4,2519.0,53349.0
GLAXO,2025-11-20,2514.5,2532.6,2501.1,2509.0,31608.0
GLAXO,2025-11-21,2501.2,2523.4,2488.0,2497.9,72263.0
GLAXO,2025-11-24,2497.9,2497.9,2404.2,2477.0,127654.0
GLAXO,2025-11-25,2477.0,2499.0,2430.0,2486.1,81580.0
GLAXO,2025-11-26,2483.0,2509.9,2459.7,2489.3,65730.0
GLAXO,2025-11-27,2489.7,2524.4,2465.1,2519.6,44167.0
GLAXO,2025-11-28,2519.6,2585.1,2479.0,2569.5,110509.0
GLAXO,2025-12-01,2551.0,2558.5,2490.0,2495.4,90045.0
GLAXO,2025-12-02,2495.6,2525.5,2482.0,2519.6,80503.0
GLAXO,2025-12-03,2512.0,2529.9,2461.1,2518.9,118991.0
GLAXO,2025-12-04,2520.0,2539.0,2494.9,2510.8,82587.0
GLAXO,2025-12-05,2492.0,2582.5,2491.2,2545.6,159008.0
GLAXO,2025-12-08,2545.6,2567.0,2511.1,2544.3,75958.0
GLAXO,2025-12-09,2534.3,2569.5,2491.0,2559.2,118147.0
GLAXO,2025-12-10,2555.0,2618.0,2547.0,2593.3,73410.0
GLAXO,2025-12-11,2592.0,2635.0,2570.0,2622.1,74843.0
GLAXO,2025-12-12,2624.0,2635.0,2559.0,2600.8,170216.0
GLAXO,2025-12-15,2587.7,2608.9,2571.0,2578.1,25785.0
GLAXO,2025-12-16,2578.1,2599.9,2572.2,2585.5,41890.0
GLAXO,2025-12-17,2585.0,2589.7,2562.0,2582.6,65795.0
GLAXO,2025-12-18,2594.5,2594.5,2506.7,2554.2,67558.0
GLAXO,2025-12-19,2575.0,2575.0,2510.0,2529.0,126499.0
GLAXO,2025-12-22,2530.1,2550.1,2519.9,2523.4,54185.0
GLAXO,2025-12-23,2525.0,2536.3,2485.0,2500.2,51595.0
GLAXO,2025-12-24,2501.0,2510.3,2476.0,2486.9,39843.0
GLAXO,2025-12-26,2488.0,2488.8,2459.5,2464.3,32764.0
GLAXO,2025-12-29,2483.0,2487.5,2445.0,2477.4,51186.0
GLAXO,2025-12-30,2462.2,2468.4,2362.6,2384.2,517479.0
GLAXO,2025-12-31,2419.4,2482.5,2382.0,2473.6,114120.0
GLAXO,2026-01-01,2476.0,2476.0,2442.5,2455.9,40789.0
GLAXO,2026-01-02,2461.3,2487.7,2443.9,2483.8,27469.0
GLAXO,2026-01-05,2484.9,2484.9,2452.0,2456.2,44205.0
GLAXO,2026-01-06,2456.0,2504.0,2437.2,2483.3,45634.0
GLAXO,2026-01-07,2483.3,2528.0,2448.0,2459.8,155760.0
GLAXO,2026-01-08,2455.0,2455.3,2386.8,2398.7,43925.0
GLAXO,2026-01-09,2390.0,2404.0,2350.0,2372.1,81420.0
GLAXO,2026-01-12,2372.0,2403.8,2337.6,2397.1,44475.0
GLAXO,2026-01-13,2397.0,2417.1,2349.0,2369.1,58611.0
GLAXO,2026-01-14,2369.0,2411.5,2361.0,2394.8,56103.0
GLAXO,2026-01-16,2409.8,2409.8,2340.0,2345.4,59347.0
GLAXO,2026-01-19,2345.9,2354.8,2324.9,2329.6,22916.0
GLAXO,2026-01-20,2329.0,2337.3,2263.3,2272.6,100472.0
GLAXO,2026-01-21,2270.1,2299.0,2220.3,2278.5,100394.0
GLAXO,2026-01-22,2304.0,2393.5,2291.3,2380.2,88898.0
GLAXO,2026-01-23,2381.9,2420.0,2307.6,2313.4,86873.0
GLAXO,2026-01-27,2319.0,2356.2,2278.3,2340.8,46789.0
GLAXO,2026-01-28,2351.0,2442.9,2331.9,2434.2,78593.0
GLAXO,2026-01-29,2438.2,2438.2,2345.0,2366.6,73586.0
GLAXO,2026-01-30,2359.9,2414.0,2306.3,2401.6,109753.0
GLAXO,2026-02-01,2421.4,2448.0,2372.2,2408.4,20797.0
GLAXO,2026-02-02,2400.2,2426.6,2342.1,2407.2,75479.0
GLAXO,2026-02-03,2465.0,2475.6,2401.8,2435.3,89069.0
GLAXO,2026-02-04,2406.6,2420.0,2385.1,2407.1,36450.0
GLAXO,2026-02-05,2407.1,2456.5,2370.3,2444.6,51183.0
GLAXO,2026-02-06,2444.6,2489.0,2405.0,2484.0,75210.0
GLAXO,2026-02-09,2489.0,2540.0,2475.0,2516.2,104890.0
GLAXO,2026-02-10,2550.4,2675.0,2541.6,2622.9,356548.0
GLAXO,2026-02-11,2622.0,2719.8,2610.0,2699.3,114978.0
GLAXO,2026-02-12,2705.7,2705.7,2644.8,2668.5,43439.0
GLAXO,2026-02-13,2645.0,2668.5,2584.8,2594.4,61048.0
GLAXO,2026-02-16,2590.0,2639.0,2584.8,2597.3,34053.0
GLAXO,2026-02-17,2590.8,2627.0,2579.0,2603.6,87738.0
GLAXO,2026-02-18,2603.6,2644.0,2578.6,2583.8,44733.0
GLAXO,2026-02-19,2584.0,2625.0,2560.0,2577.9,57060.0
GLAXO,2026-02-20,2577.0,2610.4,2558.1,2596.9,39094.0
GLAXO,2026-02-23,2616.8,2668.8,2610.5,2638.6,59249.0
GLAXO,2026-02-24,2635.1,2635.1,2591.3,2618.2,57672.0
GLAXO,2026-02-25,2602.5,2667.4,2602.5,2652.5,39395.0
GLAXO,2026-02-26,2650.0,2650.0,2610.0,2626.0,34573.0
GLAXO,2026-02-27,2632.1,2633.1,2566.0,2571.6,46525.0
GLAXO,2026-03-02,2520.0,2581.6,2511.7,2532.6,106428.0
GLAXO,2026-03-04,2501.0,2512.1,2480.0,2485.9,52317.0
GLAXO,2026-03-05,2487.0,2525.0,2450.1,2479.3,46130.0
GLAXO,2026-03-06,2478.0,2528.9,2470.5,2517.3,32929.0
GLAXO,2026-03-09,2500.0,2529.9,2450.8,2519.2,44706.0
GLAXO,2026-03-10,2527.0,2554.0,2473.0,2487.0,60144.0
GLAXO,2026-03-11,2489.5,2541.0,2471.0,2486.0,42649.0
GLAXO,2026-03-12,2486.0,2519.4,2436.8,2504.4,47013.0
GLAXO,2026-03-13,2500.0,2500.0,2397.7,2424.3,51430.0
GLAXO,2026-03-16,2413.0,2432.4,2379.2,2403.0,43791.0
GLAXO,2026-03-17,2404.9,2440.0,2396.0,2429.6,31162.0
GLAXO,2026-03-18,2428.9,2472.0,2418.2,2437.6,26379.0
GLAXO,2026-03-19,2401.0,2419.6,2372.4,2376.7,23012.0
GLAXO,2026-03-20,2376.8,2416.0,2362.5,2384.8,58866.0
GLAXO,2026-03-23,2353.4,2364.9,2269.1,2279.2,50972.0
GLAXO,2026-03-24,2301.0,2340.0,2284.6,2309.1,51349.0
GLAXO,2026-03-25,2310.0,2352.5,2305.2,2321.6,87862.0
GLAXO,2026-03-27,2320.6,2330.4,2255.1,2259.5,61215.0
GLAXO,2026-03-30,2259.5,2296.9,2217.6,2283.0,129602.0
GLAXO,2026-04-01,2305.0,2401.9,2291.2,2329.2,70124.0
GLAXO,2026-04-02,2293.1,2339.8,2261.9,2311.5,109321.0
GLAXO,2026-04-06,2307.0,2355.9,2267.8,2346.6,37644.0
GLAXO,2026-04-07,2339.9,2357.9,2315.2,2333.4,54934.0
GLAXO,2026-04-08,2377.0,2396.9,2348.0,2354.3,56548.0
GLAXO,2026-04-09,2354.3,2374.3,2345.0,2359.7,23611.0
GLAXO,2026-04-10,2359.7,2431.8,2357.0,2394.0,56237.0
GLAXO,2026-04-13,2370.1,2468.8,2341.2,2414.2,63740.0
GLAXO,2026-04-15,2430.0,2439.3,2391.0,2405.2,61085.0
GLAXO,2026-04-16,2417.2,2441.6,2391.6,2419.8,34264.0
GLAXO,2026-04-17,2419.8,2465.4,2410.0,2453.9,42722.0
GLAXO,2026-04-20,2465.0,2466.1,2410.9,2429.9,35944.0
GLAXO,2026-04-21,2429.9,2450.0,2420.1,2427.4,19344.0
GLAXO,2026-04-22,2420.2,2496.0,2397.1,2465.6,58615.0
GLAXO,2026-04-23,2480.0,2529.9,2456.0,2494.6,69999.0
GLAXO,2026-04-24,2496.4,2509.6,2459.8,2472.0,56508.0
GLAXO,2026-04-27,2472.0,2495.0,2427.0,2439.2,121838.0
GLAXO,2026-04-28,2450.0,2466.3,2404.2,2410.2,53102.0
GLAXO,2026-04-29,2415.0,2428.5,2359.5,2366.6,161302.0
GLAXO,2026-04-30,2367.2,2370.8,2319.4,2336.4,113696.0
GLAXO,2026-05-04,2342.0,2387.4,2322.5,2349.9,114106.0
GLAXO,2026-05-05,2335.0,2399.0,2335.0,2363.7,103668.0
GLAXO,2026-05-06,2380.0,2450.0,2365.0,2423.3,70074.0
GLAXO,2026-05-07,2423.5,2490.0,2423.5,2481.3,129747.0
GLAXO,2026-05-08,2481.3,2504.9,2441.0,2476.9,68013.0
GLAXO,2026-05-11,2476.9,2476.9,2430.5,2436.2,31876.0
GLAXO,2026-05-12,2436.2,2493.7,2407.4,2448.8,84111.0
GLAXO,2026-05-13,2449.9,2520.0,2400.4,2411.7,137886.0
GLAXO,2026-05-14,2437.1,2466.2,2400.0,2416.7,57529.0
GLAXO,2026-05-15,2418.0,2458.6,2407.4,2438.8,44704.0
GLAXO,2026-05-18,2438.8,2440.0,2370.0,2389.8,70066.0
GLAXO,2026-05-19,2400.0,2422.6,2377.2,2389.4,76962.0
GLAXO,2026-05-20,2388.0,2397.8,2340.1,2346.8,80193.0
GLAXO,2026-05-21,2379.0,2379.2,2314.0,2320.7,106325.0
GLAXO,2026-05-22,2330.0,2344.0,2297.0,2306.9,185269.0
GLAXO,2026-05-25,2329.0,2341.0,2297.0,2300.1,111490.0
GLAXO,2026-05-26,2300.1,2314.4,2278.1,2282.4,155905.0
GLENMARK,2025-05-21,1428.1,1464.1,1427.1,1440.1,399837.0
GLENMARK,2025-05-22,1427.4,1439.7,1417.2,1431.4,342931.0
GLENMARK,2025-05-23,1432.8,1439.0,1409.2,1420.2,487214.0
GLENMARK,2025-05-26,1370.0,1430.0,1370.0,1390.1,2125417.0
GLENMARK,2025-05-27,1390.0,1404.1,1378.2,1385.0,378280.0
GLENMARK,2025-05-28,1382.0,1409.5,1375.6,1380.0,835182.0
GLENMARK,2025-05-29,1385.0,1424.0,1380.0,1406.4,1057291.0
GLENMARK,2025-05-30,1415.0,1466.0,1408.1,1457.1,1334384.0
GLENMARK,2025-06-02,1457.2,1502.5,1448.5,1497.5,908496.0
GLENMARK,2025-06-03,1520.0,1528.0,1473.3,1514.0,2598096.0
GLENMARK,2025-06-04,1514.0,1523.4,1500.4,1512.8,1536543.0
GLENMARK,2025-06-05,1512.8,1589.5,1512.8,1584.8,2290396.0
GLENMARK,2025-06-06,1584.0,1598.1,1563.9,1590.2,940297.0
GLENMARK,2025-06-09,1590.2,1610.9,1589.0,1599.2,945368.0
GLENMARK,2025-06-10,1606.0,1630.0,1594.5,1615.6,736075.0
GLENMARK,2025-06-11,1611.2,1641.3,1589.0,1635.4,996326.0
GLENMARK,2025-06-12,1639.9,1662.3,1632.6,1639.6,858855.0
GLENMARK,2025-06-13,1605.0,1674.0,1605.0,1669.9,937744.0
GLENMARK,2025-06-16,1683.8,1687.5,1656.0,1683.4,716274.0
GLENMARK,2025-06-17,1675.1,1685.6,1642.0,1653.2,1542907.0
GLENMARK,2025-06-18,1645.0,1664.2,1637.4,1660.4,990393.0
GLENMARK,2025-06-19,1660.8,1661.6,1631.9,1639.2,772902.0
GLENMARK,2025-06-20,1633.9,1645.5,1625.0,1636.7,1156671.0
GLENMARK,2025-06-23,1636.0,1708.7,1630.1,1684.8,1926596.0
GLENMARK,2025-06-24,1691.0,1703.7,1674.6,1683.1,1352660.0
GLENMARK,2025-06-25,1689.0,1729.0,1680.4,1717.1,1332966.0
GLENMARK,2025-06-26,1719.0,1743.6,1709.3,1732.0,823973.0
GLENMARK,2025-06-27,1728.0,1738.0,1706.8,1711.2,1140912.0
GLENMARK,2025-06-30,1719.9,1758.2,1715.4,1753.8,925571.0
GLENMARK,2025-07-01,1752.2,1764.0,1740.1,1754.3,447785.0
GLENMARK,2025-07-02,1753.0,1776.9,1743.2,1770.0,505076.0
GLENMARK,2025-07-03,1767.9,1786.4,1761.1,1783.5,442412.0
GLENMARK,2025-07-04,1778.1,1843.3,1775.0,1830.4,814811.0
GLENMARK,2025-07-07,1836.1,1879.4,1826.1,1860.1,1098035.0
GLENMARK,2025-07-08,1860.1,1862.0,1822.1,1830.5,1474482.0
GLENMARK,2025-07-09,1826.0,1832.9,1792.6,1818.8,1213272.0
GLENMARK,2025-07-10,1821.9,1920.0,1813.1,1904.0,3420276.0
GLENMARK,2025-07-11,2094.4,2284.8,2094.4,2181.1,15680321.0
GLENMARK,2025-07-14,2170.1,2229.0,2138.5,2219.2,3573890.0
GLENMARK,2025-07-15,2205.1,2233.9,2170.4,2226.1,1666264.0
GLENMARK,2025-07-16,2220.0,2247.7,2196.1,2204.8,1495509.0
GLENMARK,2025-07-17,2221.0,2266.0,2179.0,2226.7,3288766.0
GLENMARK,2025-07-18,2224.9,2254.9,2194.5,2225.5,1272680.0
GLENMARK,2025-07-21,2227.9,2237.8,2176.7,2184.8,1650355.0
GLENMARK,2025-07-22,2190.1,2200.9,2149.2,2157.9,1543453.0
GLENMARK,2025-07-23,2151.0,2164.5,2130.0,2138.8,1424554.0
GLENMARK,2025-07-24,2142.0,2158.9,2125.0,2144.2,744286.0
GLENMARK,2025-07-25,2145.0,2166.1,2132.0,2145.3,1095311.0
GLENMARK,2025-07-28,2147.0,2177.0,2136.5,2144.4,1270504.0
GLENMARK,2025-07-29,2140.0,2165.8,2120.0,2158.0,1066676.0
GLENMARK,2025-07-30,2160.0,2169.9,2144.5,2153.6,786091.0
GLENMARK,2025-07-31,2121.0,2177.7,2114.7,2134.1,994348.0
GLENMARK,2025-08-01,2133.0,2133.0,2053.7,2067.8,1484724.0
GLENMARK,2025-08-04,2067.8,2098.0,2056.4,2074.9,702572.0
GLENMARK,2025-08-05,2074.9,2077.8,2031.5,2052.6,429624.0
GLENMARK,2025-08-06,2040.0,2045.0,2005.1,2025.6,891973.0
GLENMARK,2025-08-07,2017.0,2070.4,2014.9,2062.8,487155.0
GLENMARK,2025-08-08,2065.0,2065.0,2014.0,2019.6,297540.0
GLENMARK,2025-08-11,2018.1,2064.0,2011.4,2049.3,544574.0
GLENMARK,2025-08-12,2049.3,2073.9,2035.2,2058.2,385694.0
GLENMARK,2025-08-13,2067.0,2069.3,2023.0,2029.3,466373.0
GLENMARK,2025-08-14,2039.3,2052.8,2017.0,2044.6,986277.0
GLENMARK,2025-08-18,2009.9,2042.9,1947.0,1973.9,1730646.0
GLENMARK,2025-08-19,1975.0,1979.8,1929.0,1945.8,976629.0
GLENMARK,2025-08-20,1949.0,1960.9,1918.3,1924.0,1227980.0
GLENMARK,2025-08-21,1924.0,1963.8,1901.1,1940.9,890032.0
GLENMARK,2025-08-22,1940.9,1959.5,1930.0,1937.3,466930.0
GLENMARK,2025-08-25,1940.9,1964.0,1933.0,1956.1,531826.0
GLENMARK,2025-08-26,1956.5,1976.0,1935.3,1950.7,1148175.0
GLENMARK,2025-08-28,1957.9,1960.2,1932.0,1936.9,481992.0
GLENMARK,2025-08-29,1936.0,1947.8,1910.7,1923.9,239914.0
GLENMARK,2025-09-01,1918.1,1938.8,1904.0,1926.8,415464.0
GLENMARK,2025-09-02,1926.9,1941.9,1910.6,1918.8,253254.0
GLENMARK,2025-09-03,1938.0,2009.0,1929.0,2004.4,1381575.0
GLENMARK,2025-09-04,2025.0,2026.4,1979.6,1990.9,493159.0
GLENMARK,2025-09-05,1990.9,2055.2,1990.9,2051.9,977419.0
GLENMARK,2025-09-08,2062.0,2075.9,2034.6,2051.9,842874.0
GLENMARK,2025-09-09,2073.0,2119.9,2062.0,2116.3,1269358.0
GLENMARK,2025-09-10,2112.0,2135.0,2104.0,2130.9,773741.0
GLENMARK,2025-09-11,2132.5,2146.3,2083.6,2127.7,737140.0
GLENMARK,2025-09-12,2128.0,2156.9,2117.3,2132.5,615392.0
GLENMARK,2025-09-15,2127.0,2127.0,2090.0,2099.5,546804.0
GLENMARK,2025-09-16,2099.5,2148.7,2062.1,2077.0,578050.0
GLENMARK,2025-09-17,2084.9,2084.9,2034.9,2042.4,567155.0
GLENMARK,2025-09-18,2049.9,2116.0,2049.9,2108.4,1114841.0
GLENMARK,2025-09-19,2116.0,2119.0,2078.2,2085.2,686651.0
GLENMARK,2025-09-22,2094.0,2103.4,2006.2,2017.8,710308.0
GLENMARK,2025-09-23,2020.5,2048.0,2010.5,2016.8,413502.0
GLENMARK,2025-09-24,2016.8,2050.2,2004.2,2018.6,651958.0
GLENMARK,2025-09-25,2031.6,2052.5,2023.7,2030.7,1053509.0
GLENMARK,2025-09-26,2012.0,2012.0,1956.7,1971.7,924467.0
GLENMARK,2025-09-29,1971.9,1988.5,1954.2,1958.2,554275.0
GLENMARK,2025-09-30,1965.9,1979.9,1932.0,1952.7,302233.0
GLENMARK,2025-10-01,1952.7,1973.4,1940.0,1959.2,524801.0
GLENMARK,2025-10-03,1959.2,1990.0,1950.2,1980.2,419687.0
GLENMARK,2025-10-06,1954.6,1976.7,1938.5,1971.2,346596.0
GLENMARK,2025-10-07,1970.0,1973.4,1948.1,1962.6,349591.0
GLENMARK,2025-10-08,1960.0,1970.0,1921.4,1929.3,306722.0
GLENMARK,2025-10-09,1936.0,1961.8,1931.7,1935.6,596524.0
GLENMARK,2025-10-10,1935.9,1978.2,1925.1,1939.3,867422.0
GLENMARK,2025-10-13,1935.0,1943.2,1895.1,1909.6,872789.0
GLENMARK,2025-10-14,1928.1,1928.1,1870.6,1892.8,435764.0
GLENMARK,2025-10-15,1892.0,1913.5,1876.2,1894.2,658841.0
GLENMARK,2025-10-16,1893.4,1897.8,1857.5,1864.4,1132677.0
GLENMARK,2025-10-17,1876.4,1882.7,1855.4,1861.9,247430.0
GLENMARK,2025-10-20,1858.0,1871.8,1850.7,1852.8,188567.0
GLENMARK,2025-10-21,1852.8,1871.0,1844.9,1855.4,49883.0
GLENMARK,2025-10-23,1869.0,1879.2,1845.9,1850.6,668287.0
GLENMARK,2025-10-24,1864.4,1864.4,1809.7,1818.8,536406.0
GLENMARK,2025-10-27,1815.0,1844.0,1799.3,1812.7,1249701.0
GLENMARK,2025-10-28,1822.8,1840.6,1792.6,1815.1,339261.0
GLENMARK,2025-10-29,1809.0,1850.7,1798.6,1843.3,926177.0
GLENMARK,2025-10-30,1852.5,1888.3,1824.0,1882.8,854083.0
GLENMARK,2025-10-31,1883.0,1904.8,1876.0,1891.2,398054.0
GLENMARK,2025-11-03,1889.1,1919.0,1885.2,1898.4,521647.0
GLENMARK,2025-11-04,1907.9,1907.9,1842.9,1845.1,707890.0
GLENMARK,2025-11-06,1859.9,1859.9,1805.0,1810.4,356061.0
GLENMARK,2025-11-07,1801.4,1829.4,1801.4,1811.5,553200.0
GLENMARK,2025-11-10,1820.6,1849.3,1810.4,1829.9,582091.0
GLENMARK,2025-11-11,1840.0,1846.9,1813.0,1817.3,388962.0
GLENMARK,2025-11-12,1817.0,1861.0,1807.0,1847.8,1811699.0
GLENMARK,2025-11-13,1862.1,1918.9,1845.9,1880.6,1708579.0
GLENMARK,2025-11-14,1890.0,1931.9,1855.0,1895.6,1808669.0
GLENMARK,2025-11-17,1855.1,1924.9,1810.0,1868.9,6171268.0
GLENMARK,2025-11-18,1880.0,1882.0,1818.0,1842.8,2126546.0
GLENMARK,2025-11-19,1835.5,1866.5,1832.1,1840.8,548782.0
GLENMARK,2025-11-20,1845.0,1894.8,1842.1,1878.0,1275173.0
GLENMARK,2025-11-21,1878.4,1908.0,1838.0,1844.2,943929.0
GLENMARK,2025-11-24,1844.2,1861.5,1825.1,1842.4,1430032.0
GLENMARK,2025-11-25,1842.0,1893.6,1837.0,1881.5,1017631.0
GLENMARK,2025-11-26,1880.0,1927.4,1875.6,1921.3,833315.0
GLENMARK,2025-11-27,1924.7,1958.0,1922.3,1944.0,1272760.0
GLENMARK,2025-11-28,1949.5,1958.0,1937.8,1946.2,687641.0
GLENMARK,2025-12-01,1950.0,1965.9,1923.1,1941.7,456233.0
GLENMARK,2025-12-02,1951.8,1984.0,1942.7,1978.6,1261494.0
GLENMARK,2025-12-03,1987.9,1992.9,1954.9,1965.9,1004563.0
GLENMARK,2025-12-04,1960.1,1984.9,1960.1,1973.8,414550.0
GLENMARK,2025-12-05,1964.0,1988.0,1957.0,1968.2,420804.0
GLENMARK,2025-12-08,1969.4,1978.9,1909.3,1921.9,834134.0
GLENMARK,2025-12-09,1912.0,1951.0,1892.7,1938.5,782469.0
GLENMARK,2025-12-10,1936.0,1959.7,1934.1,1950.8,489071.0
GLENMARK,2025-12-11,1945.0,1967.6,1944.3,1956.0,385727.0
GLENMARK,2025-12-12,1965.3,1979.7,1951.1,1975.0,359560.0
GLENMARK,2025-12-15,1975.0,1990.9,1950.8,1985.6,299149.0
GLENMARK,2025-12-16,1988.8,1992.4,1957.9,1966.5,497164.0
GLENMARK,2025-12-17,1976.7,1976.7,1935.4,1948.4,283822.0
GLENMARK,2025-12-18,1945.0,1959.4,1920.2,1957.1,359363.0
GLENMARK,2025-12-19,1960.0,1996.2,1952.6,1992.1,527847.0
GLENMARK,2025-12-22,1997.9,2042.7,1992.1,2038.2,706599.0
GLENMARK,2025-12-23,2041.0,2082.5,2036.5,2047.0,1403145.0
GLENMARK,2025-12-24,2050.0,2054.9,2013.8,2020.1,579266.0
GLENMARK,2025-12-26,2018.0,2025.9,2004.3,2010.6,206579.0
GLENMARK,2025-12-29,2012.0,2028.5,2000.4,2009.7,266984.0
GLENMARK,2025-12-30,2004.6,2039.0,2000.0,2029.8,2304769.0
GLENMARK,2025-12-31,2030.9,2048.4,2025.7,2035.2,360664.0
GLENMARK,2026-01-01,2034.0,2039.1,2011.0,2026.2,278356.0
GLENMARK,2026-01-02,2025.9,2073.0,2021.0,2064.5,388479.0
GLENMARK,2026-01-05,2071.5,2091.8,2031.5,2039.2,333641.0
GLENMARK,2026-01-06,2031.5,2080.8,2031.5,2074.6,223376.0
GLENMARK,2026-01-07,2076.0,2147.5,2070.7,2113.1,1278367.0
GLENMARK,2026-01-08,2122.1,2122.1,2074.0,2079.8,412000.0
GLENMARK,2026-01-09,2074.0,2079.0,1997.0,2007.2,469242.0
GLENMARK,2026-01-12,2007.2,2020.4,1967.6,2017.5,349821.0
GLENMARK,2026-01-13,2028.0,2028.0,1951.1,2008.2,831792.0
GLENMARK,2026-01-14,2025.0,2041.8,2003.3,2011.3,519013.0
GLENMARK,2026-01-16,2022.0,2028.0,1990.0,2000.7,362053.0
GLENMARK,2026-01-19,1996.0,2007.4,1980.3,1989.8,160656.0
GLENMARK,2026-01-20,1980.3,1989.8,1927.4,1935.0,410874.0
GLENMARK,2026-01-21,1927.0,1960.0,1910.1,1941.4,467805.0
GLENMARK,2026-01-22,1955.0,2009.0,1955.0,1997.2,723617.0
GLENMARK,2026-01-23,2000.0,2022.9,1961.8,1967.7,424174.0
GLENMARK,2026-01-27,1968.4,2010.0,1967.1,1999.7,458666.0
GLENMARK,2026-01-28,2011.5,2012.1,1980.0,1993.5,232602.0
GLENMARK,2026-01-29,2002.4,2022.0,1975.1,1985.6,458197.0
GLENMARK,2026-01-30,1978.7,2026.1,1928.8,2015.9,554016.0
GLENMARK,2026-02-01,2011.0,2011.0,1929.0,1940.0,377365.0
GLENMARK,2026-02-02,1935.1,1964.4,1842.0,1920.4,1487788.0
GLENMARK,2026-02-03,1995.0,2006.6,1947.6,1954.2,535670.0
GLENMARK,2026-02-04,1954.2,1992.1,1945.9,1959.3,388216.0
GLENMARK,2026-02-05,1955.2,1976.3,1926.0,1969.3,401353.0
GLENMARK,2026-02-06,1969.3,1969.3,1911.0,1934.8,490999.0
GLENMARK,2026-02-09,1958.0,1979.9,1941.4,1974.4,399133.0
GLENMARK,2026-02-10,2000.0,2000.1,1953.4,1958.0,278908.0
GLENMARK,2026-02-11,1959.9,2018.9,1949.9,2015.2,548543.0
GLENMARK,2026-02-12,2020.0,2039.0,2001.1,2034.5,339344.0
GLENMARK,2026-02-13,2034.0,2047.9,1992.0,1997.6,865050.0
GLENMARK,2026-02-16,1997.6,2037.4,1988.0,2030.5,642831.0
GLENMARK,2026-02-17,2028.9,2046.9,2021.8,2038.8,201758.0
GLENMARK,2026-02-18,2038.0,2044.5,2009.0,2030.2,352158.0
GLENMARK,2026-02-19,2028.0,2057.0,2005.0,2016.7,360960.0
GLENMARK,2026-02-20,2005.0,2049.8,1999.2,2043.2,308348.0
GLENMARK,2026-02-23,2043.2,2053.6,2021.8,2039.2,294221.0
GLENMARK,2026-02-24,2028.5,2078.5,2025.4,2058.6,372423.0
GLENMARK,2026-02-25,2070.0,2092.3,2061.0,2085.0,455454.0
GLENMARK,2026-02-26,2080.0,2139.0,2080.0,2124.3,516226.0
GLENMARK,2026-02-27,2125.6,2159.8,2116.4,2136.7,616213.0
GLENMARK,2026-03-02,2112.5,2149.9,2094.4,2123.3,316016.0
GLENMARK,2026-03-04,2106.3,2110.5,2031.1,2039.7,414944.0
GLENMARK,2026-03-05,2042.2,2118.9,2042.2,2108.9,523392.0
GLENMARK,2026-03-06,2094.4,2138.0,2094.4,2124.4,431504.0
GLENMARK,2026-03-09,2100.0,2124.8,2050.2,2117.6,304629.0
GLENMARK,2026-03-10,2140.0,2240.0,2130.4,2225.8,1554898.0
GLENMARK,2026-03-11,2243.0,2297.9,2228.0,2272.7,920351.0
GLENMARK,2026-03-12,2273.2,2273.2,2215.4,2256.4,996025.0
GLENMARK,2026-03-13,2242.0,2266.0,2163.7,2170.7,516548.0
GLENMARK,2026-03-16,2172.5,2214.8,2145.0,2175.4,528614.0
GLENMARK,2026-03-17,2179.9,2184.7,2136.0,2145.9,773805.0
GLENMARK,2026-03-18,2145.9,2237.6,2143.1,2186.3,882940.0
GLENMARK,2026-03-19,2174.0,2176.6,2087.4,2097.5,465494.0
GLENMARK,2026-03-20,2114.1,2190.9,2110.1,2180.1,596886.0
GLENMARK,2026-03-23,2170.0,2170.0,2079.9,2089.0,408786.0
GLENMARK,2026-03-24,2103.0,2137.1,2078.3,2095.7,540486.0
GLENMARK,2026-03-25,2120.0,2179.7,2102.4,2168.5,446774.0
GLENMARK,2026-03-27,2168.5,2188.4,2146.6,2170.5,743776.0
GLENMARK,2026-03-30,2169.5,2170.8,2108.7,2131.7,1198064.0
GLENMARK,2026-04-01,2180.0,2238.4,2085.0,2101.1,1011784.0
GLENMARK,2026-04-02,2085.0,2098.4,1966.5,2091.8,970078.0
GLENMARK,2026-04-06,2079.3,2112.8,2036.7,2104.8,582698.0
GLENMARK,2026-04-07,2100.0,2138.0,2068.2,2114.1,387544.0
GLENMARK,2026-04-08,2165.0,2187.0,2129.6,2173.5,544557.0
GLENMARK,2026-04-09,2173.5,2186.2,2142.0,2169.1,612817.0
GLENMARK,2026-04-10,2173.9,2198.9,2148.9,2163.2,669385.0
GLENMARK,2026-04-13,2153.4,2205.0,2115.1,2193.1,724078.0
GLENMARK,2026-04-15,2230.9,2265.0,2205.0,2258.4,616653.0
GLENMARK,2026-04-16,2267.0,2273.8,2228.6,2249.5,434249.0
GLENMARK,2026-04-17,2249.5,2274.9,2240.9,2249.5,366026.0
GLENMARK,2026-04-20,2249.5,2250.5,2210.5,2230.7,407547.0
GLENMARK,2026-04-21,2221.9,2245.0,2215.2,2233.1,254906.0
GLENMARK,2026-04-22,2233.1,2247.0,2204.8,2240.0,323261.0
GLENMARK,2026-04-23,2247.9,2359.4,2212.1,2335.0,1703667.0
GLENMARK,2026-04-24,2351.0,2372.8,2283.2,2299.5,838461.0
GLENMARK,2026-04-27,2312.0,2339.9,2290.9,2325.1,462955.0
GLENMARK,2026-04-28,2328.1,2427.4,2327.3,2403.7,1537658.0
GLENMARK,2026-04-29,2418.7,2474.0,2403.7,2413.9,616900.0
GLENMARK,2026-04-30,2400.1,2455.9,2385.6,2406.3,792796.0
GLENMARK,2026-05-04,2434.3,2438.8,2382.6,2393.7,451086.0
GLENMARK,2026-05-05,2384.3,2430.0,2360.0,2417.9,917832.0
GLENMARK,2026-05-06,2435.0,2440.0,2354.9,2377.6,1108754.0
GLENMARK,2026-05-07,2390.0,2404.0,2355.7,2371.6,426469.0
GLENMARK,2026-05-08,2350.0,2384.9,2315.8,2366.4,702435.0
GLENMARK,2026-05-11,2356.5,2368.8,2317.7,2347.3,829523.0
GLENMARK,2026-05-12,2340.9,2340.9,2244.0,2257.1,759205.0
GLENMARK,2026-05-13,2245.2,2326.5,2245.2,2277.6,1014123.0
GLENMARK,2026-05-14,2300.0,2350.4,2292.6,2340.6,965814.0
GLENMARK,2026-05-15,2345.9,2367.9,2317.1,2325.9,257072.0
GLENMARK,2026-05-18,2329.7,2353.3,2301.0,2339.9,429194.0
GLENMARK,2026-05-19,2351.5,2413.5,2335.0,2405.9,855987.0
GLENMARK,2026-05-20,2410.2,2427.0,2370.0,2379.0,973567.0
GLENMARK,2026-05-21,2395.0,2407.8,2372.0,2393.0,381349.0
GLENMARK,2026-05-22,2390.0,2413.9,2226.3,2259.1,1593969.0
GLENMARK,2026-05-25,2268.1,2363.4,2268.1,2337.0,809409.0
GLENMARK,2026-05-26,2318.0,2373.0,2317.9,2351.4,479694.0
GNFC,2025-05-21,508.5,508.5,494.4,498.85,408355.0
GNFC,2025-05-22,498.0,510.75,497.9,509.2,478293.0
GNFC,2025-05-23,511.0,514.7,502.5,513.4,699090.0
GNFC,2025-05-26,527.0,553.65,525.0,546.4,9602741.0
GNFC,2025-05-27,549.95,558.0,541.7,547.85,2205304.0
GNFC,2025-05-28,550.0,554.05,545.15,547.15,850421.0
GNFC,2025-05-29,548.6,557.7,542.45,544.4,829736.0
GNFC,2025-05-30,546.4,547.35,530.1,535.45,706798.0
GNFC,2025-06-02,536.0,538.95,528.1,535.4,446849.0
GNFC,2025-06-03,536.7,557.5,533.65,551.35,1870927.0
GNFC,2025-06-04,555.0,562.9,545.8,548.65,874224.0
GNFC,2025-06-05,550.4,557.5,545.0,546.15,455556.0
GNFC,2025-06-06,547.0,551.0,543.1,547.0,299178.0
GNFC,2025-06-09,549.0,559.0,545.15,553.7,853502.0
GNFC,2025-06-10,555.0,556.85,551.0,552.1,283103.0
GNFC,2025-06-11,553.5,559.6,546.75,552.5,552150.0
GNFC,2025-06-12,555.4,560.0,539.1,541.45,588799.0
GNFC,2025-06-13,530.4,542.0,525.0,536.0,318754.0
GNFC,2025-06-16,537.0,541.65,527.25,539.25,355503.0
GNFC,2025-06-17,539.25,548.7,536.7,539.75,428542.0
GNFC,2025-06-18,539.0,541.45,529.0,531.35,289268.0
GNFC,2025-06-19,531.35,535.0,518.0,519.35,486971.0
GNFC,2025-06-20,519.4,526.5,513.15,522.85,333143.0
GNFC,2025-06-23,519.0,529.85,517.25,528.55,269774.0
GNFC,2025-06-24,532.35,539.8,531.0,538.15,345105.0
GNFC,2025-06-25,541.0,557.6,538.5,553.65,710558.0
GNFC,2025-06-26,556.5,558.6,546.1,550.05,358183.0
GNFC,2025-06-27,552.1,556.0,544.6,546.2,643073.0
GNFC,2025-06-30,550.1,557.05,549.2,553.0,354502.0
GNFC,2025-07-01,554.05,571.55,553.45,568.9,1967724.0
GNFC,2025-07-02,572.25,573.75,559.0,561.1,661791.0
GNFC,2025-07-03,561.95,566.0,557.15,558.8,386261.0
GNFC,2025-07-04,559.9,561.55,554.4,558.35,245485.0
GNFC,2025-07-07,560.9,561.85,551.0,552.15,258090.0
GNFC,2025-07-08,553.95,560.1,550.25,555.25,271872.0
GNFC,2025-07-09,553.65,556.85,547.4,550.2,265008.0
GNFC,2025-07-10,551.0,553.6,544.0,545.85,195774.0
GNFC,2025-07-11,545.6,546.75,537.3,539.1,193658.0
GNFC,2025-07-14,537.0,540.95,533.2,535.6,143501.0
GNFC,2025-07-15,537.4,552.7,537.4,551.1,431531.0
GNFC,2025-07-16,554.0,554.3,546.05,548.7,184798.0
GNFC,2025-07-17,548.55,549.9,545.05,547.55,175197.0
GNFC,2025-07-18,547.6,549.35,540.1,545.85,236601.0
GNFC,2025-07-21,551.4,556.0,545.3,546.55,281593.0
GNFC,2025-07-22,549.4,550.0,543.55,545.5,147558.0
GNFC,2025-07-23,545.95,555.9,542.9,552.9,335585.0
GNFC,2025-07-24,555.0,560.0,549.4,551.4,326359.0
GNFC,2025-07-25,551.3,551.95,536.6,538.4,291154.0
GNFC,2025-07-28,537.5,541.45,528.35,531.35,203295.0
GNFC,2025-07-29,528.0,548.0,528.0,540.0,530232.0
GNFC,2025-07-30,540.0,555.0,540.0,546.2,286202.0
GNFC,2025-07-31,540.65,545.3,536.75,540.8,224883.0
GNFC,2025-08-01,540.8,553.85,533.05,535.05,380095.0
GNFC,2025-08-04,540.0,545.0,533.45,539.75,203713.0
GNFC,2025-08-05,540.2,551.3,537.8,545.75,349374.0
GNFC,2025-08-06,550.0,552.0,541.1,544.95,285872.0
GNFC,2025-08-07,524.0,524.0,499.2,503.25,2336612.0
GNFC,2025-08-08,507.4,508.95,492.2,498.25,676436.0
GNFC,2025-08-11,499.0,504.25,493.0,498.5,282207.0
GNFC,2025-08-12,500.0,506.75,497.05,503.1,324714.0
GNFC,2025-08-13,504.0,508.9,503.75,506.6,237358.0
GNFC,2025-08-14,506.0,508.95,498.55,501.6,183333.0
GNFC,2025-08-18,508.9,509.85,501.65,508.2,262392.0
GNFC,2025-08-19,510.0,519.5,509.1,518.9,368031.0
GNFC,2025-08-20,519.25,531.4,519.25,528.7,480388.0
GNFC,2025-08-21,530.5,536.25,529.1,532.55,271916.0
GNFC,2025-08-22,533.0,537.9,529.1,531.55,290295.0
GNFC,2025-08-25,534.25,535.95,529.5,530.25,307973.0
GNFC,2025-08-26,530.25,533.7,524.95,526.35,453162.0
GNFC,2025-08-28,527.4,527.55,518.0,520.9,309158.0
GNFC,2025-08-29,522.0,526.15,517.7,522.75,364516.0
GNFC,2025-09-01,526.1,539.0,524.5,537.45,831216.0
GNFC,2025-09-02,520.0,525.75,516.1,519.9,708542.0
GNFC,2025-09-03,519.8,523.2,514.5,519.0,344981.0
GNFC,2025-09-04,523.4,525.0,513.05,514.8,238585.0
GNFC,2025-09-05,515.5,516.95,502.55,504.45,365054.0
GNFC,2025-09-08,508.9,510.9,503.3,504.55,168793.0
GNFC,2025-09-09,506.5,508.0,502.05,505.45,151042.0
GNFC,2025-09-10,505.55,510.0,504.9,507.1,136945.0
GNFC,2025-09-11,507.9,514.45,505.55,506.75,228329.0
GNFC,2025-09-12,508.05,511.0,504.15,505.45,134237.0
GNFC,2025-09-15,508.0,508.95,504.55,506.0,123090.0
GNFC,2025-09-16,507.6,509.0,504.3,507.9,144033.0
GNFC,2025-09-17,509.9,512.8,506.55,507.75,232465.0
GNFC,2025-09-18,509.8,517.7,506.4,516.2,482639.0
GNFC,2025-09-19,516.2,518.7,511.35,513.0,318731.0
GNFC,2025-09-22,510.1,513.6,506.0,506.7,179655.0
GNFC,2025-09-23,508.0,509.4,503.0,503.65,138106.0
GNFC,2025-09-24,503.65,504.9,500.3,501.25,158142.0
GNFC,2025-09-25,500.4,503.6,496.15,502.25,248353.0
GNFC,2025-09-26,503.9,503.9,490.6,497.3,249761.0
GNFC,2025-09-29,497.3,514.0,485.3,494.5,1220219.0
GNFC,2025-09-30,494.0,497.25,488.0,491.0,251058.0
GNFC,2025-10-01,490.8,497.0,489.5,496.2,180788.0
GNFC,2025-10-03,498.0,503.35,497.15,502.3,157727.0
GNFC,2025-10-06,498.1,504.25,495.0,496.45,256043.0
GNFC,2025-10-07,497.05,498.6,493.0,496.8,217257.0
GNFC,2025-10-08,496.0,497.7,492.8,494.6,157101.0
GNFC,2025-10-09,494.4,498.3,491.0,496.9,151660.0
GNFC,2025-10-10,497.0,503.1,495.05,498.0,153515.0
GNFC,2025-10-13,495.85,499.9,493.2,498.25,114219.0
GNFC,2025-10-14,498.4,499.5,490.0,490.5,130379.0
GNFC,2025-10-15,495.0,505.95,489.3,501.85,287223.0
GNFC,2025-10-16,501.9,507.4,500.0,501.35,166488.0
GNFC,2025-10-17,501.05,502.25,495.15,496.7,95573.0
GNFC,2025-10-20,500.0,500.0,493.25,497.65,144919.0
GNFC,2025-10-21,495.3,501.5,495.3,499.0,25958.0
GNFC,2025-10-23,499.0,504.9,498.05,501.35,129868.0
GNFC,2025-10-24,501.15,501.15,495.35,497.4,145003.0
GNFC,2025-10-27,499.0,500.5,495.85,499.45,99953.0
GNFC,2025-10-28,499.6,511.3,499.05,509.3,335201.0
GNFC,2025-10-29,513.0,514.7,507.5,508.75,231430.0
GNFC,2025-10-30,508.8,512.0,504.95,508.25,136062.0
GNFC,2025-10-31,505.1,507.0,500.1,502.95,124523.0
GNFC,2025-11-03,500.15,508.0,500.15,506.35,121242.0
GNFC,2025-11-04,506.5,507.95,495.45,496.3,144859.0
GNFC,2025-11-06,497.25,499.4,488.05,490.3,142527.0
GNFC,2025-11-07,488.0,494.25,482.5,490.65,131860.0
GNFC,2025-11-10,490.95,497.2,490.15,492.3,101449.0
GNFC,2025-11-11,492.3,496.65,490.65,493.35,130318.0
GNFC,2025-11-12,496.8,521.0,494.65,519.45,993941.0
GNFC,2025-11-13,516.05,526.4,513.05,516.35,1045519.0
GNFC,2025-11-14,517.55,523.6,501.8,504.5,456564.0
GNFC,2025-11-17,504.6,507.05,500.1,500.95,252874.0
GNFC,2025-11-18,501.35,502.8,495.0,497.7,170936.0
GNFC,2025-11-19,497.7,498.45,492.5,493.85,133238.0
GNFC,2025-11-20,495.1,496.4,491.0,491.75,101005.0
GNFC,2025-11-21,491.0,494.65,489.55,492.3,125838.0
GNFC,2025-11-24,493.9,497.95,486.15,487.9,178764.0
GNFC,2025-11-25,487.9,489.3,483.5,485.15,129529.0
GNFC,2025-11-26,485.25,489.65,482.75,489.0,167380.0
GNFC,2025-11-27,489.65,499.2,488.3,496.55,166007.0
GNFC,2025-11-28,496.7,498.95,491.5,497.95,188596.0
GNFC,2025-12-01,497.95,504.0,497.05,502.35,186192.0
GNFC,2025-12-02,503.45,503.45,496.6,501.6,88067.0
GNFC,2025-12-03,502.0,505.4,495.45,504.0,202171.0
GNFC,2025-12-04,502.0,508.5,501.1,503.45,210201.0
GNFC,2025-12-05,504.0,506.0,498.55,502.7,133685.0
GNFC,2025-12-08,502.6,502.6,496.15,498.45,244809.0
GNFC,2025-12-09,495.0,510.95,493.65,501.25,670373.0
GNFC,2025-12-10,497.8,505.9,491.0,494.4,154916.0
GNFC,2025-12-11,495.0,495.0,488.15,489.85,126903.0
GNFC,2025-12-12,492.95,494.0,489.45,490.85,101091.0
GNFC,2025-12-15,491.0,499.9,490.65,494.5,183265.0
GNFC,2025-12-16,492.6,497.4,490.1,491.95,182062.0
GNFC,2025-12-17,492.9,495.05,488.25,490.05,82566.0
GNFC,2025-12-18,491.5,492.1,485.05,487.9,112753.0
GNFC,2025-12-19,491.25,491.25,485.05,485.85,144791.0
GNFC,2025-12-22,489.7,491.7,487.3,488.5,137693.0
GNFC,2025-12-23,489.05,494.8,488.35,489.4,160056.0
GNFC,2025-12-24,494.3,496.8,486.8,489.0,220806.0
GNFC,2025-12-26,490.1,495.05,486.5,487.85,197128.0
GNFC,2025-12-29,487.8,501.9,487.8,494.05,255071.0
GNFC,2025-12-30,492.1,495.4,484.05,485.25,363709.0
GNFC,2025-12-31,485.25,494.7,485.25,493.75,249740.0
GNFC,2026-01-01,493.75,495.0,489.05,490.5,56384.0
GNFC,2026-01-02,491.05,494.0,488.05,493.55,121684.0
GNFC,2026-01-05,493.55,498.75,489.4,491.4,150376.0
GNFC,2026-01-06,492.5,492.5,486.05,487.0,107069.0
GNFC,2026-01-07,488.25,489.7,485.2,487.2,106567.0
GNFC,2026-01-08,485.15,490.9,481.8,483.4,128851.0
GNFC,2026-01-09,481.8,484.05,475.5,478.85,128511.0
GNFC,2026-01-12,479.95,480.7,469.4,473.5,189717.0
GNFC,2026-01-13,478.0,479.45,472.55,474.4,93092.0
GNFC,2026-01-14,473.25,484.05,473.25,482.45,101805.0
GNFC,2026-01-16,483.0,484.5,475.95,477.4,110652.0
GNFC,2026-01-19,480.95,480.95,465.1,468.4,156128.0
GNFC,2026-01-20,468.2,468.4,454.5,458.45,217209.0
GNFC,2026-01-21,455.0,456.45,442.45,444.55,293275.0
GNFC,2026-01-22,457.7,457.7,448.8,451.6,136121.0
GNFC,2026-01-23,451.6,467.8,451.4,464.2,316135.0
GNFC,2026-01-27,466.0,466.0,450.25,455.5,228033.0
GNFC,2026-01-28,455.6,473.0,455.6,471.05,151794.0
GNFC,2026-01-29,471.0,472.8,465.05,468.5,124185.0
GNFC,2026-01-30,464.8,472.45,460.5,466.8,301433.0
GNFC,2026-02-01,469.8,473.7,457.0,459.75,136754.0
GNFC,2026-02-02,460.0,474.0,454.75,468.7,162703.0
GNFC,2026-02-03,479.0,481.2,465.1,468.35,179650.0
GNFC,2026-02-04,468.35,471.8,463.0,469.0,135080.0
GNFC,2026-02-05,472.0,473.05,464.05,465.8,106046.0
GNFC,2026-02-06,465.5,466.8,462.0,464.1,90660.0
GNFC,2026-02-09,467.95,483.0,466.5,480.5,245994.0
GNFC,2026-02-10,482.9,491.25,482.15,489.2,272472.0
GNFC,2026-02-11,486.0,487.05,474.0,477.7,303509.0
GNFC,2026-02-12,476.0,477.3,468.35,469.9,104735.0
GNFC,2026-02-13,467.5,472.85,463.1,466.95,127900.0
GNFC,2026-02-16,464.0,464.95,456.55,460.05,112958.0
GNFC,2026-02-17,460.1,469.9,458.0,468.15,107442.0
GNFC,2026-02-18,471.15,471.15,464.3,467.8,70713.0
GNFC,2026-02-19,468.65,469.2,459.05,461.2,85431.0
GNFC,2026-02-20,460.2,467.95,457.0,464.2,100610.0
GNFC,2026-02-23,463.55,467.0,460.05,462.55,98097.0
GNFC,2026-02-24,460.15,461.2,454.75,457.55,97216.0
GNFC,2026-02-25,459.75,462.0,456.05,457.6,121996.0
GNFC,2026-02-26,458.0,461.0,456.0,457.25,96964.0
GNFC,2026-02-27,458.2,458.3,452.55,454.9,104202.0
GNFC,2026-03-02,436.95,450.6,436.95,441.1,205543.0
GNFC,2026-03-04,435.0,436.8,423.25,428.95,292334.0
GNFC,2026-03-05,427.05,434.8,425.3,433.1,241946.0
GNFC,2026-03-06,430.0,435.85,428.3,431.3,142603.0
GNFC,2026-03-09,419.6,419.6,405.45,409.35,420150.0
GNFC,2026-03-10,416.6,436.9,408.25,433.85,820771.0
GNFC,2026-03-11,435.0,441.5,422.9,425.15,262432.0
GNFC,2026-03-12,422.0,443.45,415.65,433.0,354187.0
GNFC,2026-03-13,430.0,437.7,422.35,426.15,215478.0
GNFC,2026-03-16,426.15,426.55,412.2,417.7,222709.0
GNFC,2026-03-17,419.0,419.0,409.75,412.4,373226.0
GNFC,2026-03-18,414.0,425.2,411.7,420.6,259537.0
GNFC,2026-03-19,418.0,419.0,409.0,410.0,147388.0
GNFC,2026-03-20,411.4,418.0,405.0,407.05,281919.0
GNFC,2026-03-23,406.65,406.65,380.0,383.45,450953.0
GNFC,2026-03-24,390.7,396.0,384.35,391.1,368363.0
GNFC,2026-03-25,393.0,403.0,391.55,398.7,319815.0
GNFC,2026-03-27,398.7,399.05,383.0,385.5,564017.0
GNFC,2026-03-30,385.0,385.5,365.0,366.45,614525.0
GNFC,2026-04-01,372.0,392.95,371.95,391.25,310175.0
GNFC,2026-04-02,384.0,400.75,375.6,398.7,305874.0
GNFC,2026-04-06,400.25,406.5,392.2,405.05,257630.0
GNFC,2026-04-07,405.0,409.75,400.0,406.3,167596.0
GNFC,2026-04-08,421.0,422.2,413.35,419.3,368424.0
GNFC,2026-04-09,423.0,438.15,421.85,428.5,510786.0
GNFC,2026-04-10,428.5,436.9,427.5,432.5,210343.0
GNFC,2026-04-13,426.0,442.65,419.8,439.7,401380.0
GNFC,2026-04-15,445.25,454.4,444.1,450.35,348446.0
GNFC,2026-04-16,457.0,466.4,451.0,463.05,352816.0
GNFC,2026-04-17,465.0,496.8,464.0,489.7,1006375.0
GNFC,2026-04-20,492.0,492.9,478.05,481.25,403018.0
GNFC,2026-04-21,482.2,490.1,479.1,483.3,242833.0
GNFC,2026-04-22,484.55,490.0,483.1,488.5,232135.0
GNFC,2026-04-23,487.1,491.0,481.5,481.95,170577.0
GNFC,2026-04-24,486.0,486.0,465.9,468.45,278008.0
GNFC,2026-04-27,471.45,478.9,470.5,474.85,135387.0
GNFC,2026-04-28,474.0,477.0,471.85,475.25,163531.0
GNFC,2026-04-29,475.6,482.7,473.95,474.9,299222.0
GNFC,2026-04-30,474.7,476.25,466.0,469.3,161713.0
GNFC,2026-05-04,472.0,479.0,469.7,476.2,127478.0
GNFC,2026-05-05,480.0,491.4,477.5,483.2,417655.0
GNFC,2026-05-06,485.55,506.0,485.55,498.35,984156.0
GNFC,2026-05-07,502.0,504.0,495.0,501.15,321459.0
GNFC,2026-05-08,502.0,506.7,492.9,496.15,364536.0
GNFC,2026-05-11,497.85,497.85,482.35,485.0,291217.0
GNFC,2026-05-12,484.5,484.5,467.9,470.15,368240.0
GNFC,2026-05-13,472.0,496.0,471.15,489.95,425977.0
GNFC,2026-05-14,499.0,521.7,499.0,519.95,2313324.0
GNFC,2026-05-15,524.0,531.0,512.65,514.35,899687.0
GNFC,2026-05-18,512.0,523.8,505.8,519.1,843765.0
GNFC,2026-05-19,532.9,552.0,526.0,545.95,6491479.0
GNFC,2026-05-20,539.0,540.8,519.1,520.45,1011023.0
GNFC,2026-05-21,522.0,526.8,508.7,522.2,826335.0
GNFC,2026-05-22,522.9,526.9,504.9,506.6,506308.0
GNFC,2026-05-25,513.0,525.0,510.1,515.05,510218.0
GNFC,2026-05-26,515.05,523.0,513.9,517.25,264821.0
GOLDBEES,2025-05-21,80.17,80.17,79.28,79.5,39202827.0
GOLDBEES,2025-05-22,80.42,80.42,79.72,79.81,22193709.0
GOLDBEES,2025-05-23,79.97,79.97,79.43,79.51,37141110.0
GOLDBEES,2025-05-26,79.51,80.55,79.5,79.77,9375536.0
GOLDBEES,2025-05-27,80.52,80.52,77.38,79.56,10765565.0
GOLDBEES,2025-05-28,81.95,81.95,79.5,80.06,7535695.0
GOLDBEES,2025-05-29,79.74,79.74,78.98,79.1,13431765.0
GOLDBEES,2025-05-30,79.99,79.99,78.63,79.49,7156040.0
GOLDBEES,2025-06-02,80.9,80.9,79.42,80.52,13512153.0
GOLDBEES,2025-06-03,82.5,82.5,80.63,80.97,13059856.0
GOLDBEES,2025-06-04,81.77,82.47,80.97,81.31,15171863.0
GOLDBEES,2025-06-05,83.75,83.75,80.87,81.73,14131710.0
GOLDBEES,2025-06-06,81.95,81.95,79.9,81.23,12138184.0
GOLDBEES,2025-06-09,80.82,80.89,79.9,80.48,15146871.0
GOLDBEES,2025-06-10,80.38,80.7,79.9,80.61,11925279.0
GOLDBEES,2025-06-11,82.4,82.4,80.32,80.76,8051051.0
GOLDBEES,2025-06-12,82.38,82.38,80.78,81.39,18066096.0
GOLDBEES,2025-06-13,83.83,83.83,82.2,83.13,27039436.0
GOLDBEES,2025-06-16,84.2,84.2,82.9,83.09,18775047.0
GOLDBEES,2025-06-17,84.2,84.2,82.2,82.56,12596527.0
GOLDBEES,2025-06-18,84.3,84.3,81.79,82.79,12087747.0
GOLDBEES,2025-06-19,82.5,85.0,82.14,82.79,15703694.0
GOLDBEES,2025-06-20,82.0,83.7,82.0,82.23,15087436.0
GOLDBEES,2025-06-23,83.33,83.33,82.03,82.66,15182442.0
GOLDBEES,2025-06-24,81.39,82.28,80.9,80.98,24233699.0
GOLDBEES,2025-06-25,80.5,81.29,80.33,81.11,17506743.0
GOLDBEES,2025-06-26,81.39,81.39,80.97,81.12,8182454.0
GOLDBEES,2025-06-27,80.55,80.55,79.74,79.81,22817337.0
GOLDBEES,2025-06-30,82.2,82.2,79.54,79.99,19072979.0
GOLDBEES,2025-07-01,80.95,81.1,80.4,81.05,11297138.0
GOLDBEES,2025-07-02,81.17,81.21,80.3,81.11,9539592.0
GOLDBEES,2025-07-03,81.38,81.49,80.93,81.01,9720543.0
GOLDBEES,2025-07-04,81.45,81.56,80.7,80.89,17710116.0
GOLDBEES,2025-07-07,80.9,81.21,80.1,80.53,10209093.0
GOLDBEES,2025-07-08,81.54,81.54,80.55,80.78,5817233.0
GOLDBEES,2025-07-09,83.2,84.78,79.0,80.03,11192504.0
GOLDBEES,2025-07-10,80.33,80.82,80.33,80.71,8228993.0
GOLDBEES,2025-07-11,80.9,81.25,79.95,81.15,11410048.0
GOLDBEES,2025-07-14,82.5,82.65,81.54,81.88,11698807.0
GOLDBEES,2025-07-15,83.2,83.2,79.9,81.67,8360802.0
GOLDBEES,2025-07-16,81.32,81.4,81.05,81.35,6749799.0
GOLDBEES,2025-07-17,83.79,83.79,80.5,81.16,6177627.0
GOLDBEES,2025-07-18,82.57,82.57,79.9,81.73,7566902.0
GOLDBEES,2025-07-21,84.18,84.18,80.5,82.13,11329166.0
GOLDBEES,2025-07-22,84.59,84.59,79.67,82.77,12020232.0
GOLDBEES,2025-07-23,83.77,83.85,83.19,83.75,19504795.0
GOLDBEES,2025-07-24,84.7,84.7,81.5,82.3,13659785.0
GOLDBEES,2025-07-25,82.6,82.6,81.92,82.1,14936984.0
GOLDBEES,2025-07-28,83.89,83.89,81.71,82.03,12693127.0
GOLDBEES,2025-07-29,84.49,84.49,81.24,81.91,11346333.0
GOLDBEES,2025-07-30,82.58,82.58,82.05,82.39,12808210.0
GOLDBEES,2025-07-31,82.18,82.4,80.0,82.2,12478359.0
GOLDBEES,2025-08-01,84.67,84.67,81.05,81.95,21880995.0
GOLDBEES,2025-08-04,83.99,83.99,82.71,83.23,13190272.0
GOLDBEES,2025-08-05,82.56,84.2,82.46,83.61,14398331.0
GOLDBEES,2025-08-06,84.2,84.2,83.36,83.44,10881908.0
GOLDBEES,2025-08-07,84.6,84.6,80.5,83.94,13106067.0
GOLDBEES,2025-08-08,84.5,84.63,84.05,84.36,15307482.0
GOLDBEES,2025-08-11,83.84,83.84,83.07,83.23,15158564.0
GOLDBEES,2025-08-12,84.0,84.0,82.5,82.98,11159030.0
GOLDBEES,2025-08-13,82.0,83.4,82.0,83.19,9115427.0
GOLDBEES,2025-08-14,84.4,84.4,82.65,83.14,10248043.0
GOLDBEES,2025-08-18,83.5,84.18,82.35,82.75,13537860.0
GOLDBEES,2025-08-19,83.25,83.25,82.27,82.31,10261966.0
GOLDBEES,2025-08-20,84.78,84.78,81.82,82.08,11629206.0
GOLDBEES,2025-08-21,80.02,84.15,80.02,82.55,9354226.0
GOLDBEES,2025-08-22,83.2,84.0,82.3,82.62,11214757.0
GOLDBEES,2025-08-25,83.93,83.93,83.0,83.5,11009873.0
GOLDBEES,2025-08-26,86.01,86.01,83.1,83.83,11781538.0
GOLDBEES,2025-08-28,84.2,84.46,83.63,84.42,13982686.0
GOLDBEES,2025-08-29,84.42,85.5,83.42,85.34,17611333.0
GOLDBEES,2025-09-01,86.76,87.27,86.45,86.61,37752097.0
GOLDBEES,2025-09-02,87.4,87.4,84.44,86.61,20987243.0
GOLDBEES,2025-09-03,87.48,88.0,87.22,87.88,18818564.0
GOLDBEES,2025-09-04,88.9,88.9,87.54,88.16,19469254.0
GOLDBEES,2025-09-05,88.16,89.89,87.15,88.65,17854891.0
GOLDBEES,2025-09-08,89.29,90.08,88.65,89.98,25737386.0
GOLDBEES,2025-09-09,90.16,92.9,90.16,91.17,36086737.0
GOLDBEES,2025-09-10,91.8,92.4,90.51,90.9,29134766.0
GOLDBEES,2025-09-11,90.0,90.9,89.92,90.62,19825329.0
GOLDBEES,2025-09-12,91.6,91.6,91.0,91.26,20999165.0
GOLDBEES,2025-09-15,93.0,93.0,90.8,90.92,21822478.0
GOLDBEES,2025-09-16,92.62,92.62,91.03,92.27,22759828.0
GOLDBEES,2025-09-17,91.9,91.98,90.96,91.25,29420335.0
GOLDBEES,2025-09-18,92.3,92.3,90.45,91.6,23017317.0
GOLDBEES,2025-09-19,92.8,92.8,91.01,91.29,14943516.0
GOLDBEES,2025-09-22,92.0,93.21,91.43,93.14,29191689.0
GOLDBEES,2025-09-23,94.13,95.38,93.0,95.13,36910438.0
GOLDBEES,2025-09-24,95.9,97.5,94.51,94.64,35825570.0
GOLDBEES,2025-09-25,97.0,97.0,93.47,94.43,31941819.0
GOLDBEES,2025-09-26,93.39,96.2,93.39,94.22,30115973.0
GOLDBEES,2025-09-29,94.8,95.96,94.34,95.9,34621491.0
GOLDBEES,2025-09-30,97.74,97.74,95.32,95.85,51685690.0
GOLDBEES,2025-10-01,97.6,97.79,95.85,97.63,35428401.0
GOLDBEES,2025-10-03,96.88,97.49,96.51,97.07,44922680.0
GOLDBEES,2025-10-06,98.2,99.8,97.35,99.22,57326883.0
GOLDBEES,2025-10-07,99.22,100.18,99.05,99.66,53314468.0
GOLDBEES,2025-10-08,100.1,101.94,99.7,101.69,57364133.0
GOLDBEES,2025-10-09,102.6,102.6,100.39,101.47,57014951.0
GOLDBEES,2025-10-10,100.0,101.0,99.03,100.67,50044730.0
GOLDBEES,2025-10-13,102.6,102.75,101.6,102.65,50586865.0
GOLDBEES,2025-10-14,105.73,105.75,103.3,105.09,85463491.0
GOLDBEES,2025-10-15,105.2,106.23,104.91,105.29,76144009.0
GOLDBEES,2025-10-16,105.35,106.2,104.76,105.37,56566354.0
GOLDBEES,2025-10-17,105.73,108.69,105.73,108.11,62619301.0
GOLDBEES,2025-10-20,106.9,106.9,103.9,105.14,116061717.0
GOLDBEES,2025-10-21,108.21,108.21,104.09,105.69,21802659.0
GOLDBEES,2025-10-23,105.2,105.2,95.55,101.7,93781372.0
GOLDBEES,2025-10-24,101.12,102.24,100.0,100.42,45384572.0
GOLDBEES,2025-10-27,100.75,101.21,99.83,100.14,57197149.0
GOLDBEES,2025-10-28,99.98,99.98,96.6,96.84,70686340.0
GOLDBEES,2025-10-29,98.0,100.14,98.0,99.95,42880758.0
GOLDBEES,2025-10-30,99.26,100.1,97.3,99.68,42611116.0
GOLDBEES,2025-10-31,99.76,100.5,99.42,100.02,27796134.0
GOLDBEES,2025-11-03,100.02,100.7,99.72,100.05,23319552.0
GOLDBEES,2025-11-04,99.83,99.98,99.03,99.8,24923826.0
GOLDBEES,2025-11-06,99.13,100.2,99.13,100.07,20330108.0
GOLDBEES,2025-11-07,99.98,100.07,99.33,99.94,18104481.0
GOLDBEES,2025-11-10,101.19,101.85,100.46,101.7,30575428.0
GOLDBEES,2025-11-11,102.83,103.72,102.8,103.29,33803897.0
GOLDBEES,2025-11-12,102.98,102.98,102.15,102.69,29596247.0
GOLDBEES,2025-11-13,104.16,105.46,104.16,105.37,33205778.0
GOLDBEES,2025-11-14,105.12,105.12,103.56,103.81,28533187.0
GOLDBEES,2025-11-17,103.36,103.36,101.0,101.94,27817135.0
GOLDBEES,2025-11-18,100.87,101.12,100.01,100.91,35663185.0
GOLDBEES,2025-11-19,101.25,102.6,101.25,102.23,22235008.0
GOLDBEES,2025-11-20,101.5,102.07,101.02,101.55,20599534.0
GOLDBEES,2025-11-21,101.65,102.29,100.61,102.0,23459553.0
GOLDBEES,2025-11-24,101.99,102.34,101.55,102.23,24131584.0
GOLDBEES,2025-11-25,103.22,104.0,103.1,103.46,24988736.0
GOLDBEES,2025-11-26,103.91,104.35,103.91,104.18,23022226.0
GOLDBEES,2025-11-27,104.1,104.4,103.84,104.11,19397032.0
GOLDBEES,2025-11-28,104.6,104.98,104.31,104.62,18626408.0
GOLDBEES,2025-12-01,106.09,106.8,105.77,106.72,32935620.0
GOLDBEES,2025-12-02,106.65,106.65,105.39,105.63,26342500.0
GOLDBEES,2025-12-03,106.25,106.7,106.24,106.51,25811907.0
GOLDBEES,2025-12-04,106.67,106.96,105.7,105.92,27124243.0
GOLDBEES,2025-12-05,106.27,107.02,105.82,106.89,22860218.0
GOLDBEES,2025-12-08,106.77,106.96,106.11,106.85,26109955.0
GOLDBEES,2025-12-09,106.76,106.76,105.5,106.28,22835801.0
GOLDBEES,2025-12-10,106.85,106.85,106.1,106.23,21093711.0
GOLDBEES,2025-12-11,106.86,107.28,106.37,107.15,20249677.0
GOLDBEES,2025-12-12,108.2,109.98,108.2,109.61,42813407.0
GOLDBEES,2025-12-15,110.45,111.09,109.72,110.95,44275839.0
GOLDBEES,2025-12-16,109.46,110.05,109.2,109.56,36341576.0
GOLDBEES,2025-12-17,110.13,111.77,109.46,109.99,48571973.0
GOLDBEES,2025-12-18,110.05,110.58,109.77,109.88,26801568.0
GOLDBEES,2025-12-19,109.79,110.09,109.32,109.82,25353023.0
GOLDBEES,2025-12-22,110.7,111.55,110.34,111.39,66926289.0
GOLDBEES,2025-12-23,112.52,113.74,112.52,113.1,45892148.0
GOLDBEES,2025-12-24,113.49,115.0,112.99,113.21,47649347.0
GOLDBEES,2025-12-26,113.37,114.48,113.37,114.31,46010219.0
GOLDBEES,2025-12-29,115.44,115.45,112.0,113.03,73386481.0
GOLDBEES,2025-12-30,111.78,117.0,110.1,111.17,55356981.0
GOLDBEES,2025-12-31,111.17,111.48,109.75,110.11,40043851.0
GOLDBEES,2026-01-01,110.35,110.65,109.7,110.52,24308237.0
GOLDBEES,2026-01-02,111.62,111.98,110.92,111.82,37641644.0
GOLDBEES,2026-01-05,112.16,113.2,111.84,112.92,50850027.0
GOLDBEES,2026-01-06,113.62,113.71,113.01,113.14,45693265.0
GOLDBEES,2026-01-07,113.51,113.99,112.46,112.91,39011859.0
GOLDBEES,2026-01-08,112.73,112.96,111.42,112.29,37515879.0
GOLDBEES,2026-01-09,113.26,113.88,112.61,113.61,39284191.0
GOLDBEES,2026-01-12,115.7,117.0,114.81,116.76,70988427.0
GOLDBEES,2026-01-13,116.98,117.14,116.0,116.37,59657307.0
GOLDBEES,2026-01-14,117.83,118.49,116.36,118.01,77320821.0
GOLDBEES,2026-01-16,117.79,118.4,117.04,117.78,65356923.0
GOLDBEES,2026-01-19,119.15,122.9,118.56,121.1,91475080.0
GOLDBEES,2026-01-20,121.99,126.9,120.2,125.86,171440092.0
GOLDBEES,2026-01-21,127.0,135.9,127.0,134.97,248755481.0
GOLDBEES,2026-01-22,131.44,131.84,119.0,124.34,233048051.0
GOLDBEES,2026-01-23,129.1,132.48,126.0,127.42,141941218.0
GOLDBEES,2026-01-27,130.55,134.0,129.03,131.45,139657546.0
GOLDBEES,2026-01-28,132.0,137.1,132.0,135.82,184193702.0
GOLDBEES,2026-01-29,143.0,148.14,141.64,146.53,271824296.0
GOLDBEES,2026-01-30,138.7,142.8,127.1,131.12,352204561.0
GOLDBEES,2026-02-01,120.35,124.88,115.66,122.31,253578131.0
GOLDBEES,2026-02-02,121.99,122.0,112.1,118.67,279790835.0
GOLDBEES,2026-02-03,120.1,126.8,120.0,125.2,219625720.0
GOLDBEES,2026-02-04,128.25,132.0,128.1,129.6,159221122.0
GOLDBEES,2026-02-05,125.88,126.19,121.61,125.22,128187910.0
GOLDBEES,2026-02-06,123.89,125.58,121.55,125.04,95408028.0
GOLDBEES,2026-02-09,129.1,129.9,127.4,127.98,90368722.0
GOLDBEES,2026-02-10,127.98,128.44,127.68,128.34,48442393.0
GOLDBEES,2026-02-11,128.34,130.0,127.9,128.7,39299287.0
GOLDBEES,2026-02-12,129.0,129.27,128.1,128.52,42181114.0
GOLDBEES,2026-02-13,126.5,126.78,124.0,126.1,56101521.0
GOLDBEES,2026-02-16,127.08,127.08,125.82,126.92,47510656.0
GOLDBEES,2026-02-17,126.0,126.19,123.39,124.58,56084677.0
GOLDBEES,2026-02-18,124.21,125.38,124.21,124.64,38119799.0
GOLDBEES,2026-02-19,126.11,128.0,126.11,127.09,66724126.0
GOLDBEES,2026-02-20,126.88,127.7,123.91,127.54,38275525.0
GOLDBEES,2026-02-23,130.72,132.0,129.3,130.0,56313912.0
GOLDBEES,2026-02-24,130.11,134.0,130.11,131.22,48385152.0
GOLDBEES,2026-02-25,131.1,132.0,130.64,131.69,44906554.0
GOLDBEES,2026-02-26,132.69,133.79,130.0,130.48,40839441.0
GOLDBEES,2026-02-27,130.7,131.8,130.65,131.6,43704178.0
GOLDBEES,2026-03-02,140.1,142.0,135.23,138.32,177836182.0
GOLDBEES,2026-03-04,134.4,135.3,104.72,133.96,104088677.0
GOLDBEES,2026-03-05,136.0,137.3,131.25,132.24,65008653.0
GOLDBEES,2026-03-06,132.31,132.31,130.61,130.82,45371780.0
GOLDBEES,2026-03-09,129.89,132.18,125.86,131.35,69277274.0
GOLDBEES,2026-03-10,131.51,132.78,131.51,132.2,37242470.0
GOLDBEES,2026-03-11,133.43,133.44,132.33,132.71,32157892.0
GOLDBEES,2026-03-12,131.9,132.65,131.54,132.43,30302165.0
GOLDBEES,2026-03-13,131.38,131.38,129.87,130.32,37192341.0
GOLDBEES,2026-03-16,128.0,128.87,126.86,127.22,56788314.0
GOLDBEES,2026-03-17,127.82,129.08,127.82,128.22,28319680.0
GOLDBEES,2026-03-18,127.88,128.07,127.11,127.91,27955998.0
GOLDBEES,2026-03-19,125.88,125.88,120.73,121.32,101167992.0
GOLDBEES,2026-03-20,122.67,122.67,120.05,121.06,68506513.0
GOLDBEES,2026-03-23,116.64,117.0,107.13,110.72,227283756.0
GOLDBEES,2026-03-24,111.62,116.59,111.62,115.49,102922002.0
GOLDBEES,2026-03-25,118.37,119.88,118.37,119.29,65241148.0
GOLDBEES,2026-03-27,118.34,118.86,116.52,117.53,58866050.0
GOLDBEES,2026-03-30,120.43,121.8,117.92,121.19,72514040.0
GOLDBEES,2026-04-01,125.62,125.62,123.02,123.37,59364793.0
GOLDBEES,2026-04-02,123.13,123.3,119.0,120.58,58520148.0
GOLDBEES,2026-04-06,120.89,123.01,120.32,122.81,42281672.0
GOLDBEES,2026-04-07,122.23,122.26,120.8,121.78,36328914.0
GOLDBEES,2026-04-08,125.18,125.68,123.75,124.39,55049335.0
GOLDBEES,2026-04-09,122.97,123.48,122.2,123.21,36306691.0
GOLDBEES,2026-04-10,123.52,124.38,122.87,123.49,32244475.0
GOLDBEES,2026-04-13,123.44,124.35,122.73,123.76,68466735.0
GOLDBEES,2026-04-15,125.75,126.0,124.89,125.06,53936360.0
GOLDBEES,2026-04-16,125.32,126.47,125.32,125.61,29443660.0
GOLDBEES,2026-04-17,125.26,125.26,124.23,124.8,40405056.0
GOLDBEES,2026-04-20,125.18,125.25,124.31,125.0,32823752.0
GOLDBEES,2026-04-21,125.1,125.77,124.95,125.22,21375197.0
GOLDBEES,2026-04-22,124.99,125.18,124.47,124.99,22336874.0
GOLDBEES,2026-04-23,124.27,124.5,123.76,124.08,23148344.0
GOLDBEES,2026-04-24,123.87,124.23,123.14,123.94,22028158.0
GOLDBEES,2026-04-27,124.81,125.9,124.13,124.25,16549661.0
GOLDBEES,2026-04-28,124.07,124.07,122.51,122.68,28116911.0
GOLDBEES,2026-04-29,122.66,122.81,121.4,121.58,22335957.0
GOLDBEES,2026-04-30,122.7,123.62,121.68,123.43,34788645.0
GOLDBEES,2026-05-04,123.38,123.43,122.1,122.38,25301743.0
GOLDBEES,2026-05-05,121.48,122.25,121.48,122.16,18302221.0
GOLDBEES,2026-05-06,123.31,124.25,123.31,124.02,21326865.0
GOLDBEES,2026-05-07,124.47,125.19,124.1,124.47,23956362.0
GOLDBEES,2026-05-08,124.55,124.72,124.0,124.31,23188221.0
GOLDBEES,2026-05-11,124.17,124.17,123.03,123.23,28730298.0
GOLDBEES,2026-05-12,125.5,125.5,124.46,124.61,43573001.0
GOLDBEES,2026-05-13,131.1,134.4,129.43,131.74,103923323.0
GOLDBEES,2026-05-14,131.65,132.79,130.6,131.78,50086666.0
GOLDBEES,2026-05-15,135.07,135.07,128.92,129.41,42784279.0
GOLDBEES,2026-05-18,129.41,129.9,128.03,129.7,30877573.0
GOLDBEES,2026-05-19,130.68,130.9,130.02,130.64,30767769.0
GOLDBEES,2026-05-20,129.88,130.44,129.02,130.2,28146890.0
GOLDBEES,2026-05-21,132.8,132.8,130.25,130.74,18076252.0
GOLDBEES,2026-05-22,130.73,130.9,130.22,130.5,13684372.0
GOLDBEES,2026-05-25,130.5,131.29,130.02,130.51,19993051.0
GOLDBEES,2026-05-26,130.14,130.15,129.21,129.58,15190494.0
GOLDETF,2025-05-21,93.64,93.67,92.79,93.08,279851.0
GOLDETF,2025-05-22,93.55,93.96,93.43,93.72,253345.0
GOLDETF,2025-05-23,93.71,94.0,93.12,93.71,203872.0
GOLDETF,2025-05-26,93.99,94.39,93.31,93.71,173980.0
GOLDETF,2025-05-27,94.39,94.39,93.23,93.43,150609.0
GOLDETF,2025-05-28,93.81,93.95,93.15,93.74,166585.0
GOLDETF,2025-05-29,93.38,93.39,92.67,93.0,153157.0
GOLDETF,2025-05-30,93.49,93.5,92.61,93.39,334921.0
GOLDETF,2025-06-02,93.85,94.54,93.39,94.36,319474.0
GOLDETF,2025-06-03,95.49,95.55,94.51,95.02,435444.0
GOLDETF,2025-06-04,95.8,95.8,94.93,95.22,1247843.0
GOLDETF,2025-06-05,95.32,96.0,95.22,95.77,776742.0
GOLDETF,2025-06-06,95.99,95.99,95.01,95.44,343529.0
GOLDETF,2025-06-09,94.89,94.89,94.0,94.49,564327.0
GOLDETF,2025-06-10,94.4,94.64,93.93,94.58,389812.0
GOLDETF,2025-06-11,95.29,95.29,94.51,94.75,158319.0
GOLDETF,2025-06-12,95.15,95.75,94.76,95.19,298932.0
GOLDETF,2025-06-13,96.22,98.11,96.21,97.35,597171.0
GOLDETF,2025-06-16,98.39,98.63,97.12,97.38,481133.0
GOLDETF,2025-06-17,96.99,97.4,96.33,96.85,323626.0
GOLDETF,2025-06-18,99.27,99.27,96.56,97.28,887694.0
GOLDETF,2025-06-19,97.28,97.89,96.4,97.15,378289.0
GOLDETF,2025-06-20,97.16,99.59,96.29,97.11,286242.0
GOLDETF,2025-06-23,99.53,99.53,96.63,97.05,428171.0
GOLDETF,2025-06-24,96.99,96.99,95.05,95.29,527050.0
GOLDETF,2025-06-25,97.67,97.67,94.55,95.13,330395.0
GOLDETF,2025-06-26,95.89,95.89,94.86,95.26,219578.0
GOLDETF,2025-06-27,95.26,95.26,93.31,93.73,778708.0
GOLDETF,2025-06-30,94.4,94.44,93.3,93.99,577430.0
GOLDETF,2025-07-01,94.46,95.19,94.34,95.12,282126.0
GOLDETF,2025-07-02,95.13,95.44,94.89,95.14,205434.0
GOLDETF,2025-07-03,95.59,95.61,94.85,95.07,193541.0
GOLDETF,2025-07-04,95.4,96.87,94.79,95.23,513357.0
GOLDETF,2025-07-07,95.37,95.38,94.11,94.7,250103.0
GOLDETF,2025-07-08,94.81,95.49,94.75,94.85,163816.0
GOLDETF,2025-07-09,94.49,94.49,94.0,94.08,284555.0
GOLDETF,2025-07-10,94.42,94.99,94.4,94.82,191313.0
GOLDETF,2025-07-11,95.69,95.69,95.01,95.27,231891.0
GOLDETF,2025-07-14,94.55,96.4,94.55,96.22,393848.0
GOLDETF,2025-07-15,95.61,96.02,95.61,95.93,160104.0
GOLDETF,2025-07-16,95.64,95.64,95.22,95.59,214275.0
GOLDETF,2025-07-17,95.59,95.79,95.15,95.33,177330.0
GOLDETF,2025-07-18,95.58,96.07,95.11,96.02,507247.0
GOLDETF,2025-07-21,95.72,96.5,95.72,96.38,304361.0
GOLDETF,2025-07-22,96.87,97.33,96.81,97.1,288282.0
GOLDETF,2025-07-23,97.65,98.99,97.56,98.25,758848.0
GOLDETF,2025-07-24,96.98,97.25,96.54,96.82,377699.0
GOLDETF,2025-07-25,96.4,97.19,96.03,96.42,232233.0
GOLDETF,2025-07-28,96.4,96.8,95.62,96.24,451524.0
GOLDETF,2025-07-29,95.99,96.48,95.61,96.25,285019.0
GOLDETF,2025-07-30,96.68,97.0,96.32,96.95,181613.0
GOLDETF,2025-07-31,95.81,96.7,95.81,96.54,233978.0
GOLDETF,2025-08-01,96.49,96.49,95.81,96.08,415235.0
GOLDETF,2025-08-04,97.79,97.88,97.02,97.63,482310.0
GOLDETF,2025-08-05,98.58,98.58,98.0,98.16,442835.0
GOLDETF,2025-08-06,98.17,98.58,97.83,98.04,577906.0
GOLDETF,2025-08-07,98.49,99.0,97.79,98.39,541168.0
GOLDETF,2025-08-08,98.61,99.48,98.61,98.97,1814761.0
GOLDETF,2025-08-11,98.47,99.11,97.76,97.93,588492.0
GOLDETF,2025-08-12,97.89,97.9,97.29,97.45,463231.0
GOLDETF,2025-08-13,97.32,97.88,97.31,97.82,784441.0
GOLDETF,2025-08-14,97.2,97.8,97.2,97.71,790652.0
GOLDETF,2025-08-18,97.68,97.69,97.22,97.42,731171.0
GOLDETF,2025-08-19,97.04,97.38,96.55,96.58,926061.0
GOLDETF,2025-08-20,96.39,96.53,96.03,96.3,325789.0
GOLDETF,2025-08-21,96.99,97.05,96.52,97.0,153063.0
GOLDETF,2025-08-22,97.38,97.38,96.8,97.03,892926.0
GOLDETF,2025-08-25,97.62,98.19,97.62,98.0,330814.0
GOLDETF,2025-08-26,98.66,98.66,98.03,98.36,311949.0
GOLDETF,2025-08-28,98.72,99.34,98.52,99.05,460790.0
GOLDETF,2025-08-29,99.68,100.09,99.22,100.03,512347.0
GOLDETF,2025-09-01,102.53,102.55,101.51,101.79,666412.0
GOLDETF,2025-09-02,101.81,102.79,101.51,101.94,689745.0
GOLDETF,2025-09-03,103.06,103.39,102.48,103.25,774700.0
GOLDETF,2025-09-04,103.39,103.7,102.76,103.46,833682.0
GOLDETF,2025-09-05,103.99,104.57,103.71,103.86,699576.0
GOLDETF,2025-09-08,104.8,105.65,104.32,105.56,800121.0
GOLDETF,2025-09-09,106.8,107.49,106.01,106.97,1746855.0
GOLDETF,2025-09-10,107.39,107.39,106.38,106.79,1243729.0
GOLDETF,2025-09-11,106.99,106.99,106.03,106.41,832981.0
GOLDETF,2025-09-12,107.49,107.79,106.72,107.03,1178614.0
GOLDETF,2025-09-15,107.49,107.49,106.52,106.72,1281866.0
GOLDETF,2025-09-16,108.39,108.39,107.43,108.17,1108699.0
GOLDETF,2025-09-17,107.89,108.39,107.0,107.22,1419211.0
GOLDETF,2025-09-18,107.48,107.78,106.34,107.47,2275982.0
GOLDETF,2025-09-19,107.48,107.49,107.0,107.19,805335.0
GOLDETF,2025-09-22,108.74,109.25,107.76,109.19,1261690.0
GOLDETF,2025-09-23,110.48,111.92,109.63,111.37,1450360.0
GOLDETF,2025-09-24,111.79,111.79,110.82,111.2,1799438.0
GOLDETF,2025-09-25,110.89,111.29,109.98,110.97,1399423.0
GOLDETF,2025-09-26,110.99,111.0,110.08,110.6,1311941.0
GOLDETF,2025-09-29,111.1,113.19,111.1,112.74,1596651.0
GOLDETF,2025-09-30,114.67,114.99,112.07,112.71,2761064.0
GOLDETF,2025-10-01,113.51,115.03,113.38,114.81,2457956.0
GOLDETF,2025-10-03,113.99,114.2,113.5,114.0,2033644.0
GOLDETF,2025-10-06,115.1,116.39,115.1,116.24,3539204.0
GOLDETF,2025-10-07,117.5,117.5,116.26,116.93,1993477.0
GOLDETF,2025-10-08,117.51,119.4,117.51,119.09,3703876.0
GOLDETF,2025-10-09,119.08,119.89,119.04,119.46,2576968.0
GOLDETF,2025-10-10,117.99,118.55,116.5,118.22,3045120.0
GOLDETF,2025-10-13,120.89,120.89,119.12,120.31,6173649.0
GOLDETF,2025-10-14,122.67,123.91,121.13,123.23,4373594.0
GOLDETF,2025-10-15,123.96,124.89,122.7,122.98,3172884.0
GOLDETF,2025-10-16,124.19,124.48,122.28,123.49,3033825.0
GOLDETF,2025-10-17,124.52,127.99,124.52,126.5,3669285.0
GOLDETF,2025-10-20,124.99,124.99,122.4,123.71,1860690.0
GOLDETF,2025-10-21,126.4,126.89,123.82,124.42,618703.0
GOLDETF,2025-10-23,120.49,120.49,111.4,119.61,3216316.0
GOLDETF,2025-10-24,116.61,120.19,116.61,118.06,1230335.0
GOLDETF,2025-10-27,118.06,118.99,116.81,117.84,1004813.0
GOLDETF,2025-10-28,117.84,117.84,113.12,113.47,3259040.0
GOLDETF,2025-10-29,114.52,117.25,114.52,116.9,1152263.0
GOLDETF,2025-10-30,115.9,117.55,114.62,117.25,788935.0
GOLDETF,2025-10-31,117.83,117.95,116.79,117.1,727675.0
GOLDETF,2025-11-03,117.68,118.06,117.1,117.47,1362188.0
GOLDETF,2025-11-04,116.99,117.22,116.3,116.87,665153.0
GOLDETF,2025-11-06,117.77,118.59,116.61,117.91,794014.0
GOLDETF,2025-11-07,117.55,117.55,116.75,117.28,720330.0
GOLDETF,2025-11-10,118.89,119.33,117.52,119.16,723835.0
GOLDETF,2025-11-11,122.13,122.13,120.35,120.96,966816.0
GOLDETF,2025-11-12,120.9,120.9,119.9,120.63,727433.0
GOLDETF,2025-11-13,121.9,123.58,121.88,123.32,1424967.0
GOLDETF,2025-11-14,123.31,123.32,121.27,122.01,1219753.0
GOLDETF,2025-11-17,120.99,120.99,118.75,119.97,1135917.0
GOLDETF,2025-11-18,118.92,118.92,117.17,118.67,1031174.0
GOLDETF,2025-11-19,119.99,120.51,119.0,120.05,566515.0
GOLDETF,2025-11-20,120.04,120.05,118.58,119.24,2058872.0
GOLDETF,2025-11-21,122.22,122.22,118.25,119.67,453583.0
GOLDETF,2025-11-24,121.67,121.67,119.16,119.96,402094.0
GOLDETF,2025-11-25,121.94,121.95,120.87,121.31,589262.0
GOLDETF,2025-11-26,121.48,122.5,121.47,122.35,824929.0
GOLDETF,2025-11-27,122.35,122.7,121.89,122.39,566873.0
GOLDETF,2025-11-28,125.44,125.44,122.2,122.49,782952.0
GOLDETF,2025-12-01,125.0,125.3,123.63,125.03,1221998.0
GOLDETF,2025-12-02,128.15,128.15,123.46,124.01,1266819.0
GOLDETF,2025-12-03,124.51,125.2,124.45,124.74,687397.0
GOLDETF,2025-12-04,124.74,124.99,124.0,124.58,681754.0
GOLDETF,2025-12-05,124.57,125.44,124.31,125.3,630402.0
GOLDETF,2025-12-08,125.3,125.47,124.98,125.16,627143.0
GOLDETF,2025-12-09,124.42,125.17,124.02,124.7,605696.0
GOLDETF,2025-12-10,121.58,125.61,121.58,124.85,744260.0
GOLDETF,2025-12-11,124.85,125.69,124.42,125.56,717262.0
GOLDETF,2025-12-12,127.0,129.0,126.61,128.31,1455128.0
GOLDETF,2025-12-15,131.51,131.62,128.24,130.28,1828372.0
GOLDETF,2025-12-16,114.55,129.99,114.55,128.69,2396361.0
GOLDETF,2025-12-17,125.47,130.67,125.47,129.01,1649955.0
GOLDETF,2025-12-18,129.76,129.76,128.82,129.09,1429546.0
GOLDETF,2025-12-19,132.31,132.31,128.36,128.97,1542396.0
GOLDETF,2025-12-22,131.2,131.2,129.58,130.79,2014178.0
GOLDETF,2025-12-23,134.05,134.09,131.87,132.6,1687390.0
GOLDETF,2025-12-24,135.91,135.91,132.51,132.88,1761074.0
GOLDETF,2025-12-26,132.89,139.89,132.68,134.57,1416958.0
GOLDETF,2025-12-29,137.93,137.93,131.31,132.67,2646713.0
GOLDETF,2025-12-30,129.35,132.0,129.24,130.71,1488526.0
GOLDETF,2025-12-31,130.0,130.89,127.03,129.94,3773912.0
GOLDETF,2026-01-01,129.98,129.98,129.3,129.72,1004366.0
GOLDETF,2026-01-02,130.31,131.69,130.31,131.22,1468568.0
GOLDETF,2026-01-05,127.93,132.9,127.93,132.47,3273586.0
GOLDETF,2026-01-06,133.99,134.27,132.53,132.96,2585587.0
GOLDETF,2026-01-07,134.16,134.17,132.2,132.58,1230519.0
GOLDETF,2026-01-08,135.89,135.89,130.92,131.79,2736325.0
GOLDETF,2026-01-09,132.04,133.29,132.0,133.03,1808398.0
GOLDETF,2026-01-12,134.98,137.6,134.31,136.71,3400081.0
GOLDETF,2026-01-13,138.4,138.4,135.9,136.84,2774803.0
GOLDETF,2026-01-14,138.19,139.98,136.62,139.04,2208137.0
GOLDETF,2026-01-16,139.0,139.8,136.83,138.1,2747673.0
GOLDETF,2026-01-19,139.4,142.89,139.01,141.69,2949636.0
GOLDETF,2026-01-20,145.23,149.99,141.62,147.25,6112654.0
GOLDETF,2026-01-21,150.93,161.73,150.2,157.49,8243415.0
GOLDETF,2026-01-22,154.9,154.9,136.1,146.45,6261930.0
GOLDETF,2026-01-23,150.11,154.9,148.3,149.27,6364819.0
GOLDETF,2026-01-27,155.0,156.9,150.9,154.26,3596956.0
GOLDETF,2026-01-28,158.11,160.7,155.6,159.43,5073968.0
GOLDETF,2026-01-29,164.11,173.5,164.11,171.62,9316287.0
GOLDETF,2026-01-30,169.9,169.9,151.2,155.3,10396194.0
GOLDETF,2026-02-01,139.9,150.3,135.52,148.3,6863575.0
GOLDETF,2026-02-02,152.0,152.0,132.53,140.55,10815183.0
GOLDETF,2026-02-03,142.0,148.1,142.0,146.7,5505515.0
GOLDETF,2026-02-04,151.11,156.3,150.9,152.42,3733118.0
GOLDETF,2026-02-05,152.42,152.42,144.51,147.99,5417318.0
GOLDETF,2026-02-06,146.07,148.26,144.0,147.65,3478957.0
GOLDETF,2026-02-09,151.35,151.85,149.47,150.4,2395542.0
GOLDETF,2026-02-10,147.0,150.92,147.0,150.58,1446077.0
GOLDETF,2026-02-11,150.1,151.87,150.1,151.02,1265385.0
GOLDETF,2026-02-12,151.02,151.39,150.39,150.95,1079306.0
GOLDETF,2026-02-13,149.89,149.89,146.16,148.22,1826365.0
GOLDETF,2026-02-16,151.92,151.92,147.72,149.34,1160570.0
GOLDETF,2026-02-17,148.21,148.32,145.16,146.43,2128598.0
GOLDETF,2026-02-18,150.09,150.09,145.9,146.48,4217035.0
GOLDETF,2026-02-19,150.14,150.14,148.11,149.29,1415830.0
GOLDETF,2026-02-20,149.99,150.0,148.19,149.82,1104324.0
GOLDETF,2026-02-23,153.56,156.48,151.8,152.53,1786180.0
GOLDETF,2026-02-24,153.1,155.0,153.04,154.05,1616481.0
GOLDETF,2026-02-25,154.05,156.0,153.2,154.53,1547838.0
GOLDETF,2026-02-26,153.01,154.52,152.62,153.38,1216542.0
GOLDETF,2026-02-27,155.89,155.89,153.11,154.34,859614.0
GOLDETF,2026-03-02,158.55,166.2,158.55,161.83,6698786.0
GOLDETF,2026-03-04,158.9,158.9,154.09,157.36,3359036.0
GOLDETF,2026-03-05,158.9,158.9,154.41,155.39,1951181.0
GOLDETF,2026-03-06,155.17,155.37,153.22,153.53,1967796.0
GOLDETF,2026-03-09,154.88,154.88,152.57,153.84,3241063.0
GOLDETF,2026-03-10,157.68,157.68,154.25,155.47,1378102.0
GOLDETF,2026-03-11,155.51,157.39,154.64,155.48,1132636.0
GOLDETF,2026-03-12,155.37,155.7,154.51,155.5,1546468.0
GOLDETF,2026-03-13,154.99,154.99,152.33,153.05,2090512.0
GOLDETF,2026-03-16,151.89,151.89,149.18,149.79,3579794.0
GOLDETF,2026-03-17,150.54,151.49,150.06,150.42,1511290.0
GOLDETF,2026-03-18,154.18,154.18,149.35,150.22,1624263.0
GOLDETF,2026-03-19,148.5,148.5,143.0,143.43,4905183.0
GOLDETF,2026-03-20,143.43,145.49,139.84,142.39,3299937.0
GOLDETF,2026-03-23,137.44,137.44,127.11,130.75,7662261.0
GOLDETF,2026-03-24,135.71,137.9,132.08,135.26,4958001.0
GOLDETF,2026-03-25,139.5,140.34,137.56,139.85,2426109.0
GOLDETF,2026-03-27,136.35,139.1,136.35,137.85,1942790.0
GOLDETF,2026-03-30,140.6,142.99,138.55,141.64,1874589.0
GOLDETF,2026-04-01,142.8,147.64,142.8,143.84,2830472.0
GOLDETF,2026-04-02,145.7,145.7,140.0,141.57,1355155.0
GOLDETF,2026-04-06,141.58,144.58,141.41,144.38,2574994.0
GOLDETF,2026-04-07,147.98,147.98,142.02,143.59,939182.0
GOLDETF,2026-04-08,146.16,147.21,145.3,145.84,2174389.0
GOLDETF,2026-04-09,144.98,144.98,143.8,144.59,837852.0
GOLDETF,2026-04-10,146.09,146.09,144.37,144.95,726625.0
GOLDETF,2026-04-13,144.5,145.61,144.23,145.12,760183.0
GOLDETF,2026-04-15,147.15,147.76,146.57,147.09,1116457.0
GOLDETF,2026-04-16,148.89,148.89,146.96,147.46,2568989.0
GOLDETF,2026-04-17,147.31,147.31,146.05,146.79,1468263.0
GOLDETF,2026-04-20,143.12,148.0,143.12,146.87,1749393.0
GOLDETF,2026-04-21,146.87,147.4,146.79,147.14,1271365.0
GOLDETF,2026-04-22,150.81,150.81,143.46,146.63,581107.0
GOLDETF,2026-04-23,145.91,146.2,145.47,145.88,684192.0
GOLDETF,2026-04-24,145.8,145.86,144.79,145.62,694602.0
GOLDETF,2026-04-27,147.62,147.62,145.7,145.81,677219.0
GOLDETF,2026-04-28,146.16,146.16,144.03,144.21,1122933.0
GOLDETF,2026-04-29,144.05,144.3,142.52,142.76,1010264.0
GOLDETF,2026-04-30,141.3,146.32,141.3,144.74,1255568.0
GOLDETF,2026-05-04,145.43,145.43,143.44,143.73,911674.0
GOLDETF,2026-05-05,143.0,143.43,142.68,143.32,1126775.0
GOLDETF,2026-05-06,146.9,146.9,144.85,145.42,1764696.0
GOLDETF,2026-05-07,145.92,146.8,145.67,146.12,1634710.0
GOLDETF,2026-05-08,146.27,146.35,145.64,145.9,705400.0
GOLDETF,2026-05-11,149.54,149.54,144.51,144.77,4587402.0
GOLDETF,2026-05-12,144.77,148.38,144.77,146.1,2478202.0
GOLDETF,2026-05-13,152.11,155.57,151.72,154.27,5697515.0
GOLDETF,2026-05-14,152.95,155.8,152.95,154.69,1556159.0
GOLDETF,2026-05-15,154.0,154.0,151.67,152.14,5854444.0
GOLDETF,2026-05-18,153.2,153.2,150.61,152.37,5329182.0
GOLDETF,2026-05-19,152.55,153.54,152.55,153.34,1454327.0
GOLDETF,2026-05-20,152.19,153.11,151.7,152.91,1542582.0
GOLDETF,2026-05-21,153.41,153.94,153.13,153.51,1312312.0
GOLDETF,2026-05-22,153.51,153.63,152.78,153.24,958549.0
GOLDETF,2026-05-25,153.24,153.62,153.0,153.22,1262937.0
GOLDETF,2026-05-26,152.78,152.97,152.13,152.28,783809.0
GREAVESCOT,2025-05-21,211.0,214.4,210.0,212.16,976066.0
GREAVESCOT,2025-05-22,211.65,213.79,208.1,210.14,1131392.0
GREAVESCOT,2025-05-23,210.51,211.99,208.1,211.4,1265301.0
GREAVESCOT,2025-05-26,212.02,213.55,209.36,210.33,1172390.0
GREAVESCOT,2025-05-27,210.95,211.99,205.02,205.55,1113331.0
GREAVESCOT,2025-05-28,206.29,208.59,203.4,204.49,1350800.0
GREAVESCOT,2025-05-29,205.6,208.9,204.0,205.1,945024.0
GREAVESCOT,2025-05-30,206.0,206.34,198.54,199.49,1493417.0
GREAVESCOT,2025-06-02,200.0,203.4,197.35,198.12,1480439.0
GREAVESCOT,2025-06-03,199.6,202.7,198.2,199.19,1655622.0
GREAVESCOT,2025-06-04,199.35,208.5,198.98,204.13,3006147.0
GREAVESCOT,2025-06-05,205.88,210.79,202.57,203.57,2244595.0
GREAVESCOT,2025-06-06,203.57,205.87,202.0,202.89,1466927.0
GREAVESCOT,2025-06-09,203.2,214.19,203.2,212.85,3959952.0
GREAVESCOT,2025-06-10,214.5,216.79,212.5,213.31,2513409.0
GREAVESCOT,2025-06-11,214.0,214.99,209.21,212.18,1482751.0
GREAVESCOT,2025-06-12,212.0,212.4,205.15,207.03,1406297.0
GREAVESCOT,2025-06-13,200.7,206.47,200.3,203.54,1541510.0
GREAVESCOT,2025-06-16,203.54,205.75,199.2,204.53,1219078.0
GREAVESCOT,2025-06-17,204.5,205.99,200.28,201.02,869875.0
GREAVESCOT,2025-06-18,200.8,202.6,198.6,199.11,841826.0
GREAVESCOT,2025-06-19,199.1,201.25,191.25,193.37,1045303.0
GREAVESCOT,2025-06-20,193.2,196.19,192.1,195.15,1037182.0
GREAVESCOT,2025-06-23,192.4,195.99,192.15,194.34,738963.0
GREAVESCOT,2025-06-24,197.45,200.44,195.13,195.99,1136508.0
GREAVESCOT,2025-06-25,196.66,204.6,196.66,203.79,1036096.0
GREAVESCOT,2025-06-26,204.5,205.73,201.05,202.35,841694.0
GREAVESCOT,2025-06-27,203.0,206.95,202.9,204.0,971123.0
GREAVESCOT,2025-06-30,204.99,205.51,200.0,204.01,968322.0
GREAVESCOT,2025-07-01,203.5,205.96,200.7,203.52,1329663.0
GREAVESCOT,2025-07-02,204.0,205.5,200.25,201.91,848036.0
GREAVESCOT,2025-07-03,201.5,211.65,201.2,206.67,2907501.0
GREAVESCOT,2025-07-04,207.0,211.4,203.76,204.65,2058424.0
GREAVESCOT,2025-07-07,204.0,205.8,198.73,200.16,1368555.0
GREAVESCOT,2025-07-08,200.15,203.0,198.17,200.11,828307.0
GREAVESCOT,2025-07-09,199.51,204.36,199.5,203.12,1381641.0
GREAVESCOT,2025-07-10,203.9,205.0,201.66,202.92,792430.0
GREAVESCOT,2025-07-11,202.1,203.9,199.85,201.33,705242.0
GREAVESCOT,2025-07-14,201.31,203.9,200.06,203.06,1039524.0
GREAVESCOT,2025-07-15,203.98,215.6,203.11,212.48,5029940.0
GREAVESCOT,2025-07-16,214.7,216.75,210.99,211.95,2422321.0
GREAVESCOT,2025-07-17,212.6,214.53,209.18,209.91,1153513.0
GREAVESCOT,2025-07-18,210.9,211.89,206.56,207.01,878755.0
GREAVESCOT,2025-07-21,207.0,208.55,205.0,205.96,809112.0
GREAVESCOT,2025-07-22,206.95,208.28,203.48,204.23,632912.0
GREAVESCOT,2025-07-23,203.75,207.0,202.0,203.54,1367345.0
GREAVESCOT,2025-07-24,204.8,214.69,203.16,208.81,3413569.0
GREAVESCOT,2025-07-25,208.8,208.8,199.55,200.15,1439474.0
GREAVESCOT,2025-07-28,200.15,202.7,195.53,196.69,1042784.0
GREAVESCOT,2025-07-29,195.69,199.72,194.01,198.9,924712.0
GREAVESCOT,2025-07-30,199.9,215.9,197.2,212.11,14818567.0
GREAVESCOT,2025-07-31,211.1,244.3,211.1,226.21,55328752.0
GREAVESCOT,2025-08-01,227.44,231.0,217.0,218.18,6387490.0
GREAVESCOT,2025-08-04,217.35,217.97,211.35,213.32,2573069.0
GREAVESCOT,2025-08-05,214.7,222.7,209.2,210.35,5564646.0
GREAVESCOT,2025-08-06,210.95,212.45,204.58,206.6,1851229.0
GREAVESCOT,2025-08-07,204.15,210.77,202.9,209.53,2375377.0
GREAVESCOT,2025-08-08,209.53,209.64,205.0,206.28,1053857.0
GREAVESCOT,2025-08-11,205.97,208.52,203.26,206.68,1360899.0
GREAVESCOT,2025-08-12,206.7,219.69,206.37,213.83,5112610.0
GREAVESCOT,2025-08-13,215.5,216.65,212.51,214.12,1384213.0
GREAVESCOT,2025-08-14,214.3,215.62,208.39,209.0,1115643.0
GREAVESCOT,2025-08-18,212.0,215.53,209.5,213.95,1621688.0
GREAVESCOT,2025-08-19,213.7,214.89,211.5,212.69,916728.0
GREAVESCOT,2025-08-20,213.1,217.66,211.32,213.84,1780232.0
GREAVESCOT,2025-08-21,214.8,221.7,212.44,215.77,3885446.0
GREAVESCOT,2025-08-22,216.0,216.8,207.35,208.57,1667407.0
GREAVESCOT,2025-08-25,209.44,211.0,206.31,207.06,976917.0
GREAVESCOT,2025-08-26,207.0,207.11,201.1,202.18,1073045.0
GREAVESCOT,2025-08-28,202.69,203.35,197.83,199.49,1191793.0
GREAVESCOT,2025-08-29,200.0,202.5,197.48,198.16,1151720.0
GREAVESCOT,2025-09-01,198.3,205.99,198.26,205.11,1714152.0
GREAVESCOT,2025-09-02,206.2,234.8,203.62,226.41,24803939.0
GREAVESCOT,2025-09-03,227.9,232.94,224.32,226.21,5492186.0
GREAVESCOT,2025-09-04,228.4,228.5,222.5,224.06,2128802.0
GREAVESCOT,2025-09-05,223.0,233.12,220.52,223.73,3030356.0
GREAVESCOT,2025-09-08,224.6,225.7,217.05,218.15,1524630.0
GREAVESCOT,2025-09-09,218.9,219.41,215.43,216.09,892276.0
GREAVESCOT,2025-09-10,218.0,218.25,212.51,214.68,1206513.0
GREAVESCOT,2025-09-11,215.5,221.48,213.9,214.9,2109381.0
GREAVESCOT,2025-09-12,215.5,217.29,214.15,215.5,917195.0
GREAVESCOT,2025-09-15,216.0,225.0,214.53,223.12,3887503.0
GREAVESCOT,2025-09-16,223.19,226.9,221.0,225.03,2091505.0
GREAVESCOT,2025-09-17,226.0,226.55,221.05,221.96,1091467.0
GREAVESCOT,2025-09-18,223.0,227.9,220.51,224.49,2161024.0
GREAVESCOT,2025-09-19,224.9,227.34,220.49,220.96,1269227.0
GREAVESCOT,2025-09-22,221.0,222.73,217.11,218.73,1092522.0
GREAVESCOT,2025-09-23,219.05,229.6,217.79,225.4,5369060.0
GREAVESCOT,2025-09-24,225.4,226.7,221.61,222.46,1356836.0
GREAVESCOT,2025-09-25,222.99,232.0,221.5,222.3,3730993.0
GREAVESCOT,2025-09-26,222.35,222.55,213.6,216.58,1485847.0
GREAVESCOT,2025-09-29,217.51,218.98,210.7,212.16,1146022.0
GREAVESCOT,2025-09-30,212.2,214.51,209.51,211.85,823904.0
GREAVESCOT,2025-10-01,212.49,217.99,211.45,215.07,1531352.0
GREAVESCOT,2025-10-03,215.4,217.69,213.3,217.04,991315.0
GREAVESCOT,2025-10-06,217.04,217.85,207.49,208.3,1616824.0
GREAVESCOT,2025-10-07,208.9,214.09,208.53,210.95,1167893.0
GREAVESCOT,2025-10-08,210.93,211.47,207.0,207.54,781872.0
GREAVESCOT,2025-10-09,207.55,209.5,206.09,208.78,784981.0
GREAVESCOT,2025-10-10,208.78,210.0,207.5,207.94,584372.0
GREAVESCOT,2025-10-13,207.2,207.8,203.84,205.83,1089544.0
GREAVESCOT,2025-10-14,206.4,206.71,200.99,201.4,1023476.0
GREAVESCOT,2025-10-15,202.4,206.24,201.5,205.21,1021434.0
GREAVESCOT,2025-10-16,205.49,210.35,205.49,206.77,1148649.0
GREAVESCOT,2025-10-17,206.62,208.38,204.51,205.35,708207.0
GREAVESCOT,2025-10-20,206.3,207.0,202.72,205.91,806189.0
GREAVESCOT,2025-10-21,207.0,207.9,206.66,207.1,162648.0
GREAVESCOT,2025-10-23,207.19,209.84,205.1,205.83,702424.0
GREAVESCOT,2025-10-24,205.82,207.0,204.17,204.94,540792.0
GREAVESCOT,2025-10-27,205.3,220.7,205.2,212.41,6178929.0
GREAVESCOT,2025-10-28,212.54,227.29,212.0,223.68,9607369.0
GREAVESCOT,2025-10-29,225.19,232.9,224.4,230.03,5020431.0
GREAVESCOT,2025-10-30,230.0,236.9,226.66,232.75,3974020.0
GREAVESCOT,2025-10-31,232.85,234.48,227.25,228.03,1934232.0
GREAVESCOT,2025-11-03,227.61,227.61,217.13,219.83,3693355.0
GREAVESCOT,2025-11-04,221.3,225.24,218.2,220.92,2518144.0
GREAVESCOT,2025-11-06,219.0,220.7,202.4,203.11,5004490.0
GREAVESCOT,2025-11-07,203.0,205.42,200.02,203.77,2092487.0
GREAVESCOT,2025-11-10,204.04,207.74,201.75,203.12,2436015.0
GREAVESCOT,2025-11-11,203.12,204.88,201.75,202.51,1110292.0
GREAVESCOT,2025-11-12,204.21,217.86,203.82,213.63,5020423.0
GREAVESCOT,2025-11-13,214.0,222.5,212.15,213.1,3243641.0
GREAVESCOT,2025-11-14,213.9,213.9,209.35,210.73,1165680.0
GREAVESCOT,2025-11-17,211.5,216.85,210.15,211.44,1365735.0
GREAVESCOT,2025-11-18,211.44,214.0,208.12,210.27,1398110.0
GREAVESCOT,2025-11-19,211.0,211.5,207.65,208.16,805454.0
GREAVESCOT,2025-11-20,209.16,212.5,207.0,207.78,999069.0
GREAVESCOT,2025-11-21,207.25,207.6,204.1,204.75,694939.0
GREAVESCOT,2025-11-24,205.0,206.49,202.0,202.69,924642.0
GREAVESCOT,2025-11-25,202.69,204.95,200.49,201.65,1106665.0
GREAVESCOT,2025-11-26,201.65,204.8,201.5,202.06,1062644.0
GREAVESCOT,2025-11-27,202.5,205.75,202.0,202.77,1040480.0
GREAVESCOT,2025-11-28,203.0,205.42,201.0,201.83,987143.0
GREAVESCOT,2025-12-01,201.99,203.6,195.3,196.35,1679989.0
GREAVESCOT,2025-12-02,196.35,198.23,195.42,196.73,818215.0
GREAVESCOT,2025-12-03,196.73,197.35,191.1,192.64,973593.0
GREAVESCOT,2025-12-04,192.0,192.68,187.81,188.63,1053556.0
GREAVESCOT,2025-12-05,188.5,191.58,184.05,185.27,1040765.0
GREAVESCOT,2025-12-08,185.54,186.01,178.5,181.44,1160207.0
GREAVESCOT,2025-12-09,181.5,184.14,177.11,181.28,1194481.0
GREAVESCOT,2025-12-10,182.0,186.25,178.45,179.92,1024928.0
GREAVESCOT,2025-12-11,179.92,182.8,177.28,181.37,776041.0
GREAVESCOT,2025-12-12,181.7,184.38,181.31,181.96,822766.0
GREAVESCOT,2025-12-15,181.75,184.98,180.5,184.22,636025.0
GREAVESCOT,2025-12-16,183.0,183.89,180.0,180.76,568511.0
GREAVESCOT,2025-12-17,180.45,181.3,177.23,177.75,697179.0
GREAVESCOT,2025-12-18,178.0,178.76,175.02,176.93,591951.0
GREAVESCOT,2025-12-19,177.5,180.99,177.02,180.34,550133.0
GREAVESCOT,2025-12-22,181.19,190.75,181.19,189.8,2014509.0
GREAVESCOT,2025-12-23,190.68,193.75,188.2,188.88,1140896.0
GREAVESCOT,2025-12-24,189.1,192.3,187.98,190.53,725818.0
GREAVESCOT,2025-12-26,190.2,192.09,187.68,188.45,656434.0
GREAVESCOT,2025-12-29,188.45,194.25,188.45,190.96,1158847.0
GREAVESCOT,2025-12-30,190.01,191.0,188.0,189.08,528786.0
GREAVESCOT,2025-12-31,188.86,193.68,188.3,191.7,693519.0
GREAVESCOT,2026-01-01,192.5,195.49,192.43,193.21,750479.0
GREAVESCOT,2026-01-02,193.39,195.0,192.05,193.35,964144.0
GREAVESCOT,2026-01-05,193.35,195.04,189.02,192.46,875723.0
GREAVESCOT,2026-01-06,192.05,192.9,187.27,188.8,681927.0
GREAVESCOT,2026-01-07,188.36,190.49,186.25,187.64,656171.0
GREAVESCOT,2026-01-08,187.65,189.59,179.5,180.34,861134.0
GREAVESCOT,2026-01-09,179.91,181.04,175.27,176.11,801617.0
GREAVESCOT,2026-01-12,176.11,176.11,170.43,174.56,745065.0
GREAVESCOT,2026-01-13,174.57,177.0,171.1,171.92,559978.0
GREAVESCOT,2026-01-14,171.0,173.0,169.2,170.62,447351.0
GREAVESCOT,2026-01-16,171.0,177.8,171.0,174.2,1215253.0
GREAVESCOT,2026-01-19,173.0,173.0,168.66,169.92,803210.0
GREAVESCOT,2026-01-20,170.9,170.9,162.87,163.97,901703.0
GREAVESCOT,2026-01-21,163.97,166.28,160.3,164.25,1024430.0
GREAVESCOT,2026-01-22,165.23,168.4,164.1,165.15,404384.0
GREAVESCOT,2026-01-23,166.0,166.71,160.8,161.41,453278.0
GREAVESCOT,2026-01-27,161.41,161.56,155.1,158.13,809380.0
GREAVESCOT,2026-01-28,159.52,169.5,158.6,169.04,904999.0
GREAVESCOT,2026-01-29,169.2,170.35,164.5,165.84,617437.0
GREAVESCOT,2026-01-30,164.5,167.8,162.0,163.25,1137281.0
GREAVESCOT,2026-02-01,163.35,166.99,160.0,163.8,555800.0
GREAVESCOT,2026-02-02,163.0,165.0,157.26,163.46,711184.0
GREAVESCOT,2026-02-03,170.09,171.88,166.83,168.5,1152083.0
GREAVESCOT,2026-02-04,168.42,173.8,167.05,172.44,1153244.0
GREAVESCOT,2026-02-05,172.44,173.47,168.0,169.4,624945.0
GREAVESCOT,2026-02-06,169.1,177.5,165.4,168.72,3234695.0
GREAVESCOT,2026-02-09,171.0,175.78,168.72,173.98,1538907.0
GREAVESCOT,2026-02-10,175.69,177.0,172.77,173.37,834570.0
GREAVESCOT,2026-02-11,173.5,174.05,168.5,169.18,649941.0
GREAVESCOT,2026-02-12,169.0,169.58,167.41,168.63,434650.0
GREAVESCOT,2026-02-13,168.63,168.71,162.0,162.59,1031800.0
GREAVESCOT,2026-02-16,162.5,164.2,159.7,160.89,765626.0
GREAVESCOT,2026-02-17,160.89,164.8,159.61,163.23,612732.0
GREAVESCOT,2026-02-18,163.23,169.25,162.5,166.79,889137.0
GREAVESCOT,2026-02-19,166.8,167.61,162.31,163.86,658353.0
GREAVESCOT,2026-02-20,163.86,163.86,161.1,161.62,425656.0
GREAVESCOT,2026-02-23,162.04,163.57,159.29,160.29,623395.0
GREAVESCOT,2026-02-24,159.8,159.8,153.16,154.52,761350.0
GREAVESCOT,2026-02-25,155.9,156.5,150.5,152.62,728065.0
GREAVESCOT,2026-02-26,152.62,158.0,152.62,157.52,880974.0
GREAVESCOT,2026-02-27,158.0,161.38,151.46,152.94,2965523.0
GREAVESCOT,2026-03-02,147.1,154.86,146.5,150.93,1229503.0
GREAVESCOT,2026-03-04,150.93,151.0,142.41,147.27,1617504.0
GREAVESCOT,2026-03-05,147.27,151.7,145.78,149.48,1050547.0
GREAVESCOT,2026-03-06,149.2,156.38,148.55,154.08,1181527.0
GREAVESCOT,2026-03-09,150.0,151.85,145.51,147.94,971851.0
GREAVESCOT,2026-03-10,150.97,151.5,148.27,149.2,904595.0
GREAVESCOT,2026-03-11,149.9,151.25,143.5,144.38,1234951.0
GREAVESCOT,2026-03-12,144.38,149.2,142.06,143.32,1600277.0
GREAVESCOT,2026-03-13,143.32,145.6,135.42,136.07,1311570.0
GREAVESCOT,2026-03-16,136.07,139.34,133.11,135.75,1236676.0
GREAVESCOT,2026-03-17,136.4,137.97,134.0,134.5,924281.0
GREAVESCOT,2026-03-18,135.0,140.46,135.0,139.04,1322695.0
GREAVESCOT,2026-03-19,137.0,137.04,132.5,133.44,770066.0
GREAVESCOT,2026-03-20,134.25,139.5,133.62,134.73,1271796.0
GREAVESCOT,2026-03-23,132.42,132.6,126.59,128.01,1507989.0
GREAVESCOT,2026-03-24,131.5,132.85,127.63,131.6,1785033.0
GREAVESCOT,2026-03-25,132.6,138.12,132.0,135.27,1459859.0
GREAVESCOT,2026-03-27,135.27,135.48,126.11,127.07,1768795.0
GREAVESCOT,2026-03-30,127.07,129.1,119.99,120.61,1955379.0
GREAVESCOT,2026-04-01,125.9,132.35,125.35,131.34,1407667.0
GREAVESCOT,2026-04-02,126.71,132.8,125.01,132.05,1084745.0
GREAVESCOT,2026-04-06,132.05,135.99,130.31,135.69,1211788.0
GREAVESCOT,2026-04-07,135.02,138.49,134.0,137.9,777181.0
GREAVESCOT,2026-04-08,144.8,147.41,141.5,146.98,1493388.0
GREAVESCOT,2026-04-09,147.0,149.89,144.9,146.65,1110259.0
GREAVESCOT,2026-04-10,148.2,151.84,147.25,150.8,963826.0
GREAVESCOT,2026-04-13,147.35,153.19,145.3,150.79,1160254.0
GREAVESCOT,2026-04-15,155.0,158.0,154.0,157.35,1313479.0
GREAVESCOT,2026-04-16,158.05,159.57,155.54,158.14,718990.0
GREAVESCOT,2026-04-17,158.0,163.45,157.8,161.36,1273818.0
GREAVESCOT,2026-04-20,161.9,162.1,157.0,157.88,741081.0
GREAVESCOT,2026-04-21,158.0,160.45,156.88,157.27,659918.0
GREAVESCOT,2026-04-22,156.99,161.82,156.5,161.34,764568.0
GREAVESCOT,2026-04-23,161.89,163.88,159.1,159.6,773148.0
GREAVESCOT,2026-04-24,159.59,160.09,153.0,154.81,704285.0
GREAVESCOT,2026-04-27,155.25,165.8,154.81,164.17,1716124.0
GREAVESCOT,2026-04-28,165.0,171.84,162.6,167.04,1843091.0
GREAVESCOT,2026-04-29,167.8,169.49,165.11,167.42,1116191.0
GREAVESCOT,2026-04-30,167.0,167.0,162.22,165.18,692185.0
GREAVESCOT,2026-05-04,165.97,169.68,165.23,167.66,741379.0
GREAVESCOT,2026-05-05,167.0,170.09,166.4,168.43,834663.0
GREAVESCOT,2026-05-06,169.69,174.0,169.01,173.17,1664255.0
GREAVESCOT,2026-05-07,174.8,174.8,165.3,168.01,2375681.0
GREAVESCOT,2026-05-08,168.0,173.94,166.8,171.36,1441876.0
GREAVESCOT,2026-05-11,171.8,178.85,168.32,177.08,2939086.0
GREAVESCOT,2026-05-12,176.0,178.0,167.12,168.15,1544109.0
GREAVESCOT,2026-05-13,168.33,172.4,165.6,166.61,915351.0
GREAVESCOT,2026-05-14,167.5,169.58,163.15,165.25,828722.0
GREAVESCOT,2026-05-15,165.15,168.4,163.1,165.76,687249.0
GREAVESCOT,2026-05-18,165.22,165.22,157.57,160.48,967625.0
GREAVESCOT,2026-05-19,160.5,171.64,160.11,170.1,1559621.0
GREAVESCOT,2026-05-20,168.72,172.5,166.91,168.04,811157.0
GREAVESCOT,2026-05-21,168.04,172.05,168.04,169.25,624007.0
GREAVESCOT,2026-05-22,169.4,170.49,168.12,169.45,385593.0
GREAVESCOT,2026-05-25,171.0,174.86,170.2,171.64,742173.0
GREAVESCOT,2026-05-26,171.5,183.49,171.5,181.51,3136567.0
GULFOILLUB,2025-05-21,1229.1,1242.9,1196.5,1201.5,140727.0
GULFOILLUB,2025-05-22,1212.4,1235.0,1162.1,1170.5,203854.0
GULFOILLUB,2025-05-23,1171.0,1261.8,1160.5,1236.9,490115.0
GULFOILLUB,2025-05-26,1244.0,1255.7,1209.5,1213.1,90270.0
GULFOILLUB,2025-05-27,1222.0,1222.0,1175.5,1179.8,177724.0
GULFOILLUB,2025-05-28,1183.2,1187.1,1155.6,1158.1,183460.0
GULFOILLUB,2025-05-29,1160.0,1185.6,1156.7,1176.9,84800.0
GULFOILLUB,2025-05-30,1179.9,1196.0,1163.8,1186.2,80249.0
GULFOILLUB,2025-06-02,1188.0,1191.1,1158.0,1160.2,121443.0
GULFOILLUB,2025-06-03,1170.2,1218.6,1170.2,1175.7,271489.0
GULFOILLUB,2025-06-04,1178.0,1198.9,1165.5,1167.0,117207.0
GULFOILLUB,2025-06-05,1174.6,1185.0,1156.0,1157.8,127091.0
GULFOILLUB,2025-06-06,1169.4,1182.1,1145.0,1147.7,116497.0
GULFOILLUB,2025-06-09,1155.2,1180.0,1150.1,1176.5,82232.0
GULFOILLUB,2025-06-10,1180.0,1245.0,1180.0,1234.6,362251.0
GULFOILLUB,2025-06-11,1246.9,1254.9,1226.6,1237.7,134290.0
GULFOILLUB,2025-06-12,1244.9,1245.7,1213.9,1218.7,61211.0
GULFOILLUB,2025-06-13,1200.0,1219.3,1178.5,1212.0,79093.0
GULFOILLUB,2025-06-16,1205.0,1225.0,1186.8,1218.5,73265.0
GULFOILLUB,2025-06-17,1224.0,1238.9,1201.0,1216.0,79522.0
GULFOILLUB,2025-06-18,1223.8,1234.0,1206.6,1214.4,84254.0
GULFOILLUB,2025-06-19,1220.0,1220.0,1183.9,1203.8,60645.0
GULFOILLUB,2025-06-20,1203.8,1218.0,1186.5,1202.7,80823.0
GULFOILLUB,2025-06-23,1185.0,1199.7,1171.1,1174.4,90629.0
GULFOILLUB,2025-06-24,1189.7,1199.5,1178.6,1185.4,49465.0
GULFOILLUB,2025-06-25,1197.5,1224.6,1197.2,1217.4,80606.0
GULFOILLUB,2025-06-26,1225.9,1225.9,1201.0,1215.0,43713.0
GULFOILLUB,2025-06-27,1227.5,1230.2,1210.4,1220.9,48130.0
GULFOILLUB,2025-06-30,1226.0,1270.0,1222.3,1262.6,209502.0
GULFOILLUB,2025-07-01,1294.7,1331.9,1251.1,1257.1,368928.0
GULFOILLUB,2025-07-02,1257.1,1270.0,1242.4,1265.1,97532.0
GULFOILLUB,2025-07-03,1270.0,1273.3,1250.0,1266.1,45142.0
GULFOILLUB,2025-07-04,1266.1,1293.8,1261.3,1266.6,120787.0
GULFOILLUB,2025-07-07,1262.0,1276.7,1231.5,1241.0,188124.0
GULFOILLUB,2025-07-08,1236.0,1281.8,1235.0,1258.6,131776.0
GULFOILLUB,2025-07-09,1266.8,1278.0,1253.9,1262.8,59663.0
GULFOILLUB,2025-07-10,1270.0,1279.7,1248.0,1254.1,81685.0
GULFOILLUB,2025-07-11,1254.3,1266.1,1234.2,1240.9,49100.0
GULFOILLUB,2025-07-14,1242.1,1249.0,1220.0,1227.6,56748.0
GULFOILLUB,2025-07-15,1227.6,1248.0,1225.8,1231.2,45224.0
GULFOILLUB,2025-07-16,1238.5,1271.0,1235.8,1257.3,100471.0
GULFOILLUB,2025-07-17,1263.0,1274.9,1249.6,1252.9,86168.0
GULFOILLUB,2025-07-18,1261.0,1268.0,1234.4,1237.9,77685.0
GULFOILLUB,2025-07-21,1239.1,1249.3,1216.5,1224.1,89575.0
GULFOILLUB,2025-07-22,1234.9,1248.0,1230.1,1236.5,28385.0
GULFOILLUB,2025-07-23,1230.0,1251.4,1223.0,1234.9,45086.0
GULFOILLUB,2025-07-24,1239.9,1245.0,1224.0,1240.8,55076.0
GULFOILLUB,2025-07-25,1235.5,1264.4,1225.0,1229.0,162957.0
GULFOILLUB,2025-07-28,1229.0,1236.5,1175.2,1180.6,102272.0
GULFOILLUB,2025-07-29,1188.5,1217.0,1183.0,1210.0,72712.0
GULFOILLUB,2025-07-30,1211.2,1223.0,1204.0,1218.7,30335.0
GULFOILLUB,2025-07-31,1200.0,1217.5,1180.9,1208.8,33392.0
GULFOILLUB,2025-08-01,1207.6,1212.4,1168.0,1171.7,44672.0
GULFOILLUB,2025-08-04,1176.0,1191.9,1172.8,1187.4,35483.0
GULFOILLUB,2025-08-05,1187.4,1188.6,1165.2,1172.9,38063.0
GULFOILLUB,2025-08-06,1172.9,1180.8,1151.0,1159.6,62258.0
GULFOILLUB,2025-08-07,1159.0,1176.7,1150.0,1162.0,36108.0
GULFOILLUB,2025-08-08,1169.5,1180.8,1160.4,1171.6,25482.0
GULFOILLUB,2025-08-11,1172.0,1179.5,1167.3,1173.4,27169.0
GULFOILLUB,2025-08-12,1174.6,1180.0,1156.0,1160.2,80855.0
GULFOILLUB,2025-08-13,1167.8,1191.7,1166.0,1174.9,97512.0
GULFOILLUB,2025-08-14,1191.0,1195.0,1143.6,1160.8,149755.0
GULFOILLUB,2025-08-18,1163.9,1191.5,1160.0,1185.5,66409.0
GULFOILLUB,2025-08-19,1193.5,1230.0,1188.6,1225.6,62080.0
GULFOILLUB,2025-08-20,1227.0,1244.1,1219.6,1240.8,40972.0
GULFOILLUB,2025-08-21,1240.0,1257.0,1230.0,1253.3,48006.0
GULFOILLUB,2025-08-22,1251.0,1260.1,1233.4,1242.0,37753.0
GULFOILLUB,2025-08-25,1242.3,1270.9,1240.8,1248.8,60447.0
GULFOILLUB,2025-08-26,1254.0,1257.2,1227.6,1239.5,60900.0
GULFOILLUB,2025-08-28,1245.8,1250.0,1225.0,1234.5,43435.0
GULFOILLUB,2025-08-29,1235.0,1251.0,1226.1,1249.6,35193.0
GULFOILLUB,2025-09-01,1255.0,1282.8,1253.0,1273.4,76895.0
GULFOILLUB,2025-09-02,1270.0,1295.0,1266.0,1279.4,103413.0
GULFOILLUB,2025-09-03,1265.8,1273.7,1247.7,1264.5,195491.0
GULFOILLUB,2025-09-04,1273.9,1274.8,1251.0,1264.7,85565.0
GULFOILLUB,2025-09-05,1265.0,1272.5,1250.0,1252.4,42881.0
GULFOILLUB,2025-09-08,1260.4,1274.6,1246.8,1270.3,54997.0
GULFOILLUB,2025-09-09,1278.0,1294.0,1270.0,1281.8,75162.0
GULFOILLUB,2025-09-10,1281.9,1309.7,1273.0,1291.8,118604.0
GULFOILLUB,2025-09-11,1291.8,1316.4,1291.8,1313.1,104236.0
GULFOILLUB,2025-09-12,1324.6,1324.6,1295.0,1300.8,65595.0
GULFOILLUB,2025-09-15,1309.6,1313.4,1301.0,1304.2,53557.0
GULFOILLUB,2025-09-16,1311.0,1329.0,1305.0,1311.0,74858.0
GULFOILLUB,2025-09-17,1320.0,1326.0,1306.7,1308.5,180876.0
GULFOILLUB,2025-09-18,1308.5,1317.8,1287.5,1295.4,137963.0
GULFOILLUB,2025-09-19,1270.0,1282.6,1250.1,1275.1,125151.0
GULFOILLUB,2025-09-22,1275.0,1275.0,1247.1,1254.4,85431.0
GULFOILLUB,2025-09-23,1256.0,1259.9,1219.8,1220.9,55215.0
GULFOILLUB,2025-09-24,1221.2,1250.2,1218.7,1242.0,51930.0
GULFOILLUB,2025-09-25,1241.6,1248.2,1221.0,1225.1,39626.0
GULFOILLUB,2025-09-26,1225.1,1228.5,1205.0,1215.5,44149.0
GULFOILLUB,2025-09-29,1215.5,1230.0,1204.9,1225.3,35155.0
GULFOILLUB,2025-09-30,1223.4,1225.3,1190.2,1210.2,54407.0
GULFOILLUB,2025-10-01,1211.0,1245.0,1204.4,1239.9,59213.0
GULFOILLUB,2025-10-03,1240.0,1243.2,1205.0,1226.0,37796.0
GULFOILLUB,2025-10-06,1226.0,1233.1,1208.0,1231.0,58322.0
GULFOILLUB,2025-10-07,1232.0,1234.2,1216.9,1229.5,47948.0
GULFOILLUB,2025-10-08,1237.5,1240.7,1198.8,1209.4,70051.0
GULFOILLUB,2025-10-09,1216.4,1227.4,1204.6,1221.2,27425.0
GULFOILLUB,2025-10-10,1223.4,1223.5,1199.0,1201.9,50984.0
GULFOILLUB,2025-10-13,1201.9,1229.8,1197.4,1221.6,38514.0
GULFOILLUB,2025-10-14,1212.1,1229.9,1207.6,1214.6,33609.0
GULFOILLUB,2025-10-15,1214.6,1230.9,1210.0,1218.5,22512.0
GULFOILLUB,2025-10-16,1218.5,1234.8,1218.0,1226.9,26806.0
GULFOILLUB,2025-10-17,1229.9,1229.9,1211.0,1216.8,12038.0
GULFOILLUB,2025-10-20,1216.8,1218.3,1194.9,1205.9,30910.0
GULFOILLUB,2025-10-21,1218.0,1235.0,1203.2,1213.7,9587.0
GULFOILLUB,2025-10-23,1215.0,1243.9,1205.1,1209.4,57024.0
GULFOILLUB,2025-10-24,1215.0,1245.0,1206.0,1221.8,40211.0
GULFOILLUB,2025-10-27,1222.8,1228.4,1210.8,1222.4,26955.0
GULFOILLUB,2025-10-28,1222.4,1230.0,1216.0,1222.4,20264.0
GULFOILLUB,2025-10-29,1221.0,1230.0,1216.4,1222.7,19719.0
GULFOILLUB,2025-10-30,1222.5,1240.9,1219.4,1237.8,34423.0
GULFOILLUB,2025-10-31,1237.0,1242.0,1222.6,1236.8,41854.0
GULFOILLUB,2025-11-03,1236.9,1262.0,1234.2,1255.4,46787.0
GULFOILLUB,2025-11-04,1253.5,1289.4,1251.2,1264.3,72195.0
GULFOILLUB,2025-11-06,1260.0,1264.0,1216.1,1243.2,114750.0
GULFOILLUB,2025-11-07,1243.8,1246.2,1214.4,1224.1,46241.0
GULFOILLUB,2025-11-10,1232.0,1232.0,1200.0,1219.2,47754.0
GULFOILLUB,2025-11-11,1213.2,1220.0,1198.0,1216.3,41006.0
GULFOILLUB,2025-11-12,1215.0,1255.9,1209.9,1226.7,48556.0
GULFOILLUB,2025-11-13,1226.7,1227.4,1217.0,1219.6,25064.0
GULFOILLUB,2025-11-14,1211.5,1222.9,1204.3,1208.5,36273.0
GULFOILLUB,2025-11-17,1216.3,1224.4,1199.8,1203.7,24221.0
GULFOILLUB,2025-11-18,1211.5,1211.5,1162.9,1168.3,67144.0
GULFOILLUB,2025-11-19,1175.9,1175.9,1161.0,1169.6,27799.0
GULFOILLUB,2025-11-20,1180.0,1183.2,1168.3,1180.0,28931.0
GULFOILLUB,2025-11-21,1181.2,1184.0,1165.0,1174.4,42091.0
GULFOILLUB,2025-11-24,1181.9,1181.9,1151.0,1155.7,31630.0
GULFOILLUB,2025-11-25,1159.9,1185.0,1150.2,1178.9,39113.0
GULFOILLUB,2025-11-26,1179.9,1195.0,1170.4,1187.8,39299.0
GULFOILLUB,2025-11-27,1200.0,1200.0,1170.1,1176.1,23800.0
GULFOILLUB,2025-11-28,1183.8,1188.0,1169.6,1181.8,22114.0
GULFOILLUB,2025-12-01,1179.2,1190.0,1167.2,1184.6,23452.0
GULFOILLUB,2025-12-02,1178.7,1180.0,1163.6,1176.1,25821.0
GULFOILLUB,2025-12-03,1176.7,1182.3,1141.6,1159.6,38528.0
GULFOILLUB,2025-12-04,1166.5,1177.0,1147.3,1168.0,30147.0
GULFOILLUB,2025-12-05,1175.0,1175.0,1142.1,1150.7,25224.0
GULFOILLUB,2025-12-08,1144.1,1158.7,1120.0,1130.0,40595.0
GULFOILLUB,2025-12-09,1121.0,1200.0,1117.0,1139.4,46160.0
GULFOILLUB,2025-12-10,1138.0,1155.9,1128.7,1133.4,28526.0
GULFOILLUB,2025-12-11,1140.7,1140.7,1118.0,1133.6,44035.0
GULFOILLUB,2025-12-12,1136.6,1167.2,1130.1,1159.2,35375.0
GULFOILLUB,2025-12-15,1159.2,1189.5,1151.0,1184.0,38463.0
GULFOILLUB,2025-12-16,1184.0,1209.8,1178.4,1198.6,49483.0
GULFOILLUB,2025-12-17,1193.5,1206.6,1183.4,1198.8,31093.0
GULFOILLUB,2025-12-18,1199.7,1201.4,1189.9,1197.1,25957.0
GULFOILLUB,2025-12-19,1200.0,1213.0,1189.8,1211.5,38689.0
GULFOILLUB,2025-12-22,1219.5,1230.0,1206.5,1220.9,43981.0
GULFOILLUB,2025-12-23,1220.9,1225.3,1211.1,1217.7,37211.0
GULFOILLUB,2025-12-24,1210.2,1224.5,1191.8,1195.3,43236.0
GULFOILLUB,2025-12-26,1197.7,1225.7,1183.8,1191.2,59226.0
GULFOILLUB,2025-12-29,1181.5,1200.0,1147.7,1190.4,50390.0
GULFOILLUB,2025-12-30,1185.1,1207.9,1181.2,1188.2,32833.0
GULFOILLUB,2025-12-31,1193.8,1203.1,1185.4,1200.4,19064.0
GULFOILLUB,2026-01-01,1204.0,1223.4,1198.7,1215.8,59077.0
GULFOILLUB,2026-01-02,1215.8,1219.9,1194.7,1211.7,37328.0
GULFOILLUB,2026-01-05,1211.5,1211.5,1181.3,1194.9,33047.0
GULFOILLUB,2026-01-06,1202.7,1202.7,1173.2,1175.4,25142.0
GULFOILLUB,2026-01-07,1173.0,1174.0,1160.6,1170.5,22350.0
GULFOILLUB,2026-01-08,1165.0,1180.8,1155.3,1165.3,36158.0
GULFOILLUB,2026-01-09,1171.4,1171.4,1144.3,1146.9,31406.0
GULFOILLUB,2026-01-12,1146.0,1161.8,1120.0,1145.5,27604.0
GULFOILLUB,2026-01-13,1152.9,1152.9,1130.1,1133.3,19903.0
GULFOILLUB,2026-01-14,1139.3,1144.3,1120.8,1123.4,21428.0
GULFOILLUB,2026-01-16,1119.0,1129.0,1086.6,1114.5,122143.0
GULFOILLUB,2026-01-19,1119.0,1120.0,1096.0,1100.4,21493.0
GULFOILLUB,2026-01-20,1098.0,1118.0,1092.8,1114.9,98354.0
GULFOILLUB,2026-01-21,1114.9,1138.8,1090.0,1094.8,45581.0
GULFOILLUB,2026-01-22,1094.8,1121.1,1084.8,1097.5,16443.0
GULFOILLUB,2026-01-23,1100.9,1104.0,1051.5,1053.4,41100.0
GULFOILLUB,2026-01-27,1043.6,1055.0,1016.3,1047.6,75427.0
GULFOILLUB,2026-01-28,1053.0,1088.0,1038.1,1083.1,50431.0
GULFOILLUB,2026-01-29,1083.1,1090.0,1063.2,1070.2,18094.0
GULFOILLUB,2026-01-30,1060.0,1099.0,1051.3,1089.8,39490.0
GULFOILLUB,2026-02-01,1083.6,1116.3,1083.6,1107.5,17548.0
GULFOILLUB,2026-02-02,1114.7,1114.7,1076.9,1101.8,25575.0
GULFOILLUB,2026-02-03,1140.0,1153.9,1109.0,1138.5,40264.0
GULFOILLUB,2026-02-04,1138.5,1158.9,1122.0,1133.6,37523.0
GULFOILLUB,2026-02-05,1133.6,1137.7,1113.6,1116.4,24823.0
GULFOILLUB,2026-02-06,1122.3,1122.3,1099.2,1115.0,23886.0
GULFOILLUB,2026-02-09,1119.7,1170.4,1118.6,1166.3,31455.0
GULFOILLUB,2026-02-10,1164.9,1194.2,1131.1,1183.5,89278.0
GULFOILLUB,2026-02-11,1193.6,1195.3,1168.3,1187.0,54433.0
GULFOILLUB,2026-02-12,1175.0,1186.4,1155.0,1158.1,69607.0
GULFOILLUB,2026-02-13,1138.0,1141.9,1108.7,1124.3,37121.0
GULFOILLUB,2026-02-16,1111.2,1118.6,1085.0,1113.7,35007.0
GULFOILLUB,2026-02-17,1110.0,1128.0,1105.0,1107.0,18032.0
GULFOILLUB,2026-02-18,1102.0,1113.5,1094.5,1105.6,30167.0
GULFOILLUB,2026-02-19,1109.0,1114.3,1083.3,1094.8,54379.0
GULFOILLUB,2026-02-20,1090.1,1100.5,1075.0,1080.4,32227.0
GULFOILLUB,2026-02-23,1080.4,1086.5,1070.0,1078.6,25041.0
GULFOILLUB,2026-02-24,1078.0,1084.2,1056.3,1072.2,22630.0
GULFOILLUB,2026-02-25,1072.2,1097.6,1069.9,1092.8,31452.0
GULFOILLUB,2026-02-26,1092.0,1100.4,1086.8,1093.2,28378.0
GULFOILLUB,2026-02-27,1093.1,1113.0,1078.8,1104.3,28550.0
GULFOILLUB,2026-03-02,1038.3,1090.1,1035.1,1072.7,73246.0
GULFOILLUB,2026-03-04,1045.1,1067.9,1029.1,1045.9,50245.0
GULFOILLUB,2026-03-05,1049.9,1080.0,1004.0,1022.0,90395.0
GULFOILLUB,2026-03-06,1019.0,1038.7,1010.7,1015.9,33048.0
GULFOILLUB,2026-03-09,995.6,1010.0,975.1,979.0,55362.0
GULFOILLUB,2026-03-10,993.6,1042.3,971.1,1030.1,56746.0
GULFOILLUB,2026-03-11,1030.1,1035.5,1007.1,1017.2,43796.0
GULFOILLUB,2026-03-12,1022.0,1029.4,990.0,1010.0,70691.0
GULFOILLUB,2026-03-13,1013.3,1017.2,989.0,995.6,50405.0
GULFOILLUB,2026-03-16,995.6,999.7,961.8,973.0,74157.0
GULFOILLUB,2026-03-17,973.0,973.0,942.0,964.9,208924.0
GULFOILLUB,2026-03-18,965.0,987.0,956.1,969.7,88516.0
GULFOILLUB,2026-03-19,964.7,966.2,921.3,925.8,53677.0
GULFOILLUB,2026-03-20,939.7,939.7,913.0,919.3,68227.0
GULFOILLUB,2026-03-23,922.3,924.1,865.0,870.2,129492.0
GULFOILLUB,2026-03-24,885.8,942.3,875.6,929.7,115452.0
GULFOILLUB,2026-03-25,945.0,965.4,922.0,942.7,59533.0
GULFOILLUB,2026-03-27,947.5,948.7,901.1,905.3,175454.0
GULFOILLUB,2026-03-30,905.0,909.0,880.0,889.5,67273.0
GULFOILLUB,2026-04-01,915.0,918.0,890.15,896.45,129963.0
GULFOILLUB,2026-04-02,880.0,893.95,866.15,889.2,90501.0
GULFOILLUB,2026-04-06,903.0,903.0,873.0,887.25,131860.0
GULFOILLUB,2026-04-07,897.85,897.85,872.0,879.6,130217.0
GULFOILLUB,2026-04-08,925.0,933.8,906.35,918.45,155024.0
GULFOILLUB,2026-04-09,923.0,923.0,886.1,894.75,126886.0
GULFOILLUB,2026-04-10,909.95,919.0,895.85,903.7,126731.0
GULFOILLUB,2026-04-13,890.2,898.85,877.65,891.3,132377.0
GULFOILLUB,2026-04-15,914.0,933.75,907.0,930.6,91037.0
GULFOILLUB,2026-04-16,948.4,963.85,935.3,951.7,89945.0
GULFOILLUB,2026-04-17,957.0,978.8,947.7,970.9,56413.0
GULFOILLUB,2026-04-20,978.0,978.0,957.0,964.0,42824.0
GULFOILLUB,2026-04-21,964.0,1005.0,960.05,995.6,62659.0
GULFOILLUB,2026-04-22,998.0,999.15,985.0,989.95,26606.0
GULFOILLUB,2026-04-23,981.05,990.85,963.5,972.05,43854.0
GULFOILLUB,2026-04-24,978.0,980.15,959.05,969.5,69045.0
GULFOILLUB,2026-04-27,974.9,997.75,967.05,993.0,58077.0
GULFOILLUB,2026-04-28,993.0,997.7,981.0,990.05,45910.0
GULFOILLUB,2026-04-29,1013.95,1013.95,988.75,994.3,50296.0
GULFOILLUB,2026-04-30,990.05,995.05,970.55,983.3,53912.0
GULFOILLUB,2026-05-04,990.0,996.45,974.5,977.95,25350.0
GULFOILLUB,2026-05-05,977.95,981.15,956.1,958.85,34120.0
GULFOILLUB,2026-05-06,960.0,1015.0,959.75,1011.7,90798.0
GULFOILLUB,2026-05-07,1012.0,1019.55,999.15,1006.75,45259.0
GULFOILLUB,2026-05-08,1006.75,1006.75,987.2,1000.8,40854.0
GULFOILLUB,2026-05-11,1000.0,1000.0,977.1,980.9,37905.0
GULFOILLUB,2026-05-12,975.0,979.95,943.2,947.65,43234.0
GULFOILLUB,2026-05-13,930.65,950.0,930.55,932.2,38571.0
GULFOILLUB,2026-05-14,942.0,952.0,928.8,936.5,30154.0
GULFOILLUB,2026-05-15,946.7,960.0,936.0,942.25,41388.0
GULFOILLUB,2026-05-18,933.85,933.85,892.0,905.5,71899.0
GULFOILLUB,2026-05-19,909.9,918.85,895.6,905.95,57919.0
GULFOILLUB,2026-05-20,908.0,910.9,886.0,901.65,71542.0
GULFOILLUB,2026-05-21,910.2,915.2,890.0,896.5,86065.0
GULFOILLUB,2026-05-22,896.5,909.0,886.0,901.5,79311.0
GULFOILLUB,2026-05-25,908.9,941.9,903.0,924.6,69837.0
GULFOILLUB,2026-05-26,920.0,953.35,920.0,931.25,40028.0
GULFPETRO,2025-05-21,43.2,44.14,43.2,43.93,62983.0
GULFPETRO,2025-05-22,44.1,44.29,43.11,43.55,66778.0
GULFPETRO,2025-05-23,44.0,44.69,43.75,43.98,149401.0
GULFPETRO,2025-05-26,44.3,45.3,43.48,44.05,72649.0
GULFPETRO,2025-05-27,44.7,44.7,43.01,43.86,58080.0
GULFPETRO,2025-05-28,43.86,44.69,43.55,43.86,112784.0
GULFPETRO,2025-05-29,45.0,49.68,44.5,48.32,1381220.0
GULFPETRO,2025-05-30,48.9,51.95,48.25,50.43,1104105.0
GULFPETRO,2025-06-02,51.0,51.55,49.2,49.87,306466.0
GULFPETRO,2025-06-03,50.6,50.6,48.0,48.25,181853.0
GULFPETRO,2025-06-04,48.25,48.86,46.2,46.98,205985.0
GULFPETRO,2025-06-05,47.41,50.3,47.25,47.58,412954.0
GULFPETRO,2025-06-06,47.94,51.0,47.0,48.79,602663.0
GULFPETRO,2025-06-09,49.18,49.95,47.7,48.12,279264.0
GULFPETRO,2025-06-10,48.0,48.64,47.6,48.29,256064.0
GULFPETRO,2025-06-11,48.2,49.5,47.01,47.48,350123.0
GULFPETRO,2025-06-12,47.42,48.0,46.3,46.63,231714.0
GULFPETRO,2025-06-13,45.75,46.31,45.06,45.97,194059.0
GULFPETRO,2025-06-16,45.61,46.18,45.01,45.58,128997.0
GULFPETRO,2025-06-17,45.25,47.53,45.11,46.28,289171.0
GULFPETRO,2025-06-18,46.45,46.67,45.02,45.38,141221.0
GULFPETRO,2025-06-19,45.1,46.0,44.1,44.45,129165.0
GULFPETRO,2025-06-20,44.22,45.49,44.1,45.21,118991.0
GULFPETRO,2025-06-23,44.52,47.69,44.36,46.19,195258.0
GULFPETRO,2025-06-24,46.19,46.9,45.12,45.39,138638.0
GULFPETRO,2025-06-25,46.4,46.71,45.66,46.39,127368.0
GULFPETRO,2025-06-26,46.8,46.8,45.84,46.17,65868.0
GULFPETRO,2025-06-27,46.3,46.5,45.1,45.62,120817.0
GULFPETRO,2025-06-30,45.95,46.4,45.0,45.54,134041.0
GULFPETRO,2025-07-01,46.39,46.39,45.27,45.55,92933.0
GULFPETRO,2025-07-02,46.1,46.1,45.08,45.33,65817.0
GULFPETRO,2025-07-03,45.3,46.59,45.01,45.67,142825.0
GULFPETRO,2025-07-04,46.0,46.0,44.84,45.23,160230.0
GULFPETRO,2025-07-07,45.3,45.93,44.46,44.77,100048.0
GULFPETRO,2025-07-08,45.35,45.35,44.21,44.55,85321.0
GULFPETRO,2025-07-09,45.3,46.6,44.61,45.88,347582.0
GULFPETRO,2025-07-10,45.9,45.9,44.8,45.14,116911.0
GULFPETRO,2025-07-11,44.6,45.38,44.15,44.5,93249.0
GULFPETRO,2025-07-14,44.5,45.19,44.32,44.94,53019.0
GULFPETRO,2025-07-15,45.12,45.5,44.7,45.33,81137.0
GULFPETRO,2025-07-16,45.35,45.49,44.86,45.01,77942.0
GULFPETRO,2025-07-17,45.23,45.39,44.8,45.13,73726.0
GULFPETRO,2025-07-18,45.0,45.97,44.37,44.96,160212.0
GULFPETRO,2025-07-21,45.6,45.6,44.47,44.6,69827.0
GULFPETRO,2025-07-22,44.79,44.99,44.41,44.6,31544.0
GULFPETRO,2025-07-23,44.99,44.99,44.21,44.65,47049.0
GULFPETRO,2025-07-24,44.51,45.26,44.05,44.19,72440.0
GULFPETRO,2025-07-25,44.9,44.9,43.14,43.23,62005.0
GULFPETRO,2025-07-28,43.47,43.47,41.7,41.95,87598.0
GULFPETRO,2025-07-29,42.4,42.44,41.55,42.03,34892.0
GULFPETRO,2025-07-30,42.03,42.54,41.8,41.91,48795.0
GULFPETRO,2025-07-31,41.68,42.36,41.05,41.71,47572.0
GULFPETRO,2025-08-01,41.42,42.64,41.25,41.39,47533.0
GULFPETRO,2025-08-04,41.99,41.99,40.64,41.23,68925.0
GULFPETRO,2025-08-05,42.0,42.0,40.9,41.2,53972.0
GULFPETRO,2025-08-06,41.65,41.65,41.0,41.04,28507.0
GULFPETRO,2025-08-07,41.23,41.45,40.83,41.12,59547.0
GULFPETRO,2025-08-08,41.89,41.89,40.67,40.94,40843.0
GULFPETRO,2025-08-11,40.28,41.5,40.28,40.99,27517.0
GULFPETRO,2025-08-12,41.5,42.2,41.11,41.93,47475.0
GULFPETRO,2025-08-13,41.01,41.98,41.01,41.47,22340.0
GULFPETRO,2025-08-14,41.85,41.85,41.06,41.25,18253.0
GULFPETRO,2025-08-18,41.9,42.36,41.3,41.95,45293.0
GULFPETRO,2025-08-19,41.3,42.0,41.01,41.41,86227.0
GULFPETRO,2025-08-20,41.85,42.11,41.11,41.49,25697.0
GULFPETRO,2025-08-21,41.88,42.63,41.57,42.15,41363.0
GULFPETRO,2025-08-22,42.2,43.54,41.82,43.16,58229.0
GULFPETRO,2025-08-25,43.15,43.15,42.01,42.32,35791.0
GULFPETRO,2025-08-26,41.51,42.32,41.03,41.14,48272.0
GULFPETRO,2025-08-28,41.62,41.62,40.66,41.23,18950.0
GULFPETRO,2025-08-29,41.4,41.48,40.72,40.93,30954.0
GULFPETRO,2025-09-01,41.49,41.5,40.8,41.01,26519.0
GULFPETRO,2025-09-02,41.5,42.4,41.39,41.82,32810.0
GULFPETRO,2025-09-03,42.0,42.2,41.32,42.06,41348.0
GULFPETRO,2025-09-04,42.2,42.5,41.5,41.71,23057.0
GULFPETRO,2025-09-05,42.04,42.04,40.98,41.21,55468.0
GULFPETRO,2025-09-08,42.0,42.0,40.93,41.14,43769.0
GULFPETRO,2025-09-09,41.55,41.99,40.97,41.04,30035.0
GULFPETRO,2025-09-10,41.59,41.59,40.75,40.94,61410.0
GULFPETRO,2025-09-11,41.04,41.99,40.7,41.63,60958.0
GULFPETRO,2025-09-12,41.63,42.0,41.02,41.38,60699.0
GULFPETRO,2025-09-15,41.11,42.0,41.11,41.77,48506.0
GULFPETRO,2025-09-16,42.0,42.43,41.85,42.26,66378.0
GULFPETRO,2025-09-17,42.0,42.9,41.8,41.99,53726.0
GULFPETRO,2025-09-18,41.99,42.78,41.99,42.39,62961.0
GULFPETRO,2025-09-19,42.2,42.63,40.99,41.35,100540.0
GULFPETRO,2025-09-22,41.9,41.9,41.0,41.14,33533.0
GULFPETRO,2025-09-23,41.93,41.93,40.95,41.28,26440.0
GULFPETRO,2025-09-24,41.28,41.5,40.2,40.95,58430.0
GULFPETRO,2025-09-25,40.3,41.43,40.3,40.63,31555.0
GULFPETRO,2025-09-26,41.38,41.4,39.8,40.08,88426.0
GULFPETRO,2025-09-29,40.9,41.15,40.06,40.18,22057.0
GULFPETRO,2025-09-30,39.8,40.96,39.8,39.88,20051.0
GULFPETRO,2025-10-01,39.9,40.5,39.7,40.3,46683.0
GULFPETRO,2025-10-03,40.3,40.62,40.08,40.41,38602.0
GULFPETRO,2025-10-06,40.5,40.84,40.0,40.1,47353.0
GULFPETRO,2025-10-07,40.7,40.7,40.0,40.26,36768.0
GULFPETRO,2025-10-08,40.84,40.84,39.2,39.82,64685.0
GULFPETRO,2025-10-09,40.2,40.2,39.8,39.81,20631.0
GULFPETRO,2025-10-10,39.81,40.67,39.7,40.17,55085.0
GULFPETRO,2025-10-13,40.0,40.9,39.72,39.97,29735.0
GULFPETRO,2025-10-14,40.2,40.5,39.59,39.8,29030.0
GULFPETRO,2025-10-15,40.49,40.49,39.51,39.79,18819.0
GULFPETRO,2025-10-16,39.6,40.33,39.6,39.8,21751.0
GULFPETRO,2025-10-17,40.48,40.48,39.5,39.65,21654.0
GULFPETRO,2025-10-20,40.29,40.29,39.52,39.65,42562.0
GULFPETRO,2025-10-21,40.15,40.65,39.55,40.07,15857.0
GULFPETRO,2025-10-23,39.64,40.42,39.64,40.14,30035.0
GULFPETRO,2025-10-24,40.14,40.15,39.8,39.89,17845.0
GULFPETRO,2025-10-27,40.0,40.15,39.01,39.49,72976.0
GULFPETRO,2025-10-28,39.96,40.0,39.29,39.48,51208.0
GULFPETRO,2025-10-29,39.95,40.05,39.5,39.91,72534.0
GULFPETRO,2025-10-30,39.85,40.78,39.85,40.07,74935.0
GULFPETRO,2025-10-31,40.2,40.33,39.35,39.91,50931.0
GULFPETRO,2025-11-03,40.0,41.2,39.8,40.13,60831.0
GULFPETRO,2025-11-04,39.8,40.35,39.8,40.07,25908.0
GULFPETRO,2025-11-06,40.07,40.35,39.27,39.86,33536.0
GULFPETRO,2025-11-07,39.9,40.05,39.03,39.9,34095.0
GULFPETRO,2025-11-10,39.99,40.09,39.0,39.33,36697.0
GULFPETRO,2025-11-11,39.33,39.67,39.0,39.13,41385.0
GULFPETRO,2025-11-12,39.0,39.65,38.99,39.36,41157.0
GULFPETRO,2025-11-13,38.82,39.67,38.25,38.73,68368.0
GULFPETRO,2025-11-14,38.7,39.0,38.5,38.59,35305.0
GULFPETRO,2025-11-17,38.52,38.66,38.1,38.19,44122.0
GULFPETRO,2025-11-18,38.48,38.48,37.25,37.83,54517.0
GULFPETRO,2025-11-19,37.45,38.19,37.25,37.35,99792.0
GULFPETRO,2025-11-20,37.4,37.91,37.12,37.44,60873.0
GULFPETRO,2025-11-21,37.75,37.75,37.0,37.05,58156.0
GULFPETRO,2025-11-24,37.39,37.4,36.0,36.1,67606.0
GULFPETRO,2025-11-25,36.5,36.64,35.81,35.97,38562.0
GULFPETRO,2025-11-26,35.81,38.55,35.67,37.37,68034.0
GULFPETRO,2025-11-27,38.5,38.5,37.24,37.71,33564.0
GULFPETRO,2025-11-28,37.5,38.25,37.21,37.72,26159.0
GULFPETRO,2025-12-01,37.4,38.0,37.4,37.72,18094.0
GULFPETRO,2025-12-02,37.99,37.99,37.0,37.14,20773.0
GULFPETRO,2025-12-03,37.45,37.45,36.2,36.47,33777.0
GULFPETRO,2025-12-04,36.47,36.99,35.0,35.75,55879.0
GULFPETRO,2025-12-05,36.45,36.5,35.75,36.15,36087.0
GULFPETRO,2025-12-08,36.15,36.15,34.5,34.92,71210.0
GULFPETRO,2025-12-09,35.0,36.4,34.51,35.61,35830.0
GULFPETRO,2025-12-10,35.61,36.04,35.1,35.32,25139.0
GULFPETRO,2025-12-11,35.32,35.67,32.91,34.73,112220.0
GULFPETRO,2025-12-12,35.23,35.87,35.0,35.19,42528.0
GULFPETRO,2025-12-15,35.19,35.5,35.0,35.34,21255.0
GULFPETRO,2025-12-16,35.34,36.4,35.34,35.9,40983.0
GULFPETRO,2025-12-17,36.0,36.73,35.51,36.5,26726.0
GULFPETRO,2025-12-18,36.5,36.5,35.25,35.6,20590.0
GULFPETRO,2025-12-19,35.5,36.4,35.06,35.72,34177.0
GULFPETRO,2025-12-22,36.45,36.45,35.2,35.79,40238.0
GULFPETRO,2025-12-23,36.0,36.89,35.46,36.27,49249.0
GULFPETRO,2025-12-24,36.45,36.5,35.72,35.91,33865.0
GULFPETRO,2025-12-26,35.64,35.9,35.28,35.68,33822.0
GULFPETRO,2025-12-29,35.2,36.1,35.2,35.53,67232.0
GULFPETRO,2025-12-30,35.53,35.54,34.0,34.86,63463.0
GULFPETRO,2025-12-31,34.86,35.8,34.67,35.19,61367.0
GULFPETRO,2026-01-01,35.0,35.79,34.4,34.74,53647.0
GULFPETRO,2026-01-02,35.2,36.07,34.81,35.79,41632.0
GULFPETRO,2026-01-05,35.79,36.47,34.76,35.08,43950.0
GULFPETRO,2026-01-06,35.01,37.05,34.8,35.19,47527.0
GULFPETRO,2026-01-07,35.55,35.79,34.97,35.32,30980.0
GULFPETRO,2026-01-08,35.79,35.79,34.0,34.25,59495.0
GULFPETRO,2026-01-09,34.51,34.66,33.71,34.04,49977.0
GULFPETRO,2026-01-12,34.04,34.04,33.1,33.59,44273.0
GULFPETRO,2026-01-13,33.56,34.5,33.36,33.74,45201.0
GULFPETRO,2026-01-14,33.75,35.69,33.58,34.04,82318.0
GULFPETRO,2026-01-16,34.04,34.44,33.05,33.23,55381.0
GULFPETRO,2026-01-19,33.1,33.43,32.2,32.82,35947.0
GULFPETRO,2026-01-20,32.7,32.7,32.0,32.04,37646.0
GULFPETRO,2026-01-21,32.4,32.5,30.0,31.8,106973.0
GULFPETRO,2026-01-22,32.0,33.09,31.77,32.06,27885.0
GULFPETRO,2026-01-23,33.0,33.37,31.0,31.32,63056.0
GULFPETRO,2026-01-27,31.93,31.93,30.92,31.16,45989.0
GULFPETRO,2026-01-28,31.05,33.49,31.05,32.89,77177.0
GULFPETRO,2026-01-29,33.05,33.39,32.11,32.81,51819.0
GULFPETRO,2026-01-30,32.81,33.96,32.4,33.58,41051.0
GULFPETRO,2026-02-01,33.07,33.79,32.0,32.15,47051.0
GULFPETRO,2026-02-02,33.77,33.77,31.51,31.81,46700.0
GULFPETRO,2026-02-03,34.0,34.0,32.02,32.56,30118.0
GULFPETRO,2026-02-04,33.1,33.5,32.57,33.15,56511.0
GULFPETRO,2026-02-05,33.34,33.5,32.8,33.08,35442.0
GULFPETRO,2026-02-06,33.49,33.49,31.81,32.54,40583.0
GULFPETRO,2026-02-09,33.1,33.36,32.7,33.01,47514.0
GULFPETRO,2026-02-10,33.01,34.5,33.01,34.16,98124.0
GULFPETRO,2026-02-11,34.2,35.0,33.61,34.81,49175.0
GULFPETRO,2026-02-12,34.95,34.95,33.55,33.97,43302.0
GULFPETRO,2026-02-13,34.0,35.45,33.05,34.91,61512.0
GULFPETRO,2026-02-16,35.5,35.5,31.65,32.7,98938.0
GULFPETRO,2026-02-17,32.55,33.99,32.55,33.67,38708.0
GULFPETRO,2026-02-18,34.45,34.45,33.27,33.6,13172.0
GULFPETRO,2026-02-19,33.76,34.12,33.12,33.52,20414.0
GULFPETRO,2026-02-20,33.51,33.6,32.91,33.01,18098.0
GULFPETRO,2026-02-23,33.0,34.29,32.51,32.81,25775.0
GULFPETRO,2026-02-24,33.13,33.84,32.13,32.32,27584.0
GULFPETRO,2026-02-25,32.97,33.49,31.99,32.56,14148.0
GULFPETRO,2026-02-26,32.3,32.96,31.9,32.17,66767.0
GULFPETRO,2026-02-27,32.0,32.79,32.0,32.08,36833.0
GULFPETRO,2026-03-02,31.55,31.92,31.0,31.11,68289.0
GULFPETRO,2026-03-04,30.0,32.88,30.0,32.14,156614.0
GULFPETRO,2026-03-05,32.5,33.12,31.5,31.62,78120.0
GULFPETRO,2026-03-06,31.62,32.72,30.55,31.04,39987.0
GULFPETRO,2026-03-09,31.2,31.9,30.5,30.6,50255.0
GULFPETRO,2026-03-10,31.25,31.86,30.61,30.95,67716.0
GULFPETRO,2026-03-11,31.8,31.8,30.1,30.42,90294.0
GULFPETRO,2026-03-12,30.35,31.75,30.35,31.47,48780.0
GULFPETRO,2026-03-13,32.1,32.79,30.2,30.6,88871.0
GULFPETRO,2026-03-16,30.1,30.59,28.27,28.61,134842.0
GULFPETRO,2026-03-17,28.94,29.49,28.0,28.29,109576.0
GULFPETRO,2026-03-18,28.29,29.81,28.29,29.29,150055.0
GULFPETRO,2026-03-19,29.9,29.9,28.1,28.31,72377.0
GULFPETRO,2026-03-20,28.7,28.98,28.1,28.24,124616.0
GULFPETRO,2026-03-23,28.1,28.45,27.05,27.06,167891.0
GULFPETRO,2026-03-24,28.7,28.77,26.91,27.33,120584.0
GULFPETRO,2026-03-25,27.5,28.4,27.01,27.25,140569.0
GULFPETRO,2026-03-27,27.0,27.94,25.5,25.63,202733.0
GULFPETRO,2026-03-30,25.2,25.51,23.25,23.94,116967.0
GULFPETRO,2026-04-01,24.5,25.92,24.5,25.88,55873.0
GULFPETRO,2026-04-02,25.75,27.57,25.12,27.37,56962.0
GULFPETRO,2026-04-06,27.64,28.9,27.2,28.69,78335.0
GULFPETRO,2026-04-07,28.65,30.28,28.48,30.02,109334.0
GULFPETRO,2026-04-08,31.7,32.1,30.6,31.1,148439.0
GULFPETRO,2026-04-09,31.1,33.68,30.69,32.46,230745.0
GULFPETRO,2026-04-10,33.0,33.5,32.67,33.3,90939.0
GULFPETRO,2026-04-13,32.35,32.81,31.5,32.36,79733.0
GULFPETRO,2026-04-15,33.5,34.4,32.79,34.07,135769.0
GULFPETRO,2026-04-16,34.6,34.86,33.36,33.59,83392.0
GULFPETRO,2026-04-17,33.4,33.99,33.4,33.75,51423.0
GULFPETRO,2026-04-20,33.78,34.4,32.21,33.75,60136.0
GULFPETRO,2026-04-21,33.4,33.99,33.0,33.17,38338.0
GULFPETRO,2026-04-22,32.9,33.57,32.9,33.2,23256.0
GULFPETRO,2026-04-23,32.6,33.2,32.35,32.58,31333.0
GULFPETRO,2026-04-24,32.9,32.9,32.0,32.1,13007.0
GULFPETRO,2026-04-27,31.4,32.93,31.4,32.78,30368.0
GULFPETRO,2026-04-28,32.69,33.54,32.69,33.01,28480.0
GULFPETRO,2026-04-29,33.01,33.95,33.01,33.46,35982.0
GULFPETRO,2026-04-30,33.59,33.6,32.5,32.87,28049.0
GULFPETRO,2026-05-04,33.3,33.59,33.0,33.12,19779.0
GULFPETRO,2026-05-05,33.12,33.5,33.0,33.34,17451.0
GULFPETRO,2026-05-06,33.99,34.25,33.22,33.91,61977.0
GULFPETRO,2026-05-07,34.0,35.7,34.0,35.34,103276.0
GULFPETRO,2026-05-08,36.0,36.0,34.5,35.55,87835.0
GULFPETRO,2026-05-11,35.0,35.0,34.17,34.33,40816.0
GULFPETRO,2026-05-12,33.4,34.97,33.4,33.46,41310.0
GULFPETRO,2026-05-13,33.2,33.49,32.51,33.33,27589.0
GULFPETRO,2026-05-14,33.97,34.39,33.0,33.23,30119.0
GULFPETRO,2026-05-15,34.0,34.0,32.5,33.16,22170.0
GULFPETRO,2026-05-18,33.85,33.85,32.5,33.15,21409.0
GULFPETRO,2026-05-19,33.15,33.73,32.53,32.86,32818.0
GULFPETRO,2026-05-20,33.02,33.05,32.5,32.96,27837.0
GULFPETRO,2026-05-21,33.09,33.7,32.22,32.88,22020.0
GULFPETRO,2026-05-22,33.21,33.21,32.2,32.63,36877.0
GULFPETRO,2026-05-25,33.0,33.78,33.0,33.29,44898.0
GULFPETRO,2026-05-26,34.0,34.5,32.56,33.27,50048.0
HCLTECH,2025-05-21,1645.0,1657.5,1628.4,1652.0,1420835.0
HCLTECH,2025-05-22,1638.4,1640.7,1614.0,1633.0,2202093.0
HCLTECH,2025-05-23,1633.0,1670.8,1622.5,1648.2,1459454.0
HCLTECH,2025-05-26,1652.4,1675.8,1645.6,1673.6,1078813.0
HCLTECH,2025-05-27,1673.8,1675.5,1641.5,1652.1,2740015.0
HCLTECH,2025-05-28,1664.0,1666.8,1647.0,1657.3,1775441.0
HCLTECH,2025-05-29,1670.0,1675.5,1655.6,1664.7,2374051.0
HCLTECH,2025-05-30,1664.7,1664.7,1627.3,1636.6,4408910.0
HCLTECH,2025-06-02,1625.1,1635.2,1605.7,1631.5,1883100.0
HCLTECH,2025-06-03,1646.9,1651.7,1617.0,1630.4,2380133.0
HCLTECH,2025-06-04,1631.0,1644.6,1622.2,1626.1,1659720.0
HCLTECH,2025-06-05,1634.9,1653.9,1624.6,1632.4,1409322.0
HCLTECH,2025-06-06,1631.2,1639.8,1622.0,1637.7,1261281.0
HCLTECH,2025-06-09,1648.0,1658.0,1639.0,1648.3,1299786.0
HCLTECH,2025-06-10,1653.3,1684.9,1649.0,1668.1,3055223.0
HCLTECH,2025-06-11,1676.0,1725.4,1666.0,1721.9,5085821.0
HCLTECH,2025-06-12,1725.0,1726.0,1695.0,1701.2,3607962.0
HCLTECH,2025-06-13,1666.0,1711.0,1664.6,1695.3,1988422.0
HCLTECH,2025-06-16,1692.0,1729.4,1683.4,1723.0,2116100.0
HCLTECH,2025-06-17,1728.0,1738.8,1720.0,1729.6,1777245.0
HCLTECH,2025-06-18,1727.9,1745.0,1710.0,1715.9,1794428.0
HCLTECH,2025-06-19,1719.7,1719.7,1697.2,1713.9,2514527.0
HCLTECH,2025-06-20,1713.9,1742.6,1709.1,1739.9,2719770.0
HCLTECH,2025-06-23,1729.2,1729.8,1699.2,1703.2,2221446.0
HCLTECH,2025-06-24,1719.9,1732.6,1689.2,1691.8,3601071.0
HCLTECH,2025-06-25,1702.0,1720.7,1701.0,1717.1,1307518.0
HCLTECH,2025-06-26,1710.0,1726.9,1702.7,1724.1,2971055.0
HCLTECH,2025-06-27,1735.0,1752.5,1710.8,1723.3,6478283.0
HCLTECH,2025-06-30,1725.0,1734.8,1713.3,1728.6,1855229.0
HCLTECH,2025-07-01,1728.6,1745.0,1714.0,1718.3,1639826.0
HCLTECH,2025-07-02,1722.0,1738.5,1711.0,1718.6,2069447.0
HCLTECH,2025-07-03,1716.0,1730.5,1706.5,1711.9,1839063.0
HCLTECH,2025-07-04,1715.0,1729.0,1706.2,1725.9,768500.0
HCLTECH,2025-07-07,1725.5,1725.5,1703.3,1710.4,1366412.0
HCLTECH,2025-07-08,1700.0,1718.9,1687.5,1708.1,2139193.0
HCLTECH,2025-07-09,1710.0,1714.3,1671.0,1674.0,2894808.0
HCLTECH,2025-07-10,1675.0,1679.9,1649.0,1663.7,2740853.0
HCLTECH,2025-07-11,1643.2,1655.5,1630.0,1638.3,2548153.0
HCLTECH,2025-07-14,1638.3,1638.3,1638.3,1638.3,324310.0
HCLTECH,2025-07-14,1640.0,1642.4,1607.0,1619.8,3334703.0
HCLTECH,2025-07-15,1590.0,1621.4,1550.0,1566.4,14685607.0
HCLTECH,2025-07-16,1566.4,1574.0,1560.0,1562.8,5218099.0
HCLTECH,2025-07-17,1563.6,1566.8,1542.4,1543.9,4966082.0
HCLTECH,2025-07-18,1544.0,1550.0,1530.0,1548.8,3902458.0
HCLTECH,2025-07-21,1548.8,1550.7,1526.0,1530.4,3368842.0
HCLTECH,2025-07-22,1533.1,1539.8,1518.3,1520.1,3218227.0
HCLTECH,2025-07-23,1524.1,1536.0,1518.0,1529.8,3471536.0
HCLTECH,2025-07-24,1530.0,1537.9,1501.6,1507.2,4654421.0
HCLTECH,2025-07-25,1501.1,1512.2,1486.6,1490.1,2733655.0
HCLTECH,2025-07-28,1490.1,1494.2,1463.5,1466.1,4404841.0
HCLTECH,2025-07-29,1466.1,1477.5,1461.0,1472.4,6223556.0
HCLTECH,2025-07-30,1480.5,1484.3,1468.8,1476.5,1642426.0
HCLTECH,2025-07-31,1465.0,1482.7,1459.5,1467.9,2306285.0
HCLTECH,2025-08-01,1465.0,1466.9,1450.0,1452.1,2152783.0
HCLTECH,2025-08-04,1452.1,1475.4,1440.6,1474.4,2384774.0
HCLTECH,2025-08-05,1479.9,1485.4,1471.2,1482.7,2614394.0
HCLTECH,2025-08-06,1480.9,1483.7,1456.4,1463.2,1735697.0
HCLTECH,2025-08-07,1458.0,1479.2,1451.0,1475.5,1495363.0
HCLTECH,2025-08-08,1474.8,1482.2,1459.0,1475.7,2815614.0
HCLTECH,2025-08-11,1475.0,1531.0,1465.6,1488.0,2374556.0
HCLTECH,2025-08-12,1490.0,1509.9,1489.0,1499.1,3422656.0
HCLTECH,2025-08-13,1500.0,1507.5,1489.0,1501.1,2916128.0
HCLTECH,2025-08-14,1501.0,1516.2,1485.8,1489.8,4227538.0
HCLTECH,2025-08-18,1498.1,1501.9,1475.9,1485.0,2795155.0
HCLTECH,2025-08-19,1476.3,1482.6,1469.2,1476.1,2515817.0
HCLTECH,2025-08-20,1468.0,1500.3,1458.0,1496.0,10219330.0
HCLTECH,2025-08-21,1500.0,1505.0,1486.1,1493.5,2157601.0
HCLTECH,2025-08-22,1489.6,1491.5,1464.0,1466.3,2802805.0
HCLTECH,2025-08-25,1480.0,1509.7,1476.2,1504.2,2764914.0
HCLTECH,2025-08-26,1501.9,1506.5,1485.0,1492.8,4092265.0
HCLTECH,2025-08-28,1488.0,1488.0,1446.0,1449.8,4367902.0
HCLTECH,2025-08-29,1449.8,1462.6,1439.2,1454.8,3404604.0
HCLTECH,2025-09-01,1446.0,1472.5,1446.0,1468.4,2105254.0
HCLTECH,2025-09-02,1469.0,1477.4,1459.7,1465.7,1295198.0
HCLTECH,2025-09-03,1475.0,1475.0,1452.6,1466.1,1800307.0
HCLTECH,2025-09-04,1465.1,1465.9,1440.9,1443.3,2192155.0
HCLTECH,2025-09-05,1448.0,1452.3,1402.8,1419.0,3895199.0
HCLTECH,2025-09-08,1423.9,1428.6,1401.0,1403.0,2929976.0
HCLTECH,2025-09-09,1410.2,1431.8,1409.1,1427.1,2906889.0
HCLTECH,2025-09-09,1403.0,1403.0,1403.0,1403.0,325000.0
HCLTECH,2025-09-10,1434.9,1471.9,1432.1,1463.9,3205017.0
HCLTECH,2025-09-11,1463.9,1470.4,1458.3,1467.7,1982922.0
HCLTECH,2025-09-12,1475.0,1480.0,1463.0,1467.2,2110883.0
HCLTECH,2025-09-15,1467.2,1468.3,1452.0,1466.5,1725617.0
HCLTECH,2025-09-16,1463.9,1485.2,1461.1,1483.1,1724524.0
HCLTECH,2025-09-17,1490.8,1499.0,1475.3,1481.5,2656774.0
HCLTECH,2025-09-18,1492.6,1502.9,1486.1,1493.8,2792406.0
HCLTECH,2025-09-19,1493.8,1493.8,1464.0,1467.4,3197957.0
HCLTECH,2025-09-22,1423.0,1449.2,1415.0,1439.9,4457129.0
HCLTECH,2025-09-23,1444.2,1444.2,1420.4,1429.8,3106480.0
HCLTECH,2025-09-24,1425.1,1444.7,1420.0,1442.3,2894044.0
HCLTECH,2025-09-25,1440.2,1442.5,1416.0,1423.8,2713246.0
HCLTECH,2025-09-26,1420.0,1426.5,1392.0,1395.3,2568054.0
HCLTECH,2025-09-29,1397.1,1402.6,1383.0,1387.4,2990852.0
HCLTECH,2025-09-30,1392.1,1405.0,1381.9,1385.1,2782077.0
HCLTECH,2025-10-01,1386.1,1396.8,1382.0,1389.5,2253527.0
HCLTECH,2025-10-03,1396.5,1399.8,1380.4,1393.5,2793839.0
HCLTECH,2025-10-06,1393.5,1421.0,1390.8,1417.7,1970901.0
HCLTECH,2025-10-07,1439.0,1439.0,1439.0,1439.0,200818.0
HCLTECH,2025-10-07,1422.0,1441.9,1417.2,1433.4,1592836.0
HCLTECH,2025-10-08,1433.2,1458.7,1427.2,1453.2,1735807.0
HCLTECH,2025-10-08,1451.0,1451.0,1451.0,1451.0,200817.0
HCLTECH,2025-10-09,1453.2,1491.1,1452.5,1486.5,2681316.0
HCLTECH,2025-10-10,1491.0,1498.5,1473.9,1495.5,2129445.0
HCLTECH,2025-10-13,1490.0,1502.2,1476.5,1494.7,1820492.0
HCLTECH,2025-10-14,1515.4,1535.0,1490.2,1495.4,5802489.0
HCLTECH,2025-10-15,1497.9,1509.4,1486.1,1495.7,1710696.0
HCLTECH,2025-10-16,1499.9,1519.9,1498.0,1515.0,2021043.0
HCLTECH,2025-10-17,1499.0,1501.3,1479.2,1486.2,3210161.0
HCLTECH,2025-10-20,1489.9,1509.9,1489.1,1495.4,2354881.0
HCLTECH,2025-10-21,1502.7,1503.0,1481.0,1486.0,274400.0
HCLTECH,2025-10-23,1510.0,1547.5,1505.5,1523.9,5011470.0
HCLTECH,2025-10-24,1525.0,1532.6,1516.4,1523.8,1491451.0
HCLTECH,2025-10-27,1531.4,1549.5,1526.8,1533.5,1394846.0
HCLTECH,2025-10-28,1535.0,1542.0,1512.0,1522.1,1936466.0
HCLTECH,2025-10-29,1530.0,1559.0,1522.0,1557.3,2596355.0
HCLTECH,2025-10-30,1557.7,1559.9,1538.1,1549.8,2183395.0
HCLTECH,2025-10-31,1549.8,1558.2,1537.6,1541.5,1723467.0
HCLTECH,2025-11-03,1540.1,1549.7,1528.2,1543.5,2252136.0
HCLTECH,2025-11-04,1536.4,1541.9,1525.0,1529.1,1666863.0
HCLTECH,2025-11-06,1529.1,1531.9,1514.3,1526.4,2474769.0
HCLTECH,2025-11-07,1515.1,1518.8,1490.5,1512.4,2238714.0
HCLTECH,2025-11-10,1518.0,1544.9,1511.4,1540.5,1558896.0
HCLTECH,2025-11-11,1547.8,1572.5,1541.2,1570.0,2270763.0
HCLTECH,2025-11-12,1575.0,1600.0,1573.5,1594.0,2331564.0
HCLTECH,2025-11-13,1599.4,1605.0,1580.0,1598.5,1944022.0
HCLTECH,2025-11-14,1590.0,1598.0,1574.1,1594.6,2543918.0
HCLTECH,2025-11-17,1594.0,1607.7,1585.5,1606.4,2000978.0
HCLTECH,2025-11-18,1604.0,1604.0,1590.1,1595.2,1640123.0
HCLTECH,2025-11-19,1595.3,1669.5,1588.6,1662.6,6342672.0
HCLTECH,2025-11-20,1662.6,1668.4,1642.6,1645.4,2724035.0
HCLTECH,2025-11-21,1636.0,1643.5,1606.0,1608.0,2958835.0
HCLTECH,2025-11-24,1614.3,1640.0,1602.9,1610.4,6392688.0
HCLTECH,2025-11-25,1618.3,1618.9,1592.6,1601.1,2285950.0
HCLTECH,2025-11-26,1601.1,1627.5,1601.1,1617.9,1243303.0
HCLTECH,2025-11-27,1619.1,1633.2,1614.0,1629.0,2106176.0
HCLTECH,2025-11-28,1629.0,1636.9,1619.0,1624.2,1841289.0
HCLTECH,2025-12-01,1630.0,1646.5,1628.0,1642.9,2034350.0
HCLTECH,2025-12-02,1651.0,1652.9,1624.0,1635.5,2326220.0
HCLTECH,2025-12-03,1635.5,1654.6,1628.8,1640.5,2371611.0
HCLTECH,2025-12-04,1650.0,1672.0,1645.1,1654.6,3935708.0
HCLTECH,2025-12-05,1662.7,1691.0,1651.0,1683.0,3391204.0
HCLTECH,2025-12-08,1683.0,1695.4,1676.9,1688.6,2702407.0
HCLTECH,2025-12-09,1687.0,1687.0,1656.4,1657.6,2817704.0
HCLTECH,2025-12-10,1663.3,1671.0,1657.0,1666.0,1482249.0
HCLTECH,2025-12-11,1667.5,1677.4,1649.0,1672.4,1408684.0
HCLTECH,2025-12-12,1677.4,1677.9,1660.0,1673.2,1284337.0
HCLTECH,2025-12-15,1673.2,1688.0,1660.0,1684.0,1689723.0
HCLTECH,2025-12-16,1681.0,1682.0,1645.4,1651.7,1929309.0
HCLTECH,2025-12-17,1651.0,1664.5,1646.3,1655.0,1394918.0
HCLTECH,2025-12-18,1657.0,1673.9,1651.2,1661.4,1822056.0
HCLTECH,2025-12-19,1675.0,1681.0,1632.5,1642.4,3487150.0
HCLTECH,2025-12-22,1651.9,1673.5,1644.0,1670.3,1339691.0
HCLTECH,2025-12-23,1675.1,1686.9,1656.2,1679.9,1614314.0
HCLTECH,2025-12-24,1676.0,1680.0,1665.1,1674.7,989858.0
HCLTECH,2025-12-26,1668.0,1676.4,1650.5,1660.9,921138.0
HCLTECH,2025-12-29,1659.7,1660.8,1625.4,1630.8,1516288.0
HCLTECH,2025-12-30,1630.8,1635.7,1611.1,1615.2,3323273.0
HCLTECH,2025-12-31,1624.5,1631.7,1616.8,1623.3,1359963.0
HCLTECH,2026-01-01,1622.9,1645.7,1618.4,1634.5,773806.0
HCLTECH,2026-01-02,1632.0,1643.0,1625.1,1640.2,950573.0
HCLTECH,2026-01-05,1625.0,1633.5,1580.1,1607.6,3245802.0
HCLTECH,2026-01-06,1600.3,1626.0,1597.3,1616.3,2112043.0
HCLTECH,2026-01-07,1620.8,1654.5,1616.7,1647.7,3816569.0
HCLTECH,2026-01-08,1653.3,1660.6,1635.4,1646.7,3266398.0
HCLTECH,2026-01-09,1647.1,1675.0,1647.1,1661.4,3281306.0
HCLTECH,2026-01-12,1659.2,1677.2,1641.5,1667.6,4175707.0
HCLTECH,2026-01-13,1685.0,1697.6,1626.0,1665.0,7149266.0
HCLTECH,2026-01-14,1665.0,1677.9,1649.2,1668.5,2470615.0
HCLTECH,2026-01-16,1670.0,1700.9,1664.8,1698.0,3098089.0
HCLTECH,2026-01-19,1698.0,1719.0,1685.1,1716.8,2087629.0
HCLTECH,2026-01-20,1720.0,1720.0,1681.8,1687.3,1739341.0
HCLTECH,2026-01-21,1687.6,1694.9,1668.9,1682.5,1728435.0
HCLTECH,2026-01-22,1690.6,1709.0,1681.5,1703.1,1853439.0
HCLTECH,2026-01-23,1712.7,1721.0,1698.8,1707.0,1874357.0
HCLTECH,2026-01-27,1720.0,1725.5,1700.5,1720.2,2671530.0
HCLTECH,2026-01-28,1705.1,1734.4,1691.0,1729.6,2713867.0
HCLTECH,2026-01-29,1722.8,1725.0,1696.1,1721.6,2235602.0
HCLTECH,2026-01-30,1713.2,1713.2,1683.0,1695.6,4448681.0
HCLTECH,2026-02-01,1692.4,1710.1,1613.1,1666.2,1846014.0
HCLTECH,2026-02-02,1670.0,1688.5,1653.6,1676.8,1916380.0
HCLTECH,2026-02-03,1780.0,1780.1,1689.1,1695.3,3200948.0
HCLTECH,2026-02-04,1642.0,1645.0,1586.0,1621.8,5834470.0
HCLTECH,2026-02-05,1613.7,1631.8,1600.2,1610.0,3184531.0
HCLTECH,2026-02-06,1612.0,1612.0,1574.1,1593.7,3342992.0
HCLTECH,2026-02-09,1600.4,1619.9,1594.4,1602.0,1863558.0
HCLTECH,2026-02-10,1595.0,1602.4,1567.8,1573.1,3234785.0
HCLTECH,2026-02-11,1574.0,1578.1,1546.1,1551.6,2944646.0
HCLTECH,2026-02-12,1529.0,1535.0,1469.5,1476.1,5397659.0
HCLTECH,2026-02-13,1423.0,1476.8,1396.0,1455.2,7214938.0
HCLTECH,2026-02-16,1451.1,1467.0,1446.8,1461.8,2388700.0
HCLTECH,2026-02-17,1464.0,1510.7,1458.0,1482.6,2840341.0
HCLTECH,2026-02-18,1483.2,1483.2,1443.4,1467.2,2036245.0
HCLTECH,2026-02-19,1470.0,1501.8,1443.0,1450.4,2397127.0
HCLTECH,2026-02-20,1443.0,1455.0,1431.0,1436.5,2392491.0
HCLTECH,2026-02-23,1438.2,1441.6,1415.5,1426.2,2629763.0
HCLTECH,2026-02-24,1402.3,1406.7,1322.5,1339.2,10004684.0
HCLTECH,2026-02-25,1355.0,1391.4,1354.0,1378.2,5703505.0
HCLTECH,2026-02-26,1391.0,1405.0,1368.0,1373.5,2329520.0
HCLTECH,2026-02-27,1398.0,1404.8,1382.0,1389.1,8651443.0
HCLTECH,2026-03-02,1351.0,1386.0,1350.0,1371.0,2088938.0
HCLTECH,2026-03-04,1356.0,1382.0,1356.0,1364.0,3161598.0
HCLTECH,2026-03-05,1378.2,1378.2,1332.5,1354.1,2217963.0
HCLTECH,2026-03-06,1356.0,1380.8,1354.2,1356.7,1871596.0
HCLTECH,2026-03-09,1330.0,1372.7,1328.0,1358.6,2256550.0
HCLTECH,2026-03-10,1361.0,1364.4,1345.0,1361.5,1671877.0
HCLTECH,2026-03-11,1367.2,1376.0,1346.9,1350.3,1837000.0
HCLTECH,2026-03-12,1350.0,1363.4,1341.0,1358.1,2616965.0
HCLTECH,2026-03-13,1350.0,1356.7,1321.0,1325.4,2190786.0
HCLTECH,2026-03-16,1312.8,1337.7,1302.4,1328.6,3618375.0
HCLTECH,2026-03-17,1328.6,1328.6,1297.7,1321.1,2285672.0
HCLTECH,2026-03-18,1326.5,1378.4,1326.5,1357.2,2564106.0
HCLTECH,2026-03-19,1341.4,1354.2,1309.2,1311.8,1663249.0
HCLTECH,2026-03-20,1334.9,1352.5,1328.9,1333.7,5050431.0
HCLTECH,2026-03-23,1314.8,1365.0,1310.0,1358.6,5166409.0
HCLTECH,2026-03-24,1380.0,1394.0,1360.0,1373.3,3555664.0
HCLTECH,2026-03-25,1348.0,1411.4,1348.0,1381.3,4167275.0
HCLTECH,2026-03-27,1377.0,1407.4,1359.8,1364.4,8956139.0
HCLTECH,2026-03-30,1350.0,1359.2,1336.2,1341.6,5541018.0
HCLTECH,2026-04-01,1399.7,1399.7,1349.0,1354.4,2469237.0
HCLTECH,2026-04-02,1347.0,1412.8,1341.2,1402.2,6509389.0
HCLTECH,2026-04-06,1397.0,1422.3,1394.1,1403.3,2134581.0
HCLTECH,2026-04-07,1391.0,1446.5,1388.1,1441.6,3459049.0
HCLTECH,2026-04-08,1449.9,1466.0,1431.9,1461.0,4239052.0
HCLTECH,2026-04-09,1458.9,1469.0,1436.0,1464.9,3101205.0
HCLTECH,2026-04-10,1452.0,1457.6,1421.1,1451.2,3450066.0
HCLTECH,2026-04-13,1441.0,1447.8,1417.5,1429.4,2252652.0
HCLTECH,2026-04-15,1445.0,1474.9,1437.1,1451.3,3993858.0
HCLTECH,2026-04-16,1460.0,1468.7,1435.1,1450.2,5229848.0
HCLTECH,2026-04-17,1443.3,1458.0,1430.0,1442.3,3319268.0
HCLTECH,2026-04-20,1445.9,1451.9,1424.0,1428.3,2352656.0
HCLTECH,2026-04-21,1430.0,1455.0,1422.4,1441.2,3091487.0
HCLTECH,2026-04-22,1345.0,1358.0,1281.0,1285.3,33066256.0
HCLTECH,2026-04-23,1290.0,1294.3,1272.0,1277.6,8304759.0
HCLTECH,2026-04-24,1264.4,1264.8,1198.1,1203.2,10903519.0
HCLTECH,2026-04-27,1209.0,1232.0,1201.0,1228.2,6066942.0
HCLTECH,2026-04-28,1227.9,1232.7,1192.3,1196.0,6643295.0
HCLTECH,2026-04-29,1200.0,1210.8,1192.1,1200.2,4777201.0
HCLTECH,2026-04-30,1200.0,1213.7,1184.0,1199.1,5070033.0
HCLTECH,2026-05-04,1208.0,1213.5,1191.4,1200.5,3318673.0
HCLTECH,2026-05-05,1200.0,1205.4,1190.0,1200.2,2459953.0
HCLTECH,2026-05-06,1208.0,1212.0,1186.4,1189.1,3541520.0
HCLTECH,2026-05-07,1195.0,1196.0,1181.1,1183.4,3725309.0
HCLTECH,2026-05-08,1179.8,1202.8,1176.8,1198.4,2813749.0
HCLTECH,2026-05-11,1196.9,1206.3,1191.1,1194.9,2505962.0
HCLTECH,2026-05-12,1183.0,1184.0,1142.6,1145.8,3959561.0
HCLTECH,2026-05-13,1146.3,1154.6,1137.1,1143.2,2635034.0
HCLTECH,2026-05-14,1139.0,1143.2,1103.4,1124.0,5837032.0
HCLTECH,2026-05-15,1121.9,1152.0,1121.8,1132.6,3729249.0
HCLTECH,2026-05-18,1129.0,1149.5,1121.4,1146.6,2588569.0
HCLTECH,2026-05-19,1156.0,1198.3,1152.3,1179.4,5756760.0
HCLTECH,2026-05-20,1166.2,1181.0,1162.4,1169.8,1415960.0
HCLTECH,2026-05-21,1173.7,1180.6,1163.2,1168.2,2245247.0
HCLTECH,2026-05-22,1169.9,1176.0,1159.9,1164.0,2044782.0
HCLTECH,2026-05-25,1168.0,1178.0,1162.1,1165.7,1419803.0
HCLTECH,2026-05-26,1165.7,1173.7,1160.0,1161.9,1196820.0
HDFCAMC,2025-05-21,4760.0,4832.0,4694.1,4815.5,426095.0
HDFCAMC,2025-05-22,4815.5,4869.9,4750.0,4784.6,633652.0
HDFCAMC,2025-05-23,4800.0,4834.1,4770.1,4814.1,370812.0
HDFCAMC,2025-05-26,4810.0,4891.0,4800.0,4830.8,288712.0
HDFCAMC,2025-05-27,4830.8,4845.0,4775.1,4808.4,154992.0
HDFCAMC,2025-05-28,4832.4,4884.0,4800.0,4827.4,298915.0
HDFCAMC,2025-05-29,4830.0,4870.9,4786.8,4844.9,285564.0
HDFCAMC,2025-05-30,4862.0,4883.3,4772.1,4783.0,514921.0
HDFCAMC,2025-06-02,4750.0,4825.0,4750.0,4821.2,345310.0
HDFCAMC,2025-06-03,4838.9,4939.4,4780.5,4789.5,513608.0
HDFCAMC,2025-06-04,4801.8,4821.4,4726.0,4739.6,430928.0
HDFCAMC,2025-06-05,4762.0,4904.0,4734.2,4885.8,886866.0
HDFCAMC,2025-06-06,4835.0,5157.8,4821.0,5087.5,2386078.0
HDFCAMC,2025-06-09,5103.0,5278.9,5080.2,5217.2,865988.0
HDFCAMC,2025-06-10,5240.0,5240.0,5106.0,5120.9,505666.0
HDFCAMC,2025-06-11,5120.0,5206.9,5089.2,5123.9,388766.0
HDFCAMC,2025-06-12,5119.0,5140.0,5021.4,5031.2,309176.0
HDFCAMC,2025-06-13,4931.0,5022.9,4928.1,4969.2,533523.0
HDFCAMC,2025-06-16,4700.0,5022.8,4700.0,4970.3,606001.0
HDFCAMC,2025-06-17,4955.0,4999.0,4920.8,4983.9,289124.0
HDFCAMC,2025-06-18,5012.1,5012.1,4907.0,4943.0,390795.0
HDFCAMC,2025-06-19,4934.0,5005.8,4870.2,4877.5,232762.0
HDFCAMC,2025-06-20,4868.5,4975.3,4866.8,4958.6,407070.0
HDFCAMC,2025-06-23,4921.0,4987.2,4910.0,4938.5,213021.0
HDFCAMC,2025-06-24,4995.0,5095.0,4983.7,5063.4,404615.0
HDFCAMC,2025-06-25,5096.5,5124.0,5064.7,5092.3,257422.0
HDFCAMC,2025-06-26,5080.0,5129.4,5012.0,5075.0,367008.0
HDFCAMC,2025-06-27,5098.8,5179.8,5058.1,5148.5,323175.0
HDFCAMC,2025-06-30,5150.0,5219.8,5147.4,5191.8,194140.0
HDFCAMC,2025-07-01,5194.5,5220.0,5118.5,5143.0,173833.0
HDFCAMC,2025-07-02,5101.0,5149.0,5043.5,5076.0,126305.0
HDFCAMC,2025-07-03,5079.0,5122.0,5035.0,5045.0,327789.0
HDFCAMC,2025-07-04,5045.0,5083.5,4984.5,5033.5,229547.0
HDFCAMC,2025-07-07,5033.0,5115.0,4984.0,4999.0,367191.0
HDFCAMC,2025-07-08,5022.0,5169.5,5021.0,5109.0,872206.0
HDFCAMC,2025-07-09,5125.0,5173.0,5073.0,5141.0,390919.0
HDFCAMC,2025-07-10,5141.5,5233.5,5141.5,5207.5,665110.0
HDFCAMC,2025-07-11,5200.0,5220.0,5090.0,5116.0,236579.0
HDFCAMC,2025-07-14,5116.0,5116.0,5116.0,5116.0,24372.0
HDFCAMC,2025-07-14,5112.0,5147.0,5052.5,5091.5,165618.0
HDFCAMC,2025-07-15,5124.0,5300.0,5110.5,5283.5,907464.0
HDFCAMC,2025-07-16,5284.0,5365.0,5278.5,5353.5,806827.0
HDFCAMC,2025-07-17,5382.5,5548.5,5342.5,5510.0,1608642.0
HDFCAMC,2025-07-18,5528.5,5626.0,5510.5,5590.0,1693816.0
HDFCAMC,2025-07-21,5590.0,5655.0,5537.0,5622.0,409799.0
HDFCAMC,2025-07-22,5650.0,5650.0,5556.5,5592.5,302892.0
HDFCAMC,2025-07-23,5599.0,5619.5,5573.0,5599.0,445350.0
HDFCAMC,2025-07-24,5580.0,5603.0,5537.5,5563.0,188811.0
HDFCAMC,2025-07-25,5551.0,5590.0,5504.0,5551.5,400216.0
HDFCAMC,2025-07-28,5525.0,5649.5,5507.5,5563.5,486520.0
HDFCAMC,2025-07-29,5536.0,5673.0,5517.5,5627.5,816296.0
HDFCAMC,2025-07-30,5634.0,5695.0,5582.5,5670.0,386726.0
HDFCAMC,2025-07-31,5605.0,5693.0,5567.5,5650.0,561428.0
HDFCAMC,2025-08-01,5644.0,5678.0,5586.0,5615.0,279558.0
HDFCAMC,2025-08-04,5614.5,5725.0,5602.5,5685.0,398255.0
HDFCAMC,2025-08-05,5700.0,5704.0,5628.5,5673.5,439851.0
HDFCAMC,2025-08-06,5691.0,5714.5,5651.0,5681.0,417367.0
HDFCAMC,2025-08-07,5661.0,5699.0,5577.0,5664.5,384798.0
HDFCAMC,2025-08-08,5667.0,5667.0,5530.5,5562.0,252280.0
HDFCAMC,2025-08-11,5568.5,5614.5,5448.5,5501.0,734429.0
HDFCAMC,2025-08-12,5536.0,5580.0,5445.5,5466.0,463947.0
HDFCAMC,2025-08-13,5499.0,5520.0,5473.0,5481.5,298435.0
HDFCAMC,2025-08-14,5485.0,5530.0,5404.0,5491.0,868685.0
HDFCAMC,2025-08-18,5520.0,5731.0,5515.5,5717.0,570777.0
HDFCAMC,2025-08-19,5720.0,5740.0,5641.0,5719.0,394481.0
HDFCAMC,2025-08-20,5710.5,5718.5,5639.5,5709.5,276250.0
HDFCAMC,2025-08-21,5738.5,5810.0,5686.5,5794.0,475151.0
HDFCAMC,2025-08-22,5807.5,5869.5,5794.5,5828.0,593439.0
HDFCAMC,2025-08-25,5840.0,5927.5,5826.5,5892.0,478987.0
HDFCAMC,2025-08-26,5882.5,5922.0,5736.0,5759.5,457871.0
HDFCAMC,2025-08-28,5745.0,5745.0,5569.0,5582.0,463350.0
HDFCAMC,2025-08-29,5589.5,5618.0,5450.0,5463.0,464107.0
HDFCAMC,2025-09-01,5463.0,5590.0,5442.0,5579.5,295070.0
HDFCAMC,2025-09-02,5596.0,5599.0,5512.5,5530.5,150339.0
HDFCAMC,2025-09-03,5540.0,5640.0,5537.5,5597.5,320889.0
HDFCAMC,2025-09-04,5640.0,5650.0,5550.0,5569.5,286276.0
HDFCAMC,2025-09-05,5589.0,5642.0,5543.5,5572.5,262035.0
HDFCAMC,2025-09-08,5576.5,5745.0,5568.5,5712.5,422166.0
HDFCAMC,2025-09-09,5710.0,5728.0,5631.0,5652.5,249296.0
HDFCAMC,2025-09-10,5670.5,5833.0,5670.5,5804.5,484669.0
HDFCAMC,2025-09-11,5775.0,5838.5,5724.0,5799.0,370669.0
HDFCAMC,2025-09-12,5830.0,5839.0,5791.0,5798.5,179790.0
HDFCAMC,2025-09-15,5791.0,5791.0,5713.5,5744.0,175205.0
HDFCAMC,2025-09-16,5767.5,5840.0,5750.0,5779.5,206526.0
HDFCAMC,2025-09-17,5807.5,5839.5,5773.0,5808.0,154848.0
HDFCAMC,2025-09-18,5830.0,5870.5,5806.5,5850.0,155689.0
HDFCAMC,2025-09-19,5868.0,5900.0,5841.0,5856.5,354863.0
HDFCAMC,2025-09-22,5875.0,5905.0,5810.0,5827.5,159068.0
HDFCAMC,2025-09-23,5830.0,5903.5,5811.0,5883.5,317764.0
HDFCAMC,2025-09-24,5864.0,5900.0,5742.0,5790.0,281054.0
HDFCAMC,2025-09-25,5793.0,5817.5,5740.0,5751.0,247542.0
HDFCAMC,2025-09-26,5747.0,5780.0,5609.0,5621.0,222206.0
HDFCAMC,2025-09-29,5621.5,5686.5,5553.0,5623.0,358318.0
HDFCAMC,2025-09-30,5605.0,5629.0,5438.0,5532.5,560439.0
HDFCAMC,2025-10-01,5524.0,5590.0,5524.0,5555.5,243162.0
HDFCAMC,2025-10-03,5584.0,5633.5,5555.0,5591.0,435716.0
HDFCAMC,2025-10-06,5597.0,5677.5,5591.0,5661.0,268927.0
HDFCAMC,2025-10-07,5688.5,5688.5,5525.0,5556.5,341148.0
HDFCAMC,2025-10-08,5530.0,5566.0,5441.5,5475.5,329410.0
HDFCAMC,2025-10-09,5494.0,5529.5,5430.5,5479.0,416463.0
HDFCAMC,2025-10-09,5475.5,5475.5,5475.5,5475.5,39677.0
HDFCAMC,2025-10-10,5495.0,5549.0,5452.0,5520.0,441813.0
HDFCAMC,2025-10-13,5551.5,5685.0,5549.5,5669.0,643571.0
HDFCAMC,2025-10-14,5698.0,5712.5,5588.0,5594.0,310346.0
HDFCAMC,2025-10-15,5617.0,5809.0,5611.0,5764.0,1208160.0
HDFCAMC,2025-10-16,5790.5,5934.5,5560.5,5803.5,1622734.0
HDFCAMC,2025-10-17,5803.5,5895.0,5703.0,5715.5,482505.0
HDFCAMC,2025-10-20,5743.0,5772.5,5677.5,5716.0,257234.0
HDFCAMC,2025-10-21,5739.5,5753.5,5681.0,5707.5,42433.0
HDFCAMC,2025-10-23,5745.0,5745.0,5596.0,5612.0,329134.0
HDFCAMC,2025-10-24,5616.5,5640.0,5506.5,5543.5,302804.0
HDFCAMC,2025-10-27,5560.0,5606.5,5551.5,5559.0,360695.0
HDFCAMC,2025-10-28,5575.0,5683.5,5544.0,5646.5,443484.0
HDFCAMC,2025-10-29,5421.5,5469.0,5288.0,5398.0,2200227.0
HDFCAMC,2025-10-30,5401.5,5419.0,5341.0,5364.5,744281.0
HDFCAMC,2025-10-31,5390.0,5448.5,5360.0,5379.0,466200.0
HDFCAMC,2025-11-03,5379.0,5428.0,5310.0,5404.5,465601.0
HDFCAMC,2025-11-04,5395.0,5474.5,5391.0,5402.5,620107.0
HDFCAMC,2025-11-06,5242.5,5425.0,5242.5,5388.5,489224.0
HDFCAMC,2025-11-07,5381.0,5446.5,5295.5,5432.5,454966.0
HDFCAMC,2025-11-10,5432.5,5510.0,5416.5,5496.0,184862.0
HDFCAMC,2025-11-11,5525.0,5525.0,5425.0,5480.0,297185.0
HDFCAMC,2025-11-12,5505.0,5523.5,5451.5,5485.5,326699.0
HDFCAMC,2025-11-13,5500.0,5572.0,5465.0,5477.5,439338.0
HDFCAMC,2025-11-14,5485.0,5498.0,5364.0,5413.0,407286.0
HDFCAMC,2025-11-17,5438.0,5469.0,5408.0,5438.5,313265.0
HDFCAMC,2025-11-18,5460.0,5498.0,5385.0,5396.5,266067.0
HDFCAMC,2025-11-19,5396.5,5411.0,5339.5,5392.0,426820.0
HDFCAMC,2025-11-20,5413.5,5419.5,5380.5,5399.0,361804.0
HDFCAMC,2025-11-21,5400.0,5425.5,5351.5,5393.5,424733.0
HDFCAMC,2025-11-24,5419.5,5451.0,5350.0,5371.0,543294.0
HDFCAMC,2025-11-25,5381.0,5388.0,5312.0,5336.5,395282.0
HDFCAMC,2025-11-26,2682.0,2697.5,2658.5,2679.0,430478.0
HDFCAMC,2025-11-27,2705.5,2705.5,2656.5,2680.0,271818.0
HDFCAMC,2025-11-28,2680.0,2695.0,2659.0,2673.0,298038.0
HDFCAMC,2025-12-01,2679.9,2692.3,2638.1,2648.8,333366.0
HDFCAMC,2025-12-02,2649.0,2649.0,2591.5,2599.0,819741.0
HDFCAMC,2025-12-03,2620.0,2627.8,2575.5,2596.2,483519.0
HDFCAMC,2025-12-04,2606.6,2609.0,2583.4,2596.0,533045.0
HDFCAMC,2025-12-05,2583.0,2596.7,2564.0,2577.5,471729.0
HDFCAMC,2025-12-08,2578.9,2605.1,2542.4,2551.5,746623.0
HDFCAMC,2025-12-09,2548.5,2565.0,2510.0,2558.9,809645.0
HDFCAMC,2025-12-10,2559.0,2625.8,2559.0,2609.4,751288.0
HDFCAMC,2025-12-11,2605.0,2670.5,2600.3,2664.7,895280.0
HDFCAMC,2025-12-12,2676.0,2681.3,2653.6,2674.7,1304915.0
HDFCAMC,2025-12-15,2669.8,2669.8,2597.2,2607.0,626759.0
HDFCAMC,2025-12-16,2608.0,2608.0,2563.1,2583.7,989338.0
HDFCAMC,2025-12-17,2581.3,2601.7,2535.6,2541.2,501390.0
HDFCAMC,2025-12-18,2602.9,2729.2,2602.9,2722.9,2915803.0
HDFCAMC,2025-12-19,2719.0,2738.1,2632.4,2672.2,2244048.0
HDFCAMC,2025-12-22,2661.0,2674.6,2641.2,2662.8,522476.0
HDFCAMC,2025-12-23,2679.0,2713.7,2665.2,2709.3,493486.0
HDFCAMC,2025-12-24,2709.0,2724.0,2641.2,2656.1,1008479.0
HDFCAMC,2025-12-26,2656.0,2673.9,2642.8,2647.2,407924.0
HDFCAMC,2025-12-29,2647.2,2656.8,2625.1,2647.2,573768.0
HDFCAMC,2025-12-30,2647.0,2655.0,2622.6,2630.2,1265693.0
HDFCAMC,2025-12-31,2640.0,2682.0,2639.9,2672.2,502461.0
HDFCAMC,2026-01-01,2674.8,2682.0,2635.5,2648.2,344128.0
HDFCAMC,2026-01-02,2648.2,2664.8,2627.1,2657.2,347752.0
HDFCAMC,2026-01-05,2657.0,2686.6,2636.8,2660.7,981827.0
HDFCAMC,2026-01-06,2673.2,2673.7,2616.2,2622.1,930786.0
HDFCAMC,2026-01-07,2648.4,2648.4,2607.7,2624.6,501844.0
HDFCAMC,2026-01-08,2619.1,2625.2,2567.0,2583.0,831429.0
HDFCAMC,2026-01-09,2582.0,2591.6,2518.1,2523.4,1138292.0
HDFCAMC,2026-01-12,2513.0,2533.5,2464.4,2487.5,879934.0
HDFCAMC,2026-01-13,2502.0,2512.5,2455.1,2485.7,975174.0
HDFCAMC,2026-01-14,2498.3,2603.3,2487.1,2554.1,2340909.0
HDFCAMC,2026-01-16,2580.2,2696.0,2580.0,2596.4,2869514.0
HDFCAMC,2026-01-19,2580.2,2598.8,2543.1,2579.6,814597.0
HDFCAMC,2026-01-20,2597.0,2597.0,2520.0,2526.9,827106.0
HDFCAMC,2026-01-21,2531.0,2533.6,2454.1,2476.0,1087574.0
HDFCAMC,2026-01-22,2509.0,2518.5,2484.0,2498.9,684139.0
HDFCAMC,2026-01-23,2513.0,2513.0,2420.0,2429.7,417907.0
HDFCAMC,2026-01-27,2433.0,2448.3,2407.3,2436.8,1437206.0
HDFCAMC,2026-01-28,2460.0,2481.7,2427.5,2477.6,1300327.0
HDFCAMC,2026-01-29,2486.9,2555.0,2471.0,2544.2,1550271.0
HDFCAMC,2026-01-30,2544.2,2553.6,2506.1,2515.7,1084243.0
HDFCAMC,2026-02-01,2515.0,2564.9,2441.0,2460.6,583126.0
HDFCAMC,2026-02-02,2468.9,2580.4,2432.0,2570.3,1442403.0
HDFCAMC,2026-02-03,2750.0,2769.9,2658.7,2671.3,2576323.0
HDFCAMC,2026-02-04,2680.0,2745.0,2660.4,2725.0,2931893.0
HDFCAMC,2026-02-05,2725.0,2772.5,2720.9,2762.3,2336539.0
HDFCAMC,2026-02-06,2772.6,2772.6,2697.8,2719.8,479617.0
HDFCAMC,2026-02-09,2750.0,2757.1,2715.0,2746.6,604024.0
HDFCAMC,2026-02-10,2753.0,2824.4,2735.0,2816.8,916277.0
HDFCAMC,2026-02-11,2832.0,2832.7,2814.1,2826.9,669732.0
HDFCAMC,2026-02-12,2829.7,2843.9,2819.6,2835.7,574333.0
HDFCAMC,2026-02-13,2817.0,2832.4,2797.4,2813.2,1046968.0
HDFCAMC,2026-02-16,2807.8,2847.7,2790.5,2842.2,272866.0
HDFCAMC,2026-02-17,2825.0,2869.0,2823.2,2863.6,344823.0
HDFCAMC,2026-02-18,2865.1,2901.5,2800.0,2812.6,1032735.0
HDFCAMC,2026-02-19,2815.0,2826.8,2725.0,2732.2,337142.0
HDFCAMC,2026-02-20,2742.3,2756.4,2701.4,2715.7,456524.0
HDFCAMC,2026-02-23,2739.0,2772.0,2712.8,2726.8,924223.0
HDFCAMC,2026-02-24,2719.8,2727.9,2666.5,2681.4,654112.0
HDFCAMC,2026-02-25,2689.0,2766.7,2682.8,2743.9,849803.0
HDFCAMC,2026-02-26,2755.0,2763.0,2740.6,2753.8,579732.0
HDFCAMC,2026-02-27,2718.7,2751.7,2687.1,2698.6,1193019.0
HDFCAMC,2026-03-02,2625.0,2690.2,2601.4,2649.8,816022.0
HDFCAMC,2026-03-04,2600.0,2625.0,2539.0,2547.2,1001078.0
HDFCAMC,2026-03-05,2580.0,2588.0,2523.4,2559.0,600390.0
HDFCAMC,2026-03-06,2559.1,2559.2,2495.2,2503.8,689587.0
HDFCAMC,2026-03-09,2453.8,2469.4,2408.0,2461.1,615536.0
HDFCAMC,2026-03-10,2507.2,2550.4,2467.5,2534.7,1570912.0
HDFCAMC,2026-03-11,2550.0,2551.3,2439.8,2448.2,1185276.0
HDFCAMC,2026-03-12,2439.0,2479.4,2408.4,2429.0,848681.0
HDFCAMC,2026-03-13,2417.1,2417.1,2357.3,2381.0,1177208.0
HDFCAMC,2026-03-16,2384.0,2397.8,2323.0,2367.2,1973365.0
HDFCAMC,2026-03-17,2379.0,2407.9,2355.5,2383.4,1214120.0
HDFCAMC,2026-03-18,2386.5,2501.6,2383.0,2468.9,1251975.0
HDFCAMC,2026-03-19,2378.1,2441.0,2373.0,2401.0,1095550.0
HDFCAMC,2026-03-20,2409.3,2443.0,2380.0,2385.9,771952.0
HDFCAMC,2026-03-23,2359.9,2361.3,2236.6,2254.6,1483046.0
HDFCAMC,2026-03-24,2300.0,2361.7,2284.3,2351.7,822856.0
HDFCAMC,2026-03-25,2375.2,2419.5,2365.6,2386.3,826687.0
HDFCAMC,2026-03-27,2370.0,2380.6,2300.0,2313.9,5308340.0
HDFCAMC,2026-03-30,2255.1,2313.5,2205.6,2216.4,2088678.0
HDFCAMC,2026-04-01,2285.0,2369.0,2275.2,2340.5,2438152.0
HDFCAMC,2026-04-02,2298.0,2358.3,2241.2,2348.6,1124725.0
HDFCAMC,2026-04-06,2349.8,2400.0,2315.2,2386.6,885512.0
HDFCAMC,2026-04-07,2379.6,2379.6,2331.3,2345.2,861846.0
HDFCAMC,2026-04-08,2490.0,2559.7,2431.3,2539.4,2035265.0
HDFCAMC,2026-04-09,2537.0,2548.7,2491.9,2515.0,996857.0
HDFCAMC,2026-04-10,2533.9,2626.2,2530.1,2619.3,919481.0
HDFCAMC,2026-04-13,2549.7,2592.9,2525.2,2546.1,1006209.0
HDFCAMC,2026-04-15,2590.2,2678.0,2590.2,2663.7,2160698.0
HDFCAMC,2026-04-16,2701.2,2723.7,2606.1,2662.2,2949659.0
HDFCAMC,2026-04-17,2646.3,2799.0,2646.3,2792.4,2259343.0
HDFCAMC,2026-04-20,2791.8,2809.8,2753.4,2768.2,1049876.0
HDFCAMC,2026-04-21,2754.0,2816.8,2733.9,2794.0,1593751.0
HDFCAMC,2026-04-22,2794.0,2811.4,2759.3,2766.4,1161510.0
HDFCAMC,2026-04-23,2745.0,2762.9,2700.0,2708.2,1161552.0
HDFCAMC,2026-04-24,2700.0,2764.0,2692.9,2735.0,1081669.0
HDFCAMC,2026-04-27,2749.9,2776.5,2719.6,2756.0,483814.0
HDFCAMC,2026-04-28,2756.0,2788.8,2738.1,2760.2,1098502.0
HDFCAMC,2026-04-29,2770.0,2808.3,2760.2,2787.9,832683.0
HDFCAMC,2026-04-30,2770.1,2774.9,2703.7,2712.6,1255481.0
HDFCAMC,2026-05-04,2725.0,2774.3,2725.0,2753.6,489137.0
HDFCAMC,2026-05-05,2749.1,2825.5,2707.0,2806.3,981595.0
HDFCAMC,2026-05-06,2830.0,2866.0,2807.4,2815.9,940065.0
HDFCAMC,2026-05-07,2830.0,2854.9,2780.0,2834.6,814891.0
HDFCAMC,2026-05-08,2820.0,2872.4,2815.3,2854.0,1044961.0
HDFCAMC,2026-05-11,2845.0,2845.0,2738.9,2747.2,1319247.0
HDFCAMC,2026-05-12,2713.0,2759.3,2623.4,2632.8,894165.0
HDFCAMC,2026-05-13,2630.0,2689.2,2630.0,2652.3,548007.0
HDFCAMC,2026-05-14,2670.0,2705.0,2618.0,2691.6,649261.0
HDFCAMC,2026-05-15,2700.0,2738.4,2690.2,2703.5,429762.0
HDFCAMC,2026-05-18,2663.0,2680.5,2600.1,2625.1,990806.0
HDFCAMC,2026-05-19,2625.0,2696.3,2600.9,2653.6,593711.0
HDFCAMC,2026-05-20,2630.0,2698.5,2605.2,2685.3,1035717.0
HDFCAMC,2026-05-21,2711.0,2774.2,2705.0,2727.9,898831.0
HDFCAMC,2026-05-22,2739.0,2767.0,2720.0,2738.7,525571.0
HDFCAMC,2026-05-25,2768.0,2809.8,2753.0,2758.1,767309.0
HDFCAMC,2026-05-26,2758.1,2765.8,2717.4,2739.8,685263.0
HDFCBANK,2025-05-21,1927.0,1946.9,1921.1,1926.8,7566020.0
HDFCBANK,2025-05-22,1915.2,1924.2,1905.2,1919.9,10653335.0
HDFCBANK,2025-05-23,1920.1,1937.0,1914.5,1933.6,4783036.0
HDFCBANK,2025-05-26,1935.0,1949.9,1926.9,1940.2,5401430.0
HDFCBANK,2025-05-27,1931.6,1948.0,1916.3,1926.3,13081074.0
HDFCBANK,2025-05-28,1920.2,1934.5,1917.7,1923.5,9078797.0
HDFCBANK,2025-05-29,1928.0,1940.8,1907.3,1927.5,14458897.0
HDFCBANK,2025-05-30,1931.9,1948.8,1925.4,1944.9,14374039.0
HDFCBANK,2025-06-02,1930.1,1936.0,1908.0,1932.1,7334411.0
HDFCBANK,2025-06-03,1938.0,1952.0,1920.0,1924.6,12188792.0
HDFCBANK,2025-06-04,1921.0,1943.3,1920.9,1941.2,6480771.0
HDFCBANK,2025-06-05,1948.0,1958.9,1940.2,1949.6,11127709.0
HDFCBANK,2025-06-06,1944.0,1996.3,1942.7,1978.7,15063504.0
HDFCBANK,2025-06-09,1995.0,1995.0,1975.9,1978.9,6601294.0
HDFCBANK,2025-06-10,1982.8,1982.8,1961.1,1965.3,7766563.0
HDFCBANK,2025-06-11,1967.6,1967.6,1947.0,1950.4,5548197.0
HDFCBANK,2025-06-12,1950.0,1961.0,1935.3,1943.4,8174565.0
HDFCBANK,2025-06-13,1920.0,1933.0,1913.0,1917.6,6058881.0
HDFCBANK,2025-06-16,1924.0,1938.9,1920.1,1935.4,8256873.0
HDFCBANK,2025-06-17,1937.0,1941.6,1919.1,1929.6,8489368.0
HDFCBANK,2025-06-18,1917.0,1936.3,1917.0,1933.9,9216908.0
HDFCBANK,2025-06-19,1933.9,1946.8,1925.6,1935.3,8438110.0
HDFCBANK,2025-06-20,1931.6,1969.9,1931.6,1964.7,16450204.0
HDFCBANK,2025-06-23,1948.4,1957.9,1941.8,1948.4,5869759.0
HDFCBANK,2025-06-24,1965.0,1979.0,1955.6,1960.9,11312661.0
HDFCBANK,2025-06-25,1966.0,1982.0,1963.9,1980.2,9202966.0
HDFCBANK,2025-06-26,1981.4,2027.1,1980.0,2021.8,25042415.0
HDFCBANK,2025-06-27,2013.0,2019.8,1993.4,2014.9,14106692.0
HDFCBANK,2025-06-30,2011.5,2013.8,1995.5,2001.5,6824510.0
HDFCBANK,2025-07-01,2005.0,2016.0,2004.0,2012.1,7194693.0
HDFCBANK,2025-07-02,2019.9,2019.9,1977.9,1986.0,9439125.0
HDFCBANK,2025-07-03,1994.9,2008.0,1984.3,1987.1,8430253.0
HDFCBANK,2025-07-04,1987.1,2003.5,1980.0,1989.3,3931972.0
HDFCBANK,2025-07-07,1989.0,1998.4,1983.8,1987.4,5674713.0
HDFCBANK,2025-07-08,1977.0,2005.0,1977.0,2001.4,7612158.0
HDFCBANK,2025-07-09,2007.0,2013.8,1998.1,2011.2,6930714.0
HDFCBANK,2025-07-10,2016.0,2017.0,2000.0,2006.2,8515155.0
HDFCBANK,2025-07-11,1998.0,2004.8,1980.9,1983.7,6258461.0
HDFCBANK,2025-07-14,1983.0,1983.0,1983.0,1983.0,1071175.0
HDFCBANK,2025-07-14,1983.0,1988.7,1970.6,1983.0,6544425.0
HDFCBANK,2025-07-15,1973.0,2003.6,1973.0,1995.5,7249084.0
HDFCBANK,2025-07-16,2018.0,2022.7,1992.6,1996.3,8997306.0
HDFCBANK,2025-07-17,2004.0,2004.8,1982.7,1986.9,11264579.0
HDFCBANK,2025-07-18,1986.9,1997.0,1953.0,1957.4,8064723.0
HDFCBANK,2025-07-21,1978.2,2002.0,1976.5,2000.5,11154539.0
HDFCBANK,2025-07-22,2013.1,2018.0,2003.0,2007.1,7418407.0
HDFCBANK,2025-07-23,2011.0,2029.8,2003.0,2024.3,6817458.0
HDFCBANK,2025-07-24,2037.7,2037.7,2008.4,2014.2,9553588.0
HDFCBANK,2025-07-25,2015.0,2015.0,1999.0,2004.6,4653299.0
HDFCBANK,2025-07-28,2003.0,2021.4,2000.5,2008.5,6029790.0
HDFCBANK,2025-07-29,1999.9,2026.5,1996.3,2021.6,9947848.0
HDFCBANK,2025-07-30,2028.0,2032.6,2017.0,2025.8,7577018.0
HDFCBANK,2025-07-31,2014.6,2031.4,2008.0,2018.2,11091516.0
HDFCBANK,2025-08-01,2014.0,2028.3,2009.3,2012.2,5658629.0
HDFCBANK,2025-08-04,2010.1,2018.5,1988.1,1992.0,6966973.0
HDFCBANK,2025-08-05,1986.5,1994.4,1965.5,1977.6,11989029.0
HDFCBANK,2025-08-06,1971.1,1988.0,1970.0,1985.3,7040102.0
HDFCBANK,2025-08-07,1980.1,2001.6,1976.8,1995.4,6540593.0
HDFCBANK,2025-08-08,1987.1,1992.8,1970.0,1973.9,6947632.0
HDFCBANK,2025-08-11,1975.9,1997.6,1973.1,1995.6,4552927.0
HDFCBANK,2025-08-12,1991.9,1996.0,1967.5,1969.9,6468901.0
HDFCBANK,2025-08-13,1994.0,1994.0,1969.1,1980.3,6788698.0
HDFCBANK,2025-08-14,1978.0,1996.0,1971.2,1991.1,8755858.0
HDFCBANK,2025-08-18,2010.0,2026.6,1995.6,2003.6,9642398.0
HDFCBANK,2025-08-19,1998.3,2006.1,1986.7,1991.1,6176219.0
HDFCBANK,2025-08-20,1987.0,1992.0,1979.0,1988.2,4975114.0
HDFCBANK,2025-08-21,1997.5,1997.5,1983.2,1991.2,6219925.0
HDFCBANK,2025-08-22,1989.9,1996.0,1957.1,1964.6,9916751.0
HDFCBANK,2025-08-25,1960.2,1977.4,1957.0,1964.1,8759022.0
HDFCBANK,2025-08-26,979.5,985.7,968.0,973.4,16917731.0
HDFCBANK,2025-08-28,967.0,972.2,955.0,957.8,25438255.0
HDFCBANK,2025-08-29,954.0,963.3,950.1,951.6,14823813.0
HDFCBANK,2025-09-01,949.6,957.45,946.35,950.6,20178344.0
HDFCBANK,2025-09-02,951.0,954.8,944.0,944.5,14196320.0
HDFCBANK,2025-09-03,945.0,956.3,940.0,954.45,16083481.0
HDFCBANK,2025-09-04,960.2,965.7,956.25,961.25,17597657.0
HDFCBANK,2025-09-05,967.5,967.5,954.05,963.4,11602111.0
HDFCBANK,2025-09-08,969.0,973.15,960.45,966.0,11711307.0
HDFCBANK,2025-09-09,974.0,974.4,962.7,965.15,13985539.0
HDFCBANK,2025-09-10,973.9,973.9,961.7,965.9,18091100.0
HDFCBANK,2025-09-11,960.3,969.25,959.9,967.8,15113633.0
HDFCBANK,2025-09-12,969.9,970.75,962.25,967.3,14363519.0
HDFCBANK,2025-09-15,969.6,972.35,965.0,967.05,14486377.0
HDFCBANK,2025-09-16,961.2,969.35,961.2,966.85,18661794.0
HDFCBANK,2025-09-17,965.15,974.4,964.35,966.5,17361476.0
HDFCBANK,2025-09-18,973.3,979.65,969.25,976.9,17791598.0
HDFCBANK,2025-09-19,974.9,976.7,962.1,966.9,31243267.0
HDFCBANK,2025-09-22,964.0,971.2,961.95,964.2,10854415.0
HDFCBANK,2025-09-23,967.0,968.2,955.5,957.2,21022298.0
HDFCBANK,2025-09-24,952.2,956.45,943.0,951.05,15117220.0
HDFCBANK,2025-09-25,952.5,958.0,947.4,949.85,31413279.0
HDFCBANK,2025-09-26,945.1,951.45,941.3,945.05,14874656.0
HDFCBANK,2025-09-29,946.05,956.8,939.1,950.3,32398179.0
HDFCBANK,2025-09-30,958.05,960.0,946.3,951.0,28296687.0
HDFCBANK,2025-10-01,952.7,969.6,946.0,965.25,25350832.0
HDFCBANK,2025-10-03,952.0,966.75,952.0,965.15,26658296.0
HDFCBANK,2025-10-06,971.9,977.4,962.0,973.45,18542683.0
HDFCBANK,2025-10-07,974.0,989.85,971.0,982.5,25535736.0
HDFCBANK,2025-10-08,976.0,985.9,974.55,978.7,15939710.0
HDFCBANK,2025-10-09,974.5,979.0,970.15,977.1,15370950.0
HDFCBANK,2025-10-09,978.7,978.7,978.7,978.7,114327.0
HDFCBANK,2025-10-10,979.0,986.2,978.1,980.9,13757080.0
HDFCBANK,2025-10-13,974.3,981.0,972.0,977.0,18634254.0
HDFCBANK,2025-10-13,978.5,978.5,978.5,978.5,272219.0
HDFCBANK,2025-10-14,970.0,980.45,967.0,977.15,22934382.0
HDFCBANK,2025-10-15,975.0,984.9,973.35,978.25,23310447.0
HDFCBANK,2025-10-16,982.65,996.6,981.5,994.35,22936566.0
HDFCBANK,2025-10-17,993.95,1009.0,986.0,1002.55,25210511.0
HDFCBANK,2025-10-20,997.0,1020.0,997.0,1002.95,22195202.0
HDFCBANK,2025-10-21,1006.0,1010.0,1004.0,1007.7,3471600.0
HDFCBANK,2025-10-23,1016.0,1020.5,1006.0,1008.8,43526526.0
HDFCBANK,2025-10-24,1011.0,1011.95,991.3,994.75,17707768.0
HDFCBANK,2025-10-27,996.5,1009.05,996.2,1002.95,15700796.0
HDFCBANK,2025-10-28,997.65,1008.0,995.0,1003.55,33904289.0
HDFCBANK,2025-10-29,1004.9,1012.5,1000.0,1007.85,17769445.0
HDFCBANK,2025-10-30,1007.85,1007.85,1007.85,998.15,1.0
HDFCBANK,2025-10-30,1000.0,1009.5,997.1,998.15,19962917.0
HDFCBANK,2025-10-31,994.0,1004.45,981.15,987.3,23221330.0
HDFCBANK,2025-11-03,985.0,994.55,983.3,992.65,16607180.0
HDFCBANK,2025-11-04,987.0,997.0,983.7,985.25,20024544.0
HDFCBANK,2025-11-06,981.0,991.05,974.0,984.65,22279516.0
HDFCBANK,2025-11-07,980.0,984.9,974.75,982.3,15004568.0
HDFCBANK,2025-11-10,982.3,990.95,980.2,984.5,15988262.0
HDFCBANK,2025-11-11,983.5,993.5,978.0,991.7,10200530.0
HDFCBANK,2025-11-12,998.8,999.0,987.7,989.5,13137263.0
HDFCBANK,2025-11-13,984.0,990.1,982.6,986.65,14124839.0
HDFCBANK,2025-11-14,976.05,991.65,976.05,989.6,21386965.0
HDFCBANK,2025-11-17,991.25,997.95,985.6,996.55,18396408.0
HDFCBANK,2025-11-18,997.65,999.0,990.0,992.45,20002640.0
HDFCBANK,2025-11-19,990.0,996.55,984.0,994.6,19813847.0
HDFCBANK,2025-11-19,992.45,992.45,992.45,992.45,153702.0
HDFCBANK,2025-11-20,995.3,1011.6,992.45,1008.85,19850865.0
HDFCBANK,2025-11-21,1003.1,1008.3,996.55,998.05,17499897.0
HDFCBANK,2025-11-24,1000.0,1011.45,993.6,999.15,32204053.0
HDFCBANK,2025-11-25,1004.0,1006.1,988.4,989.8,24989383.0
HDFCBANK,2025-11-26,981.3,1006.95,981.3,1003.9,19494356.0
HDFCBANK,2025-11-27,1002.1,1016.8,1001.0,1009.5,25536848.0
HDFCBANK,2025-11-28,1007.0,1012.05,1004.2,1007.6,15988807.0
HDFCBANK,2025-12-01,1017.5,1017.5,999.3,1002.1,16746566.0
HDFCBANK,2025-12-02,988.0,994.4,985.0,989.8,27316662.0
HDFCBANK,2025-12-03,986.0,1002.3,986.0,1000.5,15448777.0
HDFCBANK,2025-12-04,1000.0,1004.7,993.0,997.2,14528169.0
HDFCBANK,2025-12-05,992.0,1008.0,990.2,1003.3,12843366.0
HDFCBANK,2025-12-08,1000.0,1006.5,997.5,1003.1,12901022.0
HDFCBANK,2025-12-09,994.9,1002.8,994.0,997.1,15294322.0
HDFCBANK,2025-12-10,997.5,998.5,985.3,989.8,15322830.0
HDFCBANK,2025-12-11,990.0,1002.7,988.5,1000.3,11844809.0
HDFCBANK,2025-12-12,1003.0,1004.7,998.2,1001.5,11988618.0
HDFCBANK,2025-12-15,992.0,1001.8,992.0,996.1,9790060.0
HDFCBANK,2025-12-16,990.1,998.7,990.1,994.3,20049088.0
HDFCBANK,2025-12-17,996.0,996.0,980.8,984.0,19080922.0
HDFCBANK,2025-12-18,973.3,987.4,973.3,979.7,14912404.0
HDFCBANK,2025-12-19,987.0,988.0,978.7,985.5,25952384.0
HDFCBANK,2025-12-22,988.0,992.9,983.9,987.7,13540411.0
HDFCBANK,2025-12-23,990.5,998.9,987.7,996.6,17927849.0
HDFCBANK,2025-12-24,993.0,999.4,993.0,997.2,13699996.0
HDFCBANK,2025-12-26,996.0,997.2,987.7,992.1,9360853.0
HDFCBANK,2025-12-29,993.1,997.4,987.2,991.7,13545749.0
HDFCBANK,2025-12-30,990.2,995.0,982.2,990.9,33155849.0
HDFCBANK,2025-12-31,991.0,997.6,987.6,991.2,10963454.0
HDFCBANK,2026-01-01,993.5,997.55,989.5,991.15,7132074.0
HDFCBANK,2026-01-02,991.15,1003.2,988.8,1001.6,11751459.0
HDFCBANK,2026-01-05,1005.75,1006.4,976.3,977.5,27647379.0
HDFCBANK,2026-01-06,962.7,966.7,956.0,962.2,31988783.0
HDFCBANK,2026-01-07,956.0,956.45,946.0,949.05,52884712.0
HDFCBANK,2026-01-08,944.7,953.0,941.4,946.7,21928849.0
HDFCBANK,2026-01-09,945.0,950.6,933.3,939.0,38183839.0
HDFCBANK,2026-01-12,937.5,942.0,929.6,936.95,21071666.0
HDFCBANK,2026-01-13,947.7,947.7,932.6,937.35,32042827.0
HDFCBANK,2026-01-14,930.0,940.05,920.2,925.45,36688248.0
HDFCBANK,2026-01-16,922.0,935.95,919.2,931.1,37780235.0
HDFCBANK,2026-01-19,935.9,936.15,919.5,927.9,38191942.0
HDFCBANK,2026-01-20,929.3,934.5,919.6,931.2,36022727.0
HDFCBANK,2026-01-21,925.0,932.15,915.5,920.35,32766854.0
HDFCBANK,2026-01-22,928.0,928.3,913.2,918.7,44444755.0
HDFCBANK,2026-01-23,920.0,926.1,909.25,916.1,30985247.0
HDFCBANK,2026-01-27,906.0,931.2,905.0,926.4,44753093.0
HDFCBANK,2026-01-28,932.5,941.45,928.4,932.7,35347138.0
HDFCBANK,2026-01-29,930.1,939.3,924.35,935.5,37175628.0
HDFCBANK,2026-01-30,930.0,938.9,927.75,929.25,29691233.0
HDFCBANK,2026-02-01,932.0,939.65,912.65,922.1,9856486.0
HDFCBANK,2026-02-02,915.0,929.8,909.3,928.1,28032106.0
HDFCBANK,2026-02-03,983.75,994.0,945.0,948.7,50336968.0
HDFCBANK,2026-02-04,952.5,957.2,947.95,953.1,24366770.0
HDFCBANK,2026-02-05,956.0,956.05,946.7,949.7,28103169.0
HDFCBANK,2026-02-06,945.0,948.1,937.6,941.1,18120272.0
HDFCBANK,2026-02-09,945.0,950.0,935.35,937.25,23947829.0
HDFCBANK,2026-02-10,930.0,940.9,929.95,932.4,31525385.0
HDFCBANK,2026-02-11,931.25,936.0,925.3,927.1,24869804.0
HDFCBANK,2026-02-12,927.0,928.6,918.5,920.6,33872203.0
HDFCBANK,2026-02-13,913.0,928.2,901.0,903.9,50188359.0
HDFCBANK,2026-02-16,903.9,929.5,902.1,925.8,18806989.0
HDFCBANK,2026-02-17,923.0,928.1,918.6,925.7,22599629.0
HDFCBANK,2026-02-18,923.2,925.5,919.55,924.7,12738702.0
HDFCBANK,2026-02-19,929.0,929.2,912.45,915.6,21209234.0
HDFCBANK,2026-02-20,911.0,917.85,908.4,911.85,22654907.0
HDFCBANK,2026-02-23,916.5,925.65,915.25,923.6,23270122.0
HDFCBANK,2026-02-24,927.95,927.95,909.15,910.5,31313985.0
HDFCBANK,2026-02-25,910.55,916.0,903.1,907.6,27884303.0
HDFCBANK,2026-02-26,912.0,912.0,895.0,898.6,41165937.0
HDFCBANK,2026-02-27,898.6,898.95,885.0,887.75,34620755.0
HDFCBANK,2026-03-02,876.2,887.75,871.55,879.4,38378924.0
HDFCBANK,2026-03-04,848.0,879.3,848.0,868.65,39862322.0
HDFCBANK,2026-03-05,873.85,881.4,863.5,877.75,31324582.0
HDFCBANK,2026-03-05,868.65,868.65,868.65,868.65,706962.0
HDFCBANK,2026-03-06,868.05,871.7,855.1,857.05,34439647.0
HDFCBANK,2026-03-09,825.0,842.45,821.5,840.7,35592613.0
HDFCBANK,2026-03-10,850.05,856.8,840.6,849.45,52866024.0
HDFCBANK,2026-03-11,845.0,848.85,827.6,833.95,42261076.0
HDFCBANK,2026-03-12,820.1,836.4,820.1,832.75,46107561.0
HDFCBANK,2026-03-13,820.0,823.8,812.0,817.0,41700464.0
HDFCBANK,2026-03-16,817.0,844.5,815.65,840.6,52182605.0
HDFCBANK,2026-03-17,847.7,848.9,835.1,845.35,38826979.0
HDFCBANK,2026-03-18,845.35,846.8,831.6,843.05,23507063.0
HDFCBANK,2026-03-19,770.0,815.65,770.0,798.2,171637393.0
HDFCBANK,2026-03-20,785.0,793.75,778.2,780.45,103129469.0
HDFCBANK,2026-03-23,763.15,768.7,741.05,744.15,72341738.0
HDFCBANK,2026-03-24,755.0,772.75,747.7,764.9,61269986.0
HDFCBANK,2026-03-25,768.2,794.8,768.2,782.3,59230640.0
HDFCBANK,2026-03-27,773.2,774.9,754.55,756.2,65485199.0
HDFCBANK,2026-03-30,745.2,751.0,726.65,731.55,103500135.0
HDFCBANK,2026-04-01,743.0,755.9,739.1,742.25,78862761.0
HDFCBANK,2026-04-02,730.0,755.0,726.65,750.9,49310300.0
HDFCBANK,2026-04-06,759.0,772.75,745.0,771.0,42976659.0
HDFCBANK,2026-04-07,766.0,774.0,761.0,772.0,51309793.0
HDFCBANK,2026-04-08,800.0,817.8,796.0,816.1,70269512.0
HDFCBANK,2026-04-09,815.0,819.0,793.1,797.7,48879392.0
HDFCBANK,2026-04-10,804.0,812.25,801.0,810.3,38156026.0
HDFCBANK,2026-04-13,791.5,798.5,787.35,794.7,47549328.0
HDFCBANK,2026-04-15,804.95,814.8,804.0,809.9,39769515.0
HDFCBANK,2026-04-16,818.0,820.05,792.2,795.45,62861293.0
HDFCBANK,2026-04-17,790.1,803.95,788.2,799.9,37282544.0
HDFCBANK,2026-04-20,797.1,809.95,790.0,795.45,52148044.0
HDFCBANK,2026-04-21,795.2,814.9,795.2,811.75,49135752.0
HDFCBANK,2026-04-22,810.0,813.05,798.0,799.9,23876412.0
HDFCBANK,2026-04-23,792.0,796.65,782.5,784.35,37677616.0
HDFCBANK,2026-04-24,777.3,787.6,777.0,784.85,27720358.0
HDFCBANK,2026-04-27,787.5,793.0,785.0,789.8,18115375.0
HDFCBANK,2026-04-28,785.0,794.5,778.3,782.55,35366803.0
HDFCBANK,2026-04-29,785.5,790.0,777.35,779.0,25799963.0
HDFCBANK,2026-04-30,770.0,778.8,762.25,771.7,47998755.0
HDFCBANK,2026-05-04,772.6,786.6,772.6,779.4,29028060.0
HDFCBANK,2026-05-05,774.4,776.9,763.7,772.3,38887657.0
HDFCBANK,2026-05-06,775.15,798.95,773.5,796.55,35530831.0
HDFCBANK,2026-05-07,794.0,801.55,788.55,796.05,46137553.0
HDFCBANK,2026-05-08,784.0,788.75,777.2,780.85,38016841.0
HDFCBANK,2026-05-11,771.95,774.85,761.9,763.65,41123422.0
HDFCBANK,2026-05-12,756.6,759.7,747.8,750.45,43937132.0
HDFCBANK,2026-05-13,752.0,759.95,747.35,749.6,28960919.0
HDFCBANK,2026-05-14,751.0,778.3,747.0,769.55,50992358.0
HDFCBANK,2026-05-15,773.0,781.9,765.4,767.5,24347873.0
HDFCBANK,2026-05-18,759.0,774.1,751.35,768.65,29812079.0
HDFCBANK,2026-05-19,766.7,770.8,760.25,762.45,40307830.0
HDFCBANK,2026-05-20,759.6,762.25,755.15,759.5,24013451.0
HDFCBANK,2026-05-21,767.0,768.25,755.15,759.15,34664725.0
HDFCBANK,2026-05-22,759.15,775.0,759.15,766.8,25604071.0
HDFCBANK,2026-05-25,776.0,787.85,775.2,786.85,26043952.0
HDFCBANK,2026-05-26,784.05,790.85,776.75,778.9,31528062.0
HDFCNIFIT,2025-05-21,38.84,39.11,38.6,39.0,16975.0
HDFCNIFIT,2025-05-22,39.08,39.08,38.35,38.54,41434.0
HDFCNIFIT,2025-05-23,38.96,39.29,38.62,38.94,51025.0
HDFCNIFIT,2025-05-26,39.13,39.42,38.87,39.25,21026.0
HDFCNIFIT,2025-05-27,39.49,39.5,38.66,39.17,16383.0
HDFCNIFIT,2025-05-28,39.36,39.6,38.9,39.0,18306.0
HDFCNIFIT,2025-05-29,39.19,39.68,39.03,39.29,52373.0
HDFCNIFIT,2025-05-30,39.29,39.29,38.9,39.08,29867.0
HDFCNIFIT,2025-06-02,39.08,39.34,38.3,38.74,32300.0
HDFCNIFIT,2025-06-03,38.74,39.23,38.29,38.46,26203.0
HDFCNIFIT,2025-06-04,38.55,38.81,38.0,38.61,34189.0
HDFCNIFIT,2025-06-05,38.77,39.12,38.18,38.73,31876.0
HDFCNIFIT,2025-06-06,38.73,39.12,38.58,38.99,18974.0
HDFCNIFIT,2025-06-09,38.2,39.67,38.2,39.32,57102.0
HDFCNIFIT,2025-06-10,39.47,40.37,39.47,39.96,99001.0
HDFCNIFIT,2025-06-11,39.99,40.64,39.89,40.52,46595.0
HDFCNIFIT,2025-06-12,40.72,40.72,39.97,40.21,79385.0
HDFCNIFIT,2025-06-13,39.63,40.5,39.51,40.22,49145.0
HDFCNIFIT,2025-06-16,40.67,40.92,40.06,40.72,25436.0
HDFCNIFIT,2025-06-17,40.91,42.7,40.7,41.28,39496.0
HDFCNIFIT,2025-06-18,41.41,41.41,40.67,40.84,49796.0
HDFCNIFIT,2025-06-19,40.84,40.84,40.11,40.3,46344.0
HDFCNIFIT,2025-06-20,40.64,40.75,40.16,40.71,20508.0
HDFCNIFIT,2025-06-23,40.7,40.71,39.63,40.12,77352.0
HDFCNIFIT,2025-06-24,40.45,40.67,40.02,40.08,50566.0
HDFCNIFIT,2025-06-25,40.4,40.93,40.4,40.7,22753.0
HDFCNIFIT,2025-06-26,40.84,40.9,40.11,40.81,55230.0
HDFCNIFIT,2025-06-27,40.51,41.5,40.48,40.66,53536.0
HDFCNIFIT,2025-06-30,40.66,41.38,40.03,40.76,33839.0
HDFCNIFIT,2025-07-01,39.74,41.28,39.74,40.59,42343.0
HDFCNIFIT,2025-07-02,40.91,41.22,40.45,40.57,20959.0
HDFCNIFIT,2025-07-03,40.69,40.8,40.46,40.54,17051.0
HDFCNIFIT,2025-07-04,40.67,41.08,40.62,41.01,19695.0
HDFCNIFIT,2025-07-07,40.85,41.47,40.6,40.67,67579.0
HDFCNIFIT,2025-07-08,40.87,40.99,40.41,40.76,37570.0
HDFCNIFIT,2025-07-09,40.47,41.44,40.31,40.52,27582.0
HDFCNIFIT,2025-07-10,39.55,40.99,39.55,40.16,101298.0
HDFCNIFIT,2025-07-11,41.16,41.16,39.03,39.44,104616.0
HDFCNIFIT,2025-07-14,40.42,40.42,38.03,38.97,305564.0
HDFCNIFIT,2025-07-15,39.32,39.58,38.66,39.08,110242.0
HDFCNIFIT,2025-07-16,39.58,39.6,39.02,39.44,34658.0
HDFCNIFIT,2025-07-17,39.44,39.5,38.87,38.92,89589.0
HDFCNIFIT,2025-07-18,39.11,39.37,38.63,38.83,60203.0
HDFCNIFIT,2025-07-21,39.27,39.27,38.5,38.81,41789.0
HDFCNIFIT,2025-07-22,39.24,39.24,38.53,38.63,73149.0
HDFCNIFIT,2025-07-23,39.37,39.37,38.55,38.78,30695.0
HDFCNIFIT,2025-07-24,39.7,39.7,37.85,37.89,232193.0
HDFCNIFIT,2025-07-25,38.07,38.07,37.27,37.35,132515.0
HDFCNIFIT,2025-07-28,37.5,37.5,36.79,37.13,128250.0
HDFCNIFIT,2025-07-29,37.5,38.0,36.51,37.19,67543.0
HDFCNIFIT,2025-07-30,37.37,37.64,36.87,37.26,65708.0
HDFCNIFIT,2025-07-31,36.32,37.57,36.32,37.0,79441.0
HDFCNIFIT,2025-08-01,37.0,37.0,36.36,36.4,59241.0
HDFCNIFIT,2025-08-04,37.31,37.31,36.08,36.92,40920.0
HDFCNIFIT,2025-08-05,37.78,37.78,36.58,36.8,48445.0
HDFCNIFIT,2025-08-06,36.79,36.79,36.08,36.15,147735.0
HDFCNIFIT,2025-08-07,36.15,36.8,35.89,36.51,43161.0
HDFCNIFIT,2025-08-08,35.59,36.95,35.59,36.11,57923.0
HDFCNIFIT,2025-08-11,35.0,36.45,35.0,36.26,90581.0
HDFCNIFIT,2025-08-12,36.66,36.76,36.3,36.36,39080.0
HDFCNIFIT,2025-08-13,36.48,36.48,36.23,36.43,42710.0
HDFCNIFIT,2025-08-14,36.61,37.09,36.01,36.57,35305.0
HDFCNIFIT,2025-08-18,36.75,37.09,36.17,36.33,81933.0
HDFCNIFIT,2025-08-19,36.33,37.81,36.14,36.48,192026.0
HDFCNIFIT,2025-08-20,36.95,37.5,36.11,37.4,83917.0
HDFCNIFIT,2025-08-21,37.58,37.9,37.11,37.49,49106.0
HDFCNIFIT,2025-08-22,37.48,37.48,37.1,37.15,17640.0
HDFCNIFIT,2025-08-25,37.33,38.24,37.05,38.07,58851.0
HDFCNIFIT,2025-08-26,38.33,38.33,37.7,37.82,31525.0
HDFCNIFIT,2025-08-28,38.0,38.0,37.2,37.26,58981.0
HDFCNIFIT,2025-08-29,38.0,38.0,36.79,36.91,29998.0
HDFCNIFIT,2025-09-01,37.27,37.54,37.09,37.47,30396.0
HDFCNIFIT,2025-09-02,37.95,37.95,37.3,37.45,45219.0
HDFCNIFIT,2025-09-03,37.21,37.84,37.04,37.26,83195.0
HDFCNIFIT,2025-09-04,37.44,37.44,36.85,36.88,31694.0
HDFCNIFIT,2025-09-05,37.06,37.06,36.02,36.36,147681.0
HDFCNIFIT,2025-09-08,36.54,36.69,35.95,36.03,174157.0
HDFCNIFIT,2025-09-09,36.5,37.9,36.35,37.01,75543.0
HDFCNIFIT,2025-09-10,37.19,37.96,37.19,37.87,133091.0
HDFCNIFIT,2025-09-11,37.91,37.91,37.5,37.69,40353.0
HDFCNIFIT,2025-09-12,37.99,38.01,37.74,37.84,27799.0
HDFCNIFIT,2025-09-15,37.99,38.28,37.4,37.65,31363.0
HDFCNIFIT,2025-09-16,37.66,38.0,37.6,37.9,97719.0
HDFCNIFIT,2025-09-17,37.9,38.29,37.9,38.15,122809.0
HDFCNIFIT,2025-09-18,38.3,38.8,38.13,38.45,160686.0
HDFCNIFIT,2025-09-19,38.41,38.9,38.12,38.3,45430.0
HDFCNIFIT,2025-09-22,38.06,38.38,36.83,37.23,639630.0
HDFCNIFIT,2025-09-23,37.67,37.68,36.79,36.89,344594.0
HDFCNIFIT,2025-09-24,37.07,37.07,36.58,36.65,71499.0
HDFCNIFIT,2025-09-25,36.83,36.83,36.0,36.05,3797645.0
HDFCNIFIT,2025-09-26,36.23,37.05,35.3,35.33,351223.0
HDFCNIFIT,2025-09-29,35.7,36.06,35.05,35.45,74300.0
HDFCNIFIT,2025-09-30,35.62,35.87,35.21,35.3,73733.0
HDFCNIFIT,2025-10-01,35.36,35.69,35.1,35.54,164117.0
HDFCNIFIT,2025-10-03,35.58,35.99,35.0,35.63,46816.0
HDFCNIFIT,2025-10-06,35.8,36.45,35.65,36.38,70916.0
HDFCNIFIT,2025-10-07,36.57,36.78,36.21,36.41,56999.0
HDFCNIFIT,2025-10-08,36.6,37.04,36.13,36.85,62629.0
HDFCNIFIT,2025-10-09,37.96,37.96,36.28,37.36,84484.0
HDFCNIFIT,2025-10-10,37.54,37.54,37.09,37.29,63169.0
HDFCNIFIT,2025-10-13,36.8,37.23,36.8,37.05,60407.0
HDFCNIFIT,2025-10-14,37.31,37.42,36.9,36.94,36225.0
HDFCNIFIT,2025-10-15,37.06,37.66,36.98,37.17,42995.0
HDFCNIFIT,2025-10-16,37.17,37.31,37.0,37.25,42444.0
HDFCNIFIT,2025-10-17,37.25,37.69,36.56,36.68,118177.0
HDFCNIFIT,2025-10-20,37.06,37.5,36.68,37.06,161225.0
HDFCNIFIT,2025-10-21,37.49,37.76,37.1,37.18,25873.0
HDFCNIFIT,2025-10-23,37.73,38.25,37.19,37.86,237736.0
HDFCNIFIT,2025-10-24,37.98,38.17,37.68,37.79,51544.0
HDFCNIFIT,2025-10-27,37.97,38.22,37.89,38.18,109114.0
HDFCNIFIT,2025-10-28,38.35,38.35,37.65,37.75,73109.0
HDFCNIFIT,2025-10-29,37.93,38.14,37.76,38.08,44086.0
HDFCNIFIT,2025-10-30,38.28,38.28,37.74,37.93,25123.0
HDFCNIFIT,2025-10-31,37.93,38.09,37.65,37.7,23511.0
HDFCNIFIT,2025-11-03,37.69,37.8,37.45,37.63,62936.0
HDFCNIFIT,2025-11-04,36.7,37.69,36.7,37.29,35825.0
HDFCNIFIT,2025-11-06,37.35,37.51,37.2,37.3,47485.0
HDFCNIFIT,2025-11-07,37.3,37.3,36.73,37.1,50559.0
HDFCNIFIT,2025-11-10,37.2,37.86,37.2,37.6,42641.0
HDFCNIFIT,2025-11-11,37.99,38.16,37.62,38.05,209962.0
HDFCNIFIT,2025-11-12,37.65,38.99,37.65,38.82,239669.0
HDFCNIFIT,2025-11-13,39.01,39.01,38.54,38.76,120499.0
HDFCNIFIT,2025-11-14,38.44,38.51,38.0,38.34,189104.0
HDFCNIFIT,2025-11-17,39.49,39.5,38.13,38.64,60744.0
HDFCNIFIT,2025-11-18,38.23,38.34,37.98,38.03,78957.0
HDFCNIFIT,2025-11-19,38.04,39.14,38.03,39.04,198085.0
HDFCNIFIT,2025-11-20,39.09,39.34,38.63,38.83,122596.0
HDFCNIFIT,2025-11-21,38.88,39.19,38.76,38.91,96812.0
HDFCNIFIT,2025-11-24,38.92,39.56,38.91,38.98,104721.0
HDFCNIFIT,2025-11-25,38.73,39.1,38.73,38.92,30594.0
HDFCNIFIT,2025-11-26,38.92,39.38,38.92,39.34,45721.0
HDFCNIFIT,2025-11-27,39.6,39.79,39.34,39.46,57081.0
HDFCNIFIT,2025-11-28,39.66,39.66,39.38,39.49,122046.0
HDFCNIFIT,2025-12-01,38.5,39.78,38.5,39.65,1365145.0
HDFCNIFIT,2025-12-02,39.14,39.85,39.14,39.63,63680.0
HDFCNIFIT,2025-12-03,39.76,40.09,39.6,39.92,109876.0
HDFCNIFIT,2025-12-04,40.0,40.63,40.0,40.42,1110143.0
HDFCNIFIT,2025-12-05,40.72,41.12,40.44,40.79,299496.0
HDFCNIFIT,2025-12-08,41.0,41.16,40.49,40.75,73973.0
HDFCNIFIT,2025-12-09,40.95,40.95,40.03,40.26,65245.0
HDFCNIFIT,2025-12-10,41.07,41.07,39.8,39.82,41866.0
HDFCNIFIT,2025-12-11,39.96,40.31,39.71,40.13,24693.0
HDFCNIFIT,2025-12-12,41.12,41.12,40.03,40.41,33185.0
HDFCNIFIT,2025-12-15,41.22,41.22,40.1,40.51,20409.0
HDFCNIFIT,2025-12-16,40.32,40.35,40.0,40.21,28894.0
HDFCNIFIT,2025-12-17,41.21,41.21,40.18,40.34,29834.0
HDFCNIFIT,2025-12-18,40.37,40.87,40.36,40.85,68279.0
HDFCNIFIT,2025-12-19,41.09,41.16,40.71,40.81,34577.0
HDFCNIFIT,2025-12-22,41.27,41.69,41.15,41.62,189113.0
HDFCNIFIT,2025-12-23,41.38,41.41,41.04,41.32,59339.0
HDFCNIFIT,2025-12-24,42.3,42.3,41.02,41.12,50201.0
HDFCNIFIT,2025-12-26,41.13,41.67,40.63,40.78,58667.0
HDFCNIFIT,2025-12-29,40.98,40.98,40.3,40.35,41105.0
HDFCNIFIT,2025-12-30,40.35,40.67,40.02,40.05,23664.0
HDFCNIFIT,2025-12-31,40.28,40.28,39.88,40.06,29472.0
HDFCNIFIT,2026-01-01,40.06,40.42,40.0,40.22,142815.0
HDFCNIFIT,2026-01-02,41.22,41.22,40.23,40.41,36621.0
HDFCNIFIT,2026-01-05,40.21,40.56,39.5,39.89,70218.0
HDFCNIFIT,2026-01-06,39.96,40.14,39.88,40.06,44664.0
HDFCNIFIT,2026-01-07,40.27,40.9,40.06,40.8,99456.0
HDFCNIFIT,2026-01-08,40.8,40.9,39.94,40.01,120644.0
HDFCNIFIT,2026-01-09,40.23,40.35,40.0,40.09,48177.0
HDFCNIFIT,2026-01-12,40.09,40.29,39.74,40.04,62900.0
HDFCNIFIT,2026-01-13,40.39,40.5,39.94,40.3,51834.0
HDFCNIFIT,2026-01-14,40.35,40.36,39.74,39.93,21413.0
HDFCNIFIT,2026-01-16,40.12,41.51,40.12,41.39,228783.0
HDFCNIFIT,2026-01-19,40.35,41.69,40.35,41.24,41092.0
HDFCNIFIT,2026-01-20,40.2,41.26,40.2,40.44,41848.0
HDFCNIFIT,2026-01-21,40.43,40.43,39.74,40.33,417345.0
HDFCNIFIT,2026-01-22,40.68,40.89,40.37,40.55,23537.0
HDFCNIFIT,2026-01-23,40.65,40.83,40.5,40.58,983427.0
HDFCNIFIT,2026-01-27,40.78,41.05,40.35,40.9,1245173.0
HDFCNIFIT,2026-01-28,40.9,41.18,40.75,41.0,30511.0
HDFCNIFIT,2026-01-29,41.2,41.21,40.33,40.72,353469.0
HDFCNIFIT,2026-01-30,40.41,40.49,40.06,40.38,27683.0
HDFCNIFIT,2026-02-01,40.58,41.12,39.66,40.52,82482.0
HDFCNIFIT,2026-02-02,41.53,41.53,40.07,40.4,27747.0
HDFCNIFIT,2026-02-03,41.19,42.12,40.84,40.97,94567.0
HDFCNIFIT,2026-02-04,40.86,40.87,38.06,38.6,1045913.0
HDFCNIFIT,2026-02-05,38.7,39.2,38.22,38.32,179100.0
HDFCNIFIT,2026-02-06,38.15,38.51,37.42,37.81,181546.0
HDFCNIFIT,2026-02-09,37.4,38.28,37.4,37.82,75548.0
HDFCNIFIT,2026-02-10,37.83,38.27,37.61,37.98,103381.0
HDFCNIFIT,2026-02-11,38.0,38.07,37.2,37.28,421142.0
HDFCNIFIT,2026-02-12,37.0,37.0,35.1,35.24,965099.0
HDFCNIFIT,2026-02-13,34.53,34.92,33.22,34.63,3173879.0
HDFCNIFIT,2026-02-16,34.79,35.6,34.31,34.8,521346.0
HDFCNIFIT,2026-02-17,35.67,35.79,34.63,35.14,411321.0
HDFCNIFIT,2026-02-18,35.98,35.98,34.14,34.71,207687.0
HDFCNIFIT,2026-02-19,35.06,35.18,34.21,34.32,804099.0
HDFCNIFIT,2026-02-20,34.5,34.5,33.81,33.99,475184.0
HDFCNIFIT,2026-02-23,33.99,34.72,33.31,33.5,643504.0
HDFCNIFIT,2026-02-24,33.66,33.66,31.72,31.94,1261243.0
HDFCNIFIT,2026-02-25,32.59,32.93,32.27,32.41,588501.0
HDFCNIFIT,2026-02-26,32.4,33.02,32.36,32.44,1831618.0
HDFCNIFIT,2026-02-27,32.96,33.16,32.43,32.51,2185512.0
HDFCNIFIT,2026-03-02,32.45,32.49,31.11,32.16,456132.0
HDFCNIFIT,2026-03-04,32.42,32.43,32.03,32.13,248262.0
HDFCNIFIT,2026-03-05,32.28,32.28,31.62,31.97,332791.0
HDFCNIFIT,2026-03-06,32.13,32.5,31.92,32.01,257865.0
HDFCNIFIT,2026-03-09,32.01,32.11,31.2,31.99,319932.0
HDFCNIFIT,2026-03-10,32.78,32.78,31.52,31.84,208500.0
HDFCNIFIT,2026-03-11,32.04,32.23,31.45,31.5,203771.0
HDFCNIFIT,2026-03-12,31.51,32.0,31.16,31.44,327798.0
HDFCNIFIT,2026-03-13,31.62,31.62,30.7,30.87,376746.0
HDFCNIFIT,2026-03-16,31.0,31.0,30.3,30.78,219720.0
HDFCNIFIT,2026-03-17,31.7,31.7,30.03,30.54,228937.0
HDFCNIFIT,2026-03-18,31.3,31.85,30.65,31.35,172751.0
HDFCNIFIT,2026-03-19,31.37,31.37,30.25,30.33,299554.0
HDFCNIFIT,2026-03-20,30.94,31.12,30.64,30.97,308126.0
HDFCNIFIT,2026-03-23,30.51,31.08,30.4,30.88,267495.0
HDFCNIFIT,2026-03-24,30.88,31.9,30.88,31.4,283677.0
HDFCNIFIT,2026-03-25,31.4,31.74,31.18,31.48,194365.0
HDFCNIFIT,2026-03-27,34.0,34.0,31.25,31.38,437351.0
HDFCNIFIT,2026-03-30,30.96,31.27,30.66,30.87,430719.0
HDFCNIFIT,2026-04-01,32.8,32.8,30.44,31.54,368347.0
HDFCNIFIT,2026-04-02,31.59,32.39,31.01,32.25,167263.0
HDFCNIFIT,2026-04-06,31.44,32.69,31.44,32.52,212284.0
HDFCNIFIT,2026-04-07,32.6,33.37,32.28,33.19,502620.0
HDFCNIFIT,2026-04-08,33.58,34.07,33.17,33.53,327261.0
HDFCNIFIT,2026-04-09,33.73,33.73,33.0,33.6,131593.0
HDFCNIFIT,2026-04-10,33.22,33.22,32.6,32.94,587935.0
HDFCNIFIT,2026-04-13,33.76,33.76,32.3,32.61,71484.0
HDFCNIFIT,2026-04-15,33.15,33.55,33.14,33.35,334357.0
HDFCNIFIT,2026-04-16,33.64,34.03,33.56,33.76,240522.0
HDFCNIFIT,2026-04-17,33.92,33.92,33.26,33.76,241371.0
HDFCNIFIT,2026-04-20,33.77,34.23,33.15,33.5,82670.0
HDFCNIFIT,2026-04-21,33.42,33.76,33.38,33.6,70645.0
HDFCNIFIT,2026-04-22,33.6,33.6,31.99,32.19,722639.0
HDFCNIFIT,2026-04-23,33.09,33.1,31.81,31.95,265004.0
HDFCNIFIT,2026-04-24,31.95,31.95,30.28,30.39,509507.0
HDFCNIFIT,2026-04-27,30.5,31.29,30.5,31.07,140723.0
HDFCNIFIT,2026-04-28,31.23,31.43,30.7,30.88,112761.0
HDFCNIFIT,2026-04-29,30.91,31.35,30.86,31.13,125447.0
HDFCNIFIT,2026-04-30,31.37,31.68,30.89,31.31,109513.0
HDFCNIFIT,2026-05-04,31.47,32.04,30.84,30.97,134413.0
HDFCNIFIT,2026-05-05,31.13,31.23,30.89,31.01,50249.0
HDFCNIFIT,2026-05-06,31.17,32.67,30.93,31.18,210146.0
HDFCNIFIT,2026-05-07,31.33,31.33,30.89,30.92,124046.0
HDFCNIFIT,2026-05-08,31.34,31.34,30.92,31.26,183219.0
HDFCNIFIT,2026-05-11,31.41,31.49,30.9,31.17,90145.0
HDFCNIFIT,2026-05-12,31.17,31.17,29.91,30.05,444681.0
HDFCNIFIT,2026-05-13,30.2,30.23,29.68,29.74,200294.0
HDFCNIFIT,2026-05-14,30.66,30.66,28.84,29.16,1964893.0
HDFCNIFIT,2026-05-15,29.16,29.91,28.2,29.55,147542.0
HDFCNIFIT,2026-05-18,30.28,30.28,29.39,30.13,209041.0
HDFCNIFIT,2026-05-19,30.13,31.48,30.13,31.21,377033.0
HDFCNIFIT,2026-05-20,31.83,31.83,30.83,30.92,431784.0
HDFCNIFIT,2026-05-21,31.04,31.12,30.77,30.88,76178.0
HDFCNIFIT,2026-05-22,30.87,31.03,30.35,30.73,95925.0
HDFCNIFIT,2026-05-25,30.73,31.16,30.73,30.96,151223.0
HDFCNIFIT,2026-05-26,31.11,31.14,30.8,30.92,68793.0
HEROMOTOCO,2025-05-21,4241.0,4288.9,4212.0,4263.8,396931.0
HEROMOTOCO,2025-05-22,4250.0,4284.0,4202.9,4276.3,394809.0
HEROMOTOCO,2025-05-23,4288.9,4335.0,4276.4,4308.8,461297.0
HEROMOTOCO,2025-05-26,4309.9,4418.3,4300.0,4359.4,765160.0
HEROMOTOCO,2025-05-27,4370.5,4374.9,4300.0,4338.2,411809.0
HEROMOTOCO,2025-05-28,4368.0,4383.4,4310.5,4362.2,424160.0
HEROMOTOCO,2025-05-29,4384.0,4384.0,4332.1,4356.6,369150.0
HEROMOTOCO,2025-05-30,4341.6,4380.0,4289.3,4309.3,914311.0
HEROMOTOCO,2025-06-02,4310.1,4318.7,4196.0,4232.3,771163.0
HEROMOTOCO,2025-06-03,4250.0,4280.5,4201.0,4208.6,417447.0
HEROMOTOCO,2025-06-04,4213.0,4240.7,4191.3,4200.6,353642.0
HEROMOTOCO,2025-06-05,4227.8,4227.8,4172.8,4178.9,394746.0
HEROMOTOCO,2025-06-06,4189.0,4296.9,4158.1,4268.0,551467.0
HEROMOTOCO,2025-06-09,4304.9,4360.0,4275.0,4349.4,495256.0
HEROMOTOCO,2025-06-10,4370.1,4392.0,4329.7,4379.0,469185.0
HEROMOTOCO,2025-06-11,4375.0,4486.7,4365.9,4410.3,1241569.0
HEROMOTOCO,2025-06-12,4410.3,4425.0,4340.0,4362.8,813687.0
HEROMOTOCO,2025-06-13,4266.1,4347.0,4251.4,4333.8,521000.0
HEROMOTOCO,2025-06-16,4316.0,4414.1,4312.5,4364.5,360242.0
HEROMOTOCO,2025-06-17,4369.0,4390.0,4333.8,4371.0,331648.0
HEROMOTOCO,2025-06-18,4352.0,4432.0,4350.0,4357.9,370443.0
HEROMOTOCO,2025-06-19,4374.9,4404.0,4350.3,4384.3,425692.0
HEROMOTOCO,2025-06-20,4380.5,4382.4,4204.9,4338.5,1159015.0
HEROMOTOCO,2025-06-23,4320.0,4324.7,4245.0,4253.1,580717.0
HEROMOTOCO,2025-06-24,4283.1,4330.0,4262.0,4292.5,469217.0
HEROMOTOCO,2025-06-25,4301.5,4357.9,4290.0,4300.8,412213.0
HEROMOTOCO,2025-06-26,4305.9,4324.9,4248.1,4278.0,795726.0
HEROMOTOCO,2025-06-27,4299.0,4349.9,4285.0,4320.3,543489.0
HEROMOTOCO,2025-06-30,4344.0,4344.0,4211.0,4237.1,871009.0
HEROMOTOCO,2025-07-01,4258.3,4264.0,4190.1,4226.0,480538.0
HEROMOTOCO,2025-07-02,4284.4,4324.6,4230.1,4243.7,808159.0
HEROMOTOCO,2025-07-03,4244.0,4350.0,4238.0,4310.6,650625.0
HEROMOTOCO,2025-07-04,4325.0,4374.7,4307.1,4345.0,437195.0
HEROMOTOCO,2025-07-07,4340.0,4359.6,4293.0,4307.0,353771.0
HEROMOTOCO,2025-07-08,4305.1,4329.0,4240.0,4300.4,467771.0
HEROMOTOCO,2025-07-09,4300.0,4344.0,4290.2,4333.1,276485.0
HEROMOTOCO,2025-07-10,4330.1,4348.9,4310.0,4321.3,368728.0
HEROMOTOCO,2025-07-11,4300.1,4340.0,4190.0,4218.7,556464.0
HEROMOTOCO,2025-07-14,4218.7,4218.7,4218.7,4218.7,34130.0
HEROMOTOCO,2025-07-14,4219.0,4259.0,4197.2,4251.7,293675.0
HEROMOTOCO,2025-07-15,4275.8,4465.0,4260.1,4454.0,1756329.0
HEROMOTOCO,2025-07-16,4454.0,4470.0,4371.0,4424.5,791606.0
HEROMOTOCO,2025-07-17,4437.0,4463.9,4412.0,4443.6,414759.0
HEROMOTOCO,2025-07-18,4450.0,4484.0,4387.2,4396.7,370997.0
HEROMOTOCO,2025-07-21,4410.0,4422.0,4346.2,4408.2,269975.0
HEROMOTOCO,2025-07-22,4418.0,4431.7,4318.8,4342.4,463290.0
HEROMOTOCO,2025-07-23,4360.0,4377.0,4325.9,4363.7,376802.0
HEROMOTOCO,2025-07-24,4310.0,4320.0,4255.1,4301.9,584473.0
HEROMOTOCO,2025-07-25,4278.0,4290.8,4195.0,4230.7,630896.0
HEROMOTOCO,2025-07-28,4215.5,4307.0,4215.5,4291.1,462891.0
HEROMOTOCO,2025-07-29,4290.0,4334.4,4265.6,4325.2,422393.0
HEROMOTOCO,2025-07-30,4311.0,4325.8,4215.7,4251.3,547169.0
HEROMOTOCO,2025-07-31,4210.0,4303.0,4201.0,4260.7,446590.0
HEROMOTOCO,2025-08-01,4255.1,4322.0,4240.0,4311.6,473918.0
HEROMOTOCO,2025-08-04,4315.9,4550.0,4310.1,4535.9,1454995.0
HEROMOTOCO,2025-08-05,4536.0,4581.5,4515.9,4546.8,803505.0
HEROMOTOCO,2025-08-06,4549.6,4549.9,4462.1,4474.9,574216.0
HEROMOTOCO,2025-08-07,4430.0,4674.9,4422.3,4660.7,2121194.0
HEROMOTOCO,2025-08-08,4660.0,4712.0,4588.1,4599.8,972461.0
HEROMOTOCO,2025-08-11,4603.0,4624.7,4539.0,4562.2,455558.0
HEROMOTOCO,2025-08-12,4589.0,4669.6,4571.0,4645.2,723767.0
HEROMOTOCO,2025-08-13,4668.3,4793.5,4650.2,4768.7,1342794.0
HEROMOTOCO,2025-08-14,4770.0,4773.5,4690.5,4708.1,373862.0
HEROMOTOCO,2025-08-18,4900.0,5119.0,4900.0,4984.0,3698091.0
HEROMOTOCO,2025-08-19,4984.0,5139.0,4984.0,5118.2,1509894.0
HEROMOTOCO,2025-08-20,5120.0,5165.0,5111.1,5136.0,916240.0
HEROMOTOCO,2025-08-21,5136.0,5158.9,5040.0,5097.1,819430.0
HEROMOTOCO,2025-08-22,5097.1,5123.3,4982.0,4997.9,1357460.0
HEROMOTOCO,2025-08-25,5010.0,5079.9,4976.0,5063.8,693190.0
HEROMOTOCO,2025-08-26,5063.8,5143.0,5041.0,5073.4,1662083.0
HEROMOTOCO,2025-08-28,5230.0,5246.0,5078.4,5091.7,1584393.0
HEROMOTOCO,2025-08-29,5099.5,5148.3,5061.4,5087.7,783364.0
HEROMOTOCO,2025-09-01,5113.5,5259.5,5109.5,5244.0,659443.0
HEROMOTOCO,2025-09-02,5290.0,5348.0,5208.0,5312.0,962257.0
HEROMOTOCO,2025-09-03,5325.0,5363.5,5256.5,5349.0,659989.0
HEROMOTOCO,2025-09-04,5505.0,5519.0,5341.0,5351.0,1187848.0
HEROMOTOCO,2025-09-05,5360.0,5419.5,5348.5,5363.0,517415.0
HEROMOTOCO,2025-09-08,5370.0,5524.5,5335.0,5443.0,726543.0
HEROMOTOCO,2025-09-08,5363.0,5363.0,5363.0,5363.0,83549.0
HEROMOTOCO,2025-09-09,5465.5,5488.0,5391.0,5423.5,608443.0
HEROMOTOCO,2025-09-10,5450.0,5458.0,5317.5,5350.5,536616.0
HEROMOTOCO,2025-09-11,5350.5,5363.0,5286.0,5302.0,765635.0
HEROMOTOCO,2025-09-12,5302.0,5302.0,5302.0,5302.0,142289.0
HEROMOTOCO,2025-09-12,5306.0,5389.5,5286.0,5301.5,537933.0
HEROMOTOCO,2025-09-15,5324.0,5356.0,5268.0,5288.5,588879.0
HEROMOTOCO,2025-09-16,5288.5,5288.5,5288.5,5288.5,187256.0
HEROMOTOCO,2025-09-16,5307.0,5349.0,5284.0,5316.0,925160.0
HEROMOTOCO,2025-09-17,5344.0,5388.0,5310.5,5350.0,616629.0
HEROMOTOCO,2025-09-17,5316.0,5316.0,5316.0,5316.0,143905.0
HEROMOTOCO,2025-09-18,5360.0,5387.0,5340.0,5370.0,420977.0
HEROMOTOCO,2025-09-19,5390.0,5435.0,5372.0,5408.0,579031.0
HEROMOTOCO,2025-09-22,5409.0,5499.0,5400.0,5429.5,672445.0
HEROMOTOCO,2025-09-23,5450.0,5514.0,5351.0,5370.5,507377.0
HEROMOTOCO,2025-09-24,5370.0,5376.0,5265.0,5277.0,410267.0
HEROMOTOCO,2025-09-25,5270.0,5374.0,5231.0,5354.5,640474.0
HEROMOTOCO,2025-09-26,5354.5,5454.0,5308.5,5328.0,689941.0
HEROMOTOCO,2025-09-26,5354.5,5354.5,5354.5,5354.5,28602.0
HEROMOTOCO,2025-09-29,5328.0,5429.0,5269.0,5300.5,8318930.0
HEROMOTOCO,2025-09-30,5323.0,5483.5,5323.0,5472.5,1141788.0
HEROMOTOCO,2025-10-01,5472.5,5519.0,5410.0,5432.5,701001.0
HEROMOTOCO,2025-10-03,5465.0,5584.0,5370.5,5550.5,1634394.0
HEROMOTOCO,2025-10-06,5527.0,5595.0,5527.0,5581.5,844413.0
HEROMOTOCO,2025-10-07,5581.5,5649.0,5572.5,5615.0,858678.0
HEROMOTOCO,2025-10-08,5612.0,5659.0,5492.5,5512.5,789561.0
HEROMOTOCO,2025-10-09,5515.0,5537.0,5466.0,5512.0,872880.0
HEROMOTOCO,2025-10-10,5512.0,5567.5,5476.5,5500.0,835407.0
HEROMOTOCO,2025-10-13,5500.0,5581.0,5484.5,5559.0,417645.0
HEROMOTOCO,2025-10-14,5582.5,5591.0,5540.0,5571.5,375269.0
HEROMOTOCO,2025-10-15,5580.0,5609.0,5447.0,5537.5,484777.0
HEROMOTOCO,2025-10-16,5577.0,5612.0,5551.5,5579.5,294066.0
HEROMOTOCO,2025-10-17,5582.0,5625.0,5550.5,5592.5,435204.0
HEROMOTOCO,2025-10-20,5620.0,5694.0,5606.5,5641.0,368799.0
HEROMOTOCO,2025-10-21,5667.0,5668.0,5631.0,5646.5,40575.0
HEROMOTOCO,2025-10-23,5715.0,5717.0,5561.5,5588.5,489097.0
HEROMOTOCO,2025-10-24,5615.0,5625.0,5484.5,5540.5,546761.0
HEROMOTOCO,2025-10-27,5570.0,5662.0,5550.0,5646.5,424721.0
HEROMOTOCO,2025-10-28,5640.0,5665.0,5575.0,5609.5,539781.0
HEROMOTOCO,2025-10-29,5637.5,5638.5,5527.0,5551.5,432099.0
HEROMOTOCO,2025-10-30,5570.5,5587.5,5493.0,5515.0,402078.0
HEROMOTOCO,2025-10-31,5514.5,5625.0,5501.0,5544.0,424188.0
HEROMOTOCO,2025-11-03,5579.5,5579.5,5482.0,5539.0,223771.0
HEROMOTOCO,2025-11-04,5475.0,5475.0,5252.5,5309.0,2003141.0
HEROMOTOCO,2025-11-06,5352.5,5408.5,5305.0,5326.0,815323.0
HEROMOTOCO,2025-11-07,5305.0,5324.0,5258.0,5296.0,436406.0
HEROMOTOCO,2025-11-10,5310.0,5410.0,5300.5,5359.5,347961.0
HEROMOTOCO,2025-11-11,5375.5,5430.0,5331.0,5417.5,348232.0
HEROMOTOCO,2025-11-12,5440.0,5557.0,5421.5,5534.0,534031.0
HEROMOTOCO,2025-11-13,5554.0,5594.5,5485.5,5508.5,585663.0
HEROMOTOCO,2025-11-14,5521.5,5629.5,5462.5,5538.5,938647.0
HEROMOTOCO,2025-11-17,5589.0,5810.0,5571.0,5798.5,1770568.0
HEROMOTOCO,2025-11-18,5820.0,5882.0,5789.5,5799.5,1182455.0
HEROMOTOCO,2025-11-19,5851.0,5916.5,5835.0,5876.5,935374.0
HEROMOTOCO,2025-11-20,5950.0,6042.0,5921.5,5999.5,1276202.0
HEROMOTOCO,2025-11-21,5970.0,6038.0,5957.5,6002.5,703572.0
HEROMOTOCO,2025-11-24,6003.0,6049.0,5972.0,5982.0,1349305.0
HEROMOTOCO,2025-11-25,6000.0,6087.5,5969.5,6081.5,707293.0
HEROMOTOCO,2025-11-26,6083.5,6146.0,6052.0,6136.5,452071.0
HEROMOTOCO,2025-11-27,6137.0,6200.0,6097.0,6151.0,352120.0
HEROMOTOCO,2025-11-28,6152.0,6239.0,6128.0,6174.5,504441.0
HEROMOTOCO,2025-12-01,6230.0,6333.5,6210.5,6295.5,912454.0
HEROMOTOCO,2025-12-02,6330.0,6340.0,6231.0,6270.5,809216.0
HEROMOTOCO,2025-12-03,6294.0,6294.0,6191.0,6211.5,543787.0
HEROMOTOCO,2025-12-04,6248.0,6351.0,6239.5,6340.0,883433.0
HEROMOTOCO,2025-12-05,6335.0,6388.5,6305.0,6350.5,651633.0
HEROMOTOCO,2025-12-08,6310.0,6351.0,6144.5,6167.0,707514.0
HEROMOTOCO,2025-12-09,6164.0,6164.0,5966.0,6001.0,1186776.0
HEROMOTOCO,2025-12-10,6028.0,6044.5,5915.5,5945.5,820197.0
HEROMOTOCO,2025-12-11,5945.5,6019.5,5905.5,5979.5,695094.0
HEROMOTOCO,2025-12-12,6003.5,6037.5,5950.5,5960.0,679186.0
HEROMOTOCO,2025-12-15,5939.5,5976.5,5876.5,5959.5,652031.0
HEROMOTOCO,2025-12-16,5960.5,5986.0,5932.5,5946.5,388048.0
HEROMOTOCO,2025-12-17,5970.0,5971.0,5782.0,5817.0,538205.0
HEROMOTOCO,2025-12-18,5785.0,5785.0,5513.0,5748.5,1016539.0
HEROMOTOCO,2025-12-19,5725.0,5797.5,5725.0,5781.0,769295.0
HEROMOTOCO,2025-12-22,5793.5,5793.5,5681.0,5699.5,1213460.0
HEROMOTOCO,2025-12-23,5710.0,5752.5,5695.0,5744.0,351302.0
HEROMOTOCO,2025-12-24,5744.0,5750.0,5690.0,5698.5,313655.0
HEROMOTOCO,2025-12-26,5698.5,5720.0,5611.0,5637.0,249826.0
HEROMOTOCO,2025-12-29,5637.0,5651.0,5550.5,5566.0,572147.0
HEROMOTOCO,2025-12-30,5570.0,5742.5,5566.5,5711.0,2980473.0
HEROMOTOCO,2025-12-31,5709.5,5785.5,5684.5,5771.0,473265.0
HEROMOTOCO,2026-01-01,5771.0,5856.0,5730.0,5841.5,384697.0
HEROMOTOCO,2026-01-02,5900.0,6029.5,5875.0,5933.0,1069537.0
HEROMOTOCO,2026-01-05,5960.0,6045.0,5925.0,5985.5,653817.0
HEROMOTOCO,2026-01-06,6010.0,6037.0,5960.0,6000.0,453152.0
HEROMOTOCO,2026-01-07,6033.5,6049.0,5944.0,5981.0,609748.0
HEROMOTOCO,2026-01-08,5981.0,5985.0,5830.0,5850.0,562060.0
HEROMOTOCO,2026-01-09,5850.0,5891.0,5751.0,5773.0,500234.0
HEROMOTOCO,2026-01-12,5773.0,5792.0,5627.0,5726.5,314329.0
HEROMOTOCO,2026-01-13,5780.0,5780.0,5680.5,5734.5,336437.0
HEROMOTOCO,2026-01-14,5720.0,5741.0,5640.0,5676.5,368182.0
HEROMOTOCO,2026-01-16,5622.0,5732.0,5617.5,5651.5,588398.0
HEROMOTOCO,2026-01-19,5625.0,5787.5,5590.0,5762.5,581040.0
HEROMOTOCO,2026-01-20,5779.0,5845.0,5555.0,5580.5,394664.0
HEROMOTOCO,2026-01-21,5580.5,5642.0,5504.0,5538.5,406596.0
HEROMOTOCO,2026-01-22,5593.0,5665.0,5465.5,5488.5,401574.0
HEROMOTOCO,2026-01-23,5514.0,5524.5,5368.0,5384.0,460330.0
HEROMOTOCO,2026-01-27,5418.0,5424.5,5298.5,5380.0,400942.0
HEROMOTOCO,2026-01-28,5407.0,5524.0,5328.5,5512.5,547414.0
HEROMOTOCO,2026-01-29,5522.0,5595.0,5472.0,5580.0,337842.0
HEROMOTOCO,2026-01-30,5540.5,5595.0,5465.0,5534.0,466102.0
HEROMOTOCO,2026-02-01,5568.0,5694.5,5404.5,5502.5,430982.0
HEROMOTOCO,2026-02-02,5550.0,5650.5,5418.0,5623.0,449861.0
HEROMOTOCO,2026-02-03,5734.0,5791.0,5676.5,5763.0,592655.0
HEROMOTOCO,2026-02-04,5747.0,5878.0,5716.5,5851.5,490202.0
HEROMOTOCO,2026-02-05,5880.5,5890.0,5745.0,5766.0,331312.0
HEROMOTOCO,2026-02-06,5772.0,5841.0,5715.5,5753.5,770475.0
HEROMOTOCO,2026-02-09,5800.0,5816.0,5667.0,5756.5,543956.0
HEROMOTOCO,2026-02-10,5785.0,5845.0,5718.0,5753.5,816528.0
HEROMOTOCO,2026-02-11,5695.0,5750.0,5546.0,5682.5,684908.0
HEROMOTOCO,2026-02-12,5704.0,5805.0,5683.5,5733.0,560676.0
HEROMOTOCO,2026-02-13,5702.0,5724.5,5560.0,5584.0,394003.0
HEROMOTOCO,2026-02-16,5578.0,5623.5,5459.0,5492.0,285719.0
HEROMOTOCO,2026-02-17,5490.0,5588.0,5446.5,5577.0,288723.0
HEROMOTOCO,2026-02-18,5595.0,5628.0,5546.5,5592.0,197770.0
HEROMOTOCO,2026-02-19,5600.0,5644.5,5387.5,5414.5,307768.0
HEROMOTOCO,2026-02-20,5400.0,5472.0,5375.0,5465.0,560735.0
HEROMOTOCO,2026-02-23,5504.5,5549.0,5437.0,5488.5,310190.0
HEROMOTOCO,2026-02-24,5480.0,5523.0,5436.5,5511.0,396015.0
HEROMOTOCO,2026-02-25,5511.0,5840.0,5500.5,5737.5,898486.0
HEROMOTOCO,2026-02-26,5760.0,5829.0,5718.5,5787.0,489797.0
HEROMOTOCO,2026-02-27,5775.0,5800.0,5689.0,5710.0,584546.0
HEROMOTOCO,2026-03-02,5565.0,5725.0,5503.0,5591.5,432301.0
HEROMOTOCO,2026-03-04,5520.0,5529.0,5427.5,5500.0,455955.0
HEROMOTOCO,2026-03-05,5513.5,5622.5,5480.0,5588.5,545405.0
HEROMOTOCO,2026-03-06,5571.0,5571.5,5490.0,5512.5,431008.0
HEROMOTOCO,2026-03-09,5447.0,5510.0,5337.5,5480.0,306358.0
HEROMOTOCO,2026-03-10,5546.5,5733.5,5527.5,5711.5,493375.0
HEROMOTOCO,2026-03-11,5729.5,5766.0,5554.0,5575.0,511965.0
HEROMOTOCO,2026-03-12,5589.0,5589.0,5376.0,5394.5,476478.0
HEROMOTOCO,2026-03-13,5338.0,5377.5,5168.0,5206.0,496250.0
HEROMOTOCO,2026-03-16,5198.5,5329.0,5124.5,5278.5,466610.0
HEROMOTOCO,2026-03-17,5276.5,5384.0,5232.0,5355.0,403766.0
HEROMOTOCO,2026-03-18,5370.0,5488.0,5365.0,5426.0,390261.0
HEROMOTOCO,2026-03-19,5349.0,5366.5,5151.0,5172.5,397483.0
HEROMOTOCO,2026-03-20,5218.0,5367.5,5216.0,5275.5,1043098.0
HEROMOTOCO,2026-03-23,5191.0,5200.0,5051.0,5065.0,340775.0
HEROMOTOCO,2026-03-24,5185.0,5317.0,5124.5,5253.0,435050.0
HEROMOTOCO,2026-03-25,5305.0,5364.0,5278.0,5289.5,531702.0
HEROMOTOCO,2026-03-27,5212.0,5244.0,5125.5,5143.0,535331.0
HEROMOTOCO,2026-03-30,5068.0,5140.0,5037.5,5063.0,704213.0
HEROMOTOCO,2026-04-01,5152.0,5244.0,5077.5,5122.0,546972.0
HEROMOTOCO,2026-04-02,5076.0,5077.0,4904.0,5011.5,753867.0
HEROMOTOCO,2026-04-06,5019.5,5122.5,4985.5,5103.5,348536.0
HEROMOTOCO,2026-04-07,5075.0,5084.0,4932.0,5051.0,429282.0
HEROMOTOCO,2026-04-08,5250.0,5349.5,5243.0,5287.5,790692.0
HEROMOTOCO,2026-04-09,5287.5,5380.0,5204.0,5284.0,760419.0
HEROMOTOCO,2026-04-10,5297.0,5484.5,5295.5,5466.5,855903.0
HEROMOTOCO,2026-04-13,5325.0,5375.0,5202.5,5247.0,743470.0
HEROMOTOCO,2026-04-15,5361.5,5361.5,5275.0,5287.5,651858.0
HEROMOTOCO,2026-04-16,5315.0,5349.0,5129.5,5159.5,920301.0
HEROMOTOCO,2026-04-17,5136.5,5250.0,5130.5,5230.5,545014.0
HEROMOTOCO,2026-04-20,5230.5,5318.0,5210.0,5282.5,654258.0
HEROMOTOCO,2026-04-21,5260.0,5310.0,5252.0,5259.0,321063.0
HEROMOTOCO,2026-04-22,5255.5,5291.0,5178.0,5189.0,293830.0
HEROMOTOCO,2026-04-23,5150.0,5160.0,4995.0,5032.0,628266.0
HEROMOTOCO,2026-04-24,5035.5,5060.5,4941.5,4961.5,520325.0
HEROMOTOCO,2026-04-27,5012.5,5098.0,5005.5,5043.0,448144.0
HEROMOTOCO,2026-04-28,5042.5,5105.5,5019.0,5068.0,667998.0
HEROMOTOCO,2026-04-29,5094.0,5208.5,5081.5,5114.5,474261.0
HEROMOTOCO,2026-04-30,5080.0,5114.5,5020.0,5099.0,478138.0
HEROMOTOCO,2026-05-04,5186.0,5237.0,5006.0,5066.5,617748.0
HEROMOTOCO,2026-05-05,5060.0,5135.0,5018.0,5109.0,573411.0
HEROMOTOCO,2026-05-06,5240.0,5281.0,4950.0,5170.0,2717300.0
HEROMOTOCO,2026-05-07,5235.0,5458.5,5189.5,5343.0,1775531.0
HEROMOTOCO,2026-05-08,5341.0,5398.5,5265.0,5322.0,558660.0
HEROMOTOCO,2026-05-11,5262.5,5283.5,5146.0,5228.5,447686.0
HEROMOTOCO,2026-05-12,5230.0,5270.0,5070.0,5082.5,391060.0
HEROMOTOCO,2026-05-13,5117.5,5128.0,4977.0,4995.0,494571.0
HEROMOTOCO,2026-05-14,5020.0,5091.0,4880.0,5077.0,594448.0
HEROMOTOCO,2026-05-15,5082.0,5139.5,5044.0,5064.5,425856.0
HEROMOTOCO,2026-05-18,5034.5,5034.5,4924.0,4957.0,434446.0
HEROMOTOCO,2026-05-19,4944.5,5040.0,4932.5,5007.5,560327.0
HEROMOTOCO,2026-05-20,4967.0,5015.0,4902.0,4968.0,416572.0
HEROMOTOCO,2026-05-21,5020.0,5039.5,4955.5,4969.5,335986.0
HEROMOTOCO,2026-05-22,4970.0,5014.5,4950.0,4966.0,284550.0
HEROMOTOCO,2026-05-25,5026.0,5065.5,4948.0,4979.0,445788.0
HEROMOTOCO,2026-05-26,4979.0,5029.0,4953.0,4983.0,413024.0
HINDALCO,2025-05-21,667.1,671.0,654.6,663.0,8623519.0
HINDALCO,2025-05-22,663.0,663.7,642.5,649.55,6784976.0
HINDALCO,2025-05-23,653.0,655.55,642.6,650.1,3448707.0
HINDALCO,2025-05-26,655.0,669.7,653.3,661.45,6826417.0
HINDALCO,2025-05-27,661.4,665.7,656.5,659.45,4223074.0
HINDALCO,2025-05-28,659.45,662.0,647.9,649.95,3546275.0
HINDALCO,2025-05-29,649.95,653.55,645.1,650.0,4545776.0
HINDALCO,2025-05-30,647.8,650.9,632.15,633.5,9054009.0
HINDALCO,2025-06-02,628.95,635.75,618.0,631.1,8397065.0
HINDALCO,2025-06-03,636.0,640.9,629.6,632.0,3783426.0
HINDALCO,2025-06-04,634.1,640.9,630.65,635.85,3066925.0
HINDALCO,2025-06-05,638.0,641.4,633.5,637.25,3565664.0
HINDALCO,2025-06-06,637.25,651.25,635.1,650.15,5492102.0
HINDALCO,2025-06-09,653.4,654.6,649.25,650.8,2822003.0
HINDALCO,2025-06-10,653.8,663.5,652.15,658.35,5693888.0
HINDALCO,2025-06-11,660.5,662.9,654.1,655.2,3928464.0
HINDALCO,2025-06-12,656.0,661.75,648.2,651.05,6539340.0
HINDALCO,2025-06-13,635.0,648.0,635.0,641.8,4543933.0
HINDALCO,2025-06-16,641.8,651.05,636.0,649.6,3422978.0
HINDALCO,2025-06-17,649.15,650.4,637.6,641.7,4199339.0
HINDALCO,2025-06-18,638.0,648.9,638.0,645.35,3412544.0
HINDALCO,2025-06-19,643.0,644.7,635.05,641.35,4392425.0
HINDALCO,2025-06-20,641.35,654.5,638.6,649.15,7166880.0
HINDALCO,2025-06-23,644.0,666.0,640.15,661.4,6080547.0
HINDALCO,2025-06-24,668.8,674.0,664.7,669.4,5510353.0
HINDALCO,2025-06-25,676.95,676.95,668.45,672.65,5533268.0
HINDALCO,2025-06-26,674.1,693.0,672.7,690.6,8196123.0
HINDALCO,2025-06-27,695.0,700.05,691.35,697.35,5666934.0
HINDALCO,2025-06-30,700.0,700.0,691.45,692.85,4919088.0
HINDALCO,2025-07-01,692.4,699.6,684.35,694.3,5468762.0
HINDALCO,2025-07-02,695.7,705.75,693.65,698.35,4566893.0
HINDALCO,2025-07-03,701.0,708.1,691.8,692.85,4216075.0
HINDALCO,2025-07-04,692.0,700.75,689.4,699.45,2680991.0
HINDALCO,2025-07-07,699.45,699.45,688.1,692.1,2481724.0
HINDALCO,2025-07-08,692.1,696.3,683.1,685.6,3923236.0
HINDALCO,2025-07-09,692.0,692.0,664.1,673.95,6703774.0
HINDALCO,2025-07-10,675.0,679.5,672.55,675.05,3641238.0
HINDALCO,2025-07-11,673.0,676.05,661.55,670.95,4450346.0
HINDALCO,2025-07-14,671.0,680.55,665.0,666.5,4338084.0
HINDALCO,2025-07-15,670.0,674.25,662.9,670.85,4815703.0
HINDALCO,2025-07-16,668.0,670.6,664.0,666.75,4497141.0
HINDALCO,2025-07-17,670.0,678.0,668.4,674.55,4022119.0
HINDALCO,2025-07-18,676.5,679.3,671.0,675.9,3400654.0
HINDALCO,2025-07-21,679.0,687.15,679.0,682.7,4912558.0
HINDALCO,2025-07-22,683.2,692.5,683.2,690.05,3802270.0
HINDALCO,2025-07-23,692.0,696.0,689.6,695.4,3640968.0
HINDALCO,2025-07-24,697.0,704.4,691.6,695.6,4593102.0
HINDALCO,2025-07-25,697.0,698.8,687.95,693.45,5220901.0
HINDALCO,2025-07-28,693.45,693.95,682.8,689.35,5031797.0
HINDALCO,2025-07-29,686.1,695.0,685.0,692.7,2985507.0
HINDALCO,2025-07-30,689.15,697.55,684.8,688.8,2829322.0
HINDALCO,2025-07-31,677.1,692.3,674.95,683.05,6136890.0
HINDALCO,2025-08-01,680.0,683.3,670.85,672.45,3475656.0
HINDALCO,2025-08-04,676.0,688.8,671.8,687.7,2286286.0
HINDALCO,2025-08-05,692.0,692.0,682.15,687.1,3302614.0
HINDALCO,2025-08-06,692.0,692.0,683.35,684.85,2498667.0
HINDALCO,2025-08-07,681.9,689.9,674.35,686.8,3417324.0
HINDALCO,2025-08-08,684.0,686.4,669.05,672.75,3471816.0
HINDALCO,2025-08-11,673.75,683.45,667.25,672.85,3235082.0
HINDALCO,2025-08-12,658.0,677.75,657.5,667.05,12238878.0
HINDALCO,2025-08-13,673.0,704.95,670.95,700.5,13151356.0
HINDALCO,2025-08-14,701.0,702.35,688.0,695.25,4179259.0
HINDALCO,2025-08-18,700.0,719.0,697.1,714.15,7211389.0
HINDALCO,2025-08-19,714.0,715.15,705.55,706.7,5641195.0
HINDALCO,2025-08-20,701.0,705.9,698.05,700.85,5358070.0
HINDALCO,2025-08-21,701.05,709.0,700.5,707.3,3231092.0
HINDALCO,2025-08-22,708.0,709.6,701.55,704.2,5623045.0
HINDALCO,2025-08-25,708.0,720.9,707.55,715.85,4539337.0
HINDALCO,2025-08-26,714.0,714.0,701.25,705.7,5229246.0
HINDALCO,2025-08-28,700.8,707.0,698.1,701.4,5620555.0
HINDALCO,2025-08-29,701.0,708.75,697.0,703.95,5335149.0
HINDALCO,2025-09-01,704.5,721.0,702.4,719.6,3771744.0
HINDALCO,2025-09-02,720.0,726.1,714.2,720.95,4660894.0
HINDALCO,2025-09-03,725.0,744.0,723.1,742.95,8986550.0
HINDALCO,2025-09-04,744.05,745.0,737.2,739.05,3763325.0
HINDALCO,2025-09-05,738.0,746.65,738.0,743.8,2778157.0
HINDALCO,2025-09-08,745.0,749.85,737.4,738.75,2703395.0
HINDALCO,2025-09-09,740.7,750.55,739.0,742.9,3393363.0
HINDALCO,2025-09-09,738.75,738.75,738.75,738.75,500000.0
HINDALCO,2025-09-10,745.0,749.8,741.05,743.15,3351988.0
HINDALCO,2025-09-11,742.0,747.95,738.0,742.65,3756027.0
HINDALCO,2025-09-12,748.9,759.6,745.15,758.05,5698959.0
HINDALCO,2025-09-15,758.15,763.4,752.6,753.65,2554957.0
HINDALCO,2025-09-16,754.4,757.3,749.15,755.95,2662690.0
HINDALCO,2025-09-17,756.0,759.7,744.4,750.1,4182521.0
HINDALCO,2025-09-18,746.35,751.45,736.25,750.15,4915450.0
HINDALCO,2025-09-19,752.0,756.8,739.0,743.3,5132517.0
HINDALCO,2025-09-22,743.3,752.5,741.55,745.7,2232330.0
HINDALCO,2025-09-23,745.0,752.25,739.65,745.9,3783529.0
HINDALCO,2025-09-24,744.0,748.95,737.7,741.05,2415165.0
HINDALCO,2025-09-25,746.0,769.1,740.05,745.65,4702510.0
HINDALCO,2025-09-26,745.9,749.5,731.95,743.85,3636265.0
HINDALCO,2025-09-29,745.0,758.8,744.85,753.8,4347158.0
HINDALCO,2025-09-30,759.95,769.7,758.05,761.95,4718308.0
HINDALCO,2025-10-01,761.9,769.4,755.3,765.95,3663841.0
HINDALCO,2025-10-03,766.0,790.6,764.1,780.35,6522416.0
HINDALCO,2025-10-06,782.05,784.95,774.35,776.7,3544658.0
HINDALCO,2025-10-07,771.0,780.75,765.9,767.8,4918764.0
HINDALCO,2025-10-08,770.0,781.5,766.15,768.2,6393179.0
HINDALCO,2025-10-09,770.25,780.0,769.25,774.1,6806889.0
HINDALCO,2025-10-09,768.2,768.2,768.2,768.2,131098.0
HINDALCO,2025-10-10,774.5,775.75,764.3,773.95,4365229.0
HINDALCO,2025-10-13,772.25,774.6,767.2,770.2,3077938.0
HINDALCO,2025-10-14,776.05,781.55,754.45,760.1,3510594.0
HINDALCO,2025-10-15,765.0,768.7,759.35,764.25,5690264.0
HINDALCO,2025-10-16,765.1,780.85,763.5,780.1,4180590.0
HINDALCO,2025-10-17,780.0,781.95,766.0,772.8,3254932.0
HINDALCO,2025-10-20,774.3,789.45,772.05,786.35,4845432.0
HINDALCO,2025-10-21,791.0,791.95,782.5,784.95,457667.0
HINDALCO,2025-10-23,791.5,799.85,784.0,792.4,5916416.0
HINDALCO,2025-10-24,811.35,826.5,811.35,824.45,16905398.0
HINDALCO,2025-10-27,834.9,845.1,827.0,840.85,7308067.0
HINDALCO,2025-10-28,838.0,859.9,837.0,848.95,8010504.0
HINDALCO,2025-10-29,854.0,858.85,849.55,856.25,5663683.0
HINDALCO,2025-10-30,852.1,864.0,848.1,861.35,4704178.0
HINDALCO,2025-10-31,856.95,860.6,845.7,847.85,4138495.0
HINDALCO,2025-11-03,847.85,856.0,842.6,847.2,4885067.0
HINDALCO,2025-11-04,841.55,847.0,829.25,831.4,4673187.0
HINDALCO,2025-11-06,788.0,795.0,770.15,788.4,34786635.0
HINDALCO,2025-11-07,788.5,802.6,783.0,790.4,13189011.0
HINDALCO,2025-11-10,792.0,799.9,783.85,785.2,5914226.0
HINDALCO,2025-11-11,790.8,794.7,778.1,793.75,5411465.0
HINDALCO,2025-11-12,798.0,809.0,791.75,794.4,7589035.0
HINDALCO,2025-11-13,803.0,816.5,799.0,811.95,5854638.0
HINDALCO,2025-11-14,807.0,812.5,796.0,803.65,4113598.0
HINDALCO,2025-11-17,801.0,809.0,799.75,807.15,2770547.0
HINDALCO,2025-11-18,804.5,804.5,788.35,797.15,7299555.0
HINDALCO,2025-11-19,797.15,798.8,790.0,790.95,3005726.0
HINDALCO,2025-11-20,799.8,802.65,789.3,799.8,6016713.0
HINDALCO,2025-11-21,786.0,787.0,776.25,777.7,5099356.0
HINDALCO,2025-11-24,782.85,788.1,771.85,774.65,5666985.0
HINDALCO,2025-11-25,777.95,791.75,772.65,789.35,6090783.0
HINDALCO,2025-11-26,790.15,803.0,787.2,800.8,3842280.0
HINDALCO,2025-11-27,807.9,813.95,800.45,807.55,4481695.0
HINDALCO,2025-11-28,812.2,815.0,807.2,808.4,3200488.0
HINDALCO,2025-12-01,817.95,817.95,808.2,810.8,2064678.0
HINDALCO,2025-12-02,811.0,813.5,802.6,806.85,4237151.0
HINDALCO,2025-12-03,810.8,819.6,800.95,816.3,4948661.0
HINDALCO,2025-12-04,824.0,826.25,809.0,810.8,3381601.0
HINDALCO,2025-12-05,811.55,831.9,808.0,823.25,4273147.0
HINDALCO,2025-12-08,825.8,833.5,817.25,819.45,4354685.0
HINDALCO,2025-12-09,819.0,819.4,803.1,812.9,3394966.0
HINDALCO,2025-12-10,816.05,831.75,813.6,821.75,5280811.0
HINDALCO,2025-12-11,826.0,830.9,821.15,824.35,3098584.0
HINDALCO,2025-12-12,830.8,855.0,830.6,852.1,8178645.0
HINDALCO,2025-12-15,851.95,856.25,845.3,847.85,2521938.0
HINDALCO,2025-12-16,845.0,845.0,831.15,837.15,2713249.0
HINDALCO,2025-12-17,844.05,851.9,840.1,848.8,3270389.0
HINDALCO,2025-12-18,850.0,861.95,847.5,856.7,4174631.0
HINDALCO,2025-12-19,858.0,864.4,847.55,852.0,4939377.0
HINDALCO,2025-12-22,860.0,872.35,857.25,864.55,4865457.0
HINDALCO,2025-12-23,871.0,871.8,860.85,863.85,5452783.0
HINDALCO,2025-12-24,865.95,882.3,862.15,864.45,3683590.0
HINDALCO,2025-12-26,865.25,874.75,861.0,872.9,2334952.0
HINDALCO,2025-12-29,886.0,887.45,860.9,865.0,9836341.0
HINDALCO,2025-12-30,868.0,888.3,863.85,884.15,15280248.0
HINDALCO,2025-12-31,886.4,890.0,879.45,886.7,3539118.0
HINDALCO,2026-01-01,888.1,895.95,882.45,894.95,2566505.0
HINDALCO,2026-01-02,898.0,927.3,896.55,925.7,5357771.0
HINDALCO,2026-01-05,932.5,937.9,925.85,931.7,5278463.0
HINDALCO,2026-01-06,936.0,970.8,936.0,942.25,10369133.0
HINDALCO,2026-01-07,951.05,954.6,935.1,938.45,6555117.0
HINDALCO,2026-01-08,934.05,934.2,898.6,903.95,6266789.0
HINDALCO,2026-01-09,902.0,908.45,894.0,900.95,4320582.0
HINDALCO,2026-01-12,909.95,921.95,897.0,920.15,6884726.0
HINDALCO,2026-01-13,927.4,937.9,922.95,936.3,6868939.0
HINDALCO,2026-01-14,941.0,959.0,936.75,955.35,7050653.0
HINDALCO,2026-01-16,966.5,966.5,930.0,934.65,4037987.0
HINDALCO,2026-01-19,938.5,946.8,928.45,939.95,4007683.0
HINDALCO,2026-01-20,944.5,949.85,925.7,928.1,5709976.0
HINDALCO,2026-01-21,928.75,944.15,926.4,939.2,5590031.0
HINDALCO,2026-01-22,945.0,951.4,934.15,944.45,6165965.0
HINDALCO,2026-01-23,955.0,963.9,948.5,950.3,5958887.0
HINDALCO,2026-01-27,985.0,985.0,950.75,961.85,10009735.0
HINDALCO,2026-01-28,971.05,1007.9,963.05,998.2,12615677.0
HINDALCO,2026-01-29,1010.25,1029.8,1008.55,1024.05,14615261.0
HINDALCO,2026-01-30,1000.0,1000.0,955.55,962.6,11977092.0
HINDALCO,2026-02-01,920.0,936.5,866.35,908.2,8740180.0
HINDALCO,2026-02-02,905.7,936.75,897.5,930.5,9659915.0
HINDALCO,2026-02-03,950.0,972.55,945.2,955.3,10099249.0
HINDALCO,2026-02-04,958.95,970.8,955.45,964.95,4388355.0
HINDALCO,2026-02-05,943.15,943.15,923.7,935.45,4580529.0
HINDALCO,2026-02-06,926.0,944.0,922.0,942.55,3830296.0
HINDALCO,2026-02-09,960.5,970.7,948.3,964.25,5294536.0
HINDALCO,2026-02-10,970.25,976.65,955.0,968.9,4101779.0
HINDALCO,2026-02-11,970.0,972.0,950.15,965.95,6275356.0
HINDALCO,2026-02-12,950.0,966.55,943.95,964.4,4557796.0
HINDALCO,2026-02-13,923.55,932.65,901.0,909.0,10170485.0
HINDALCO,2026-02-16,895.0,910.3,889.5,907.45,6943209.0
HINDALCO,2026-02-17,892.9,898.9,881.0,890.1,7099432.0
HINDALCO,2026-02-18,893.0,907.0,891.35,899.25,3909665.0
HINDALCO,2026-02-19,910.6,920.5,900.3,905.65,3522571.0
HINDALCO,2026-02-20,907.5,937.7,901.1,935.7,5855696.0
HINDALCO,2026-02-23,946.9,946.9,907.65,916.2,4932242.0
HINDALCO,2026-02-24,920.5,927.0,908.05,922.85,5179022.0
HINDALCO,2026-02-25,936.0,946.0,928.5,937.4,5288850.0
HINDALCO,2026-02-26,942.0,943.1,931.2,941.3,3075442.0
HINDALCO,2026-02-27,938.95,943.35,922.6,924.7,5418634.0
HINDALCO,2026-03-02,901.1,945.4,896.1,940.0,5573300.0
HINDALCO,2026-03-04,928.0,945.5,912.0,921.8,7575786.0
HINDALCO,2026-03-05,930.0,983.5,926.4,954.95,16533658.0
HINDALCO,2026-03-06,955.0,971.65,943.15,958.9,8295000.0
HINDALCO,2026-03-09,940.0,956.25,925.25,945.35,7016889.0
HINDALCO,2026-03-10,956.0,959.75,933.35,956.6,4839199.0
HINDALCO,2026-03-11,959.95,978.9,952.5,959.1,4456510.0
HINDALCO,2026-03-12,968.0,972.0,934.45,969.75,4664967.0
HINDALCO,2026-03-13,967.0,968.15,904.3,910.05,10347187.0
HINDALCO,2026-03-16,906.85,943.15,901.3,921.15,10755610.0
HINDALCO,2026-03-17,928.9,942.0,916.35,936.65,4862641.0
HINDALCO,2026-03-18,932.9,938.4,923.0,933.05,3906519.0
HINDALCO,2026-03-19,912.0,933.05,892.15,897.05,4733569.0
HINDALCO,2026-03-20,884.95,907.5,870.0,874.25,10063637.0
HINDALCO,2026-03-23,855.0,857.35,835.95,840.25,11372786.0
HINDALCO,2026-03-24,849.0,864.5,843.5,854.65,3526970.0
HINDALCO,2026-03-25,866.0,874.8,862.3,868.65,4491373.0
HINDALCO,2026-03-27,860.0,872.95,854.75,866.7,4104597.0
HINDALCO,2026-03-30,876.0,913.0,876.0,884.45,12727309.0
HINDALCO,2026-04-01,909.0,922.5,900.1,904.6,7777034.0
HINDALCO,2026-04-02,898.95,920.95,884.8,916.25,7698211.0
HINDALCO,2026-04-06,917.2,935.75,917.2,927.45,5555538.0
HINDALCO,2026-04-07,933.95,964.9,932.95,954.5,11877733.0
HINDALCO,2026-04-08,975.0,977.0,947.35,951.8,8174489.0
HINDALCO,2026-04-09,959.0,989.85,952.25,985.65,9386595.0
HINDALCO,2026-04-10,995.35,995.55,978.65,992.1,6013190.0
HINDALCO,2026-04-13,978.05,988.6,965.6,978.25,4754347.0
HINDALCO,2026-04-15,1036.0,1038.0,1002.1,1011.45,11075349.0
HINDALCO,2026-04-16,1016.9,1048.7,1013.0,1039.9,10942179.0
HINDALCO,2026-04-17,1036.5,1040.75,1025.0,1039.0,4301884.0
HINDALCO,2026-04-20,1031.0,1034.0,1011.4,1015.25,4286182.0
HINDALCO,2026-04-21,1018.0,1023.2,1011.4,1021.65,3002043.0
HINDALCO,2026-04-22,1030.0,1043.35,1017.0,1039.9,4474181.0
HINDALCO,2026-04-23,1039.75,1049.0,1031.15,1041.35,4370028.0
HINDALCO,2026-04-24,1031.0,1054.0,1027.55,1048.35,4526003.0
HINDALCO,2026-04-27,1058.35,1066.5,1052.0,1061.8,4241483.0
HINDALCO,2026-04-28,1060.0,1079.7,1055.15,1074.3,7798496.0
HINDALCO,2026-04-29,1078.0,1080.0,1053.0,1067.2,3710080.0
HINDALCO,2026-04-30,1058.5,1063.85,1030.4,1038.0,4392857.0
HINDALCO,2026-05-04,1043.3,1049.4,1034.5,1042.7,3349359.0
HINDALCO,2026-05-05,1036.3,1059.0,1031.1,1054.7,4580696.0
HINDALCO,2026-05-06,1067.8,1073.7,1042.4,1045.8,5336857.0
HINDALCO,2026-05-07,1048.0,1060.9,1036.6,1055.7,4290514.0
HINDALCO,2026-05-08,1048.4,1058.0,1035.3,1044.4,3065690.0
HINDALCO,2026-05-11,1031.1,1042.4,1022.1,1023.5,3746752.0
HINDALCO,2026-05-12,1027.2,1054.6,1025.0,1041.4,4323348.0
HINDALCO,2026-05-13,1048.0,1082.4,1047.0,1073.1,5341453.0
HINDALCO,2026-05-14,1083.9,1105.0,1080.9,1103.3,4920811.0
HINDALCO,2026-05-15,1101.2,1101.2,1057.6,1067.5,6800905.0
HINDALCO,2026-05-18,1050.0,1060.0,1044.0,1053.1,4023849.0
HINDALCO,2026-05-19,1052.5,1053.4,1037.1,1048.3,3674289.0
HINDALCO,2026-05-20,1038.4,1090.0,1038.4,1085.5,11945517.0
HINDALCO,2026-05-21,1098.7,1110.9,1089.3,1099.3,4584559.0
HINDALCO,2026-05-22,1099.0,1115.0,1092.8,1109.2,4136312.0
HINDALCO,2026-05-25,1110.0,1119.8,1081.2,1099.6,7677225.0
HINDALCO,2026-05-26,1102.0,1118.0,1094.6,1103.8,5880899.0
